ISO-10303-21;
HEADER;
FILE_DESCRIPTION(('Open CASCADE Model'),'2;1');
FILE_NAME('Open CASCADE Shape Model','2026-09-25T22:14:50',('Author'),(
    'Open CASCADE'),'Open CASCADE STEP processor 8.0','build123d',
  'Unknown');
FILE_SCHEMA(('AUTOMOTIVE_DESIGN { 1 0 10303 214 1 1 1 1 }'));
ENDSEC;
DATA;
#1 = APPLICATION_PROTOCOL_DEFINITION('international standard',
  'automotive_design',2000,#2);
#2 = APPLICATION_CONTEXT(
  'core data for automotive mechanical design processes');
#3 = SHAPE_DEFINITION_REPRESENTATION(#4,#10);
#4 = PRODUCT_DEFINITION_SHAPE('','',#5);
#5 = PRODUCT_DEFINITION('design','',#6,#9);
#6 = PRODUCT_DEFINITION_FORMATION('','',#7);
#7 = PRODUCT('COMPOUND','COMPOUND','',(#8));
#8 = PRODUCT_CONTEXT('',#2,'mechanical');
#9 = PRODUCT_DEFINITION_CONTEXT('part definition',#2,'design');
#10 = SHAPE_REPRESENTATION('',(#11,#15,#19,#23,#27,#31,#35),#39);
#11 = AXIS2_PLACEMENT_3D('',#12,#13,#14);
#12 = CARTESIAN_POINT('',(0.,0.,0.));
#13 = DIRECTION('',(0.,0.,1.));
#14 = DIRECTION('',(1.,0.,-0.));
#15 = AXIS2_PLACEMENT_3D('',#16,#17,#18);
#16 = CARTESIAN_POINT('',(0.,0.,0.));
#17 = DIRECTION('',(0.,0.,1.));
#18 = DIRECTION('',(1.,0.,-0.));
#19 = AXIS2_PLACEMENT_3D('',#20,#21,#22);
#20 = CARTESIAN_POINT('',(-1.25E+03,950.,900.));
#21 = DIRECTION('',(0.,0.,1.));
#22 = DIRECTION('',(1.,0.,-0.));
#23 = AXIS2_PLACEMENT_3D('',#24,#25,#26);
#24 = CARTESIAN_POINT('',(-1.29E+03,820.,880.));
#25 = DIRECTION('',(0.,0.,1.));
#26 = DIRECTION('',(1.,0.,-0.));
#27 = AXIS2_PLACEMENT_3D('',#28,#29,#30);
#28 = CARTESIAN_POINT('',(0.,0.,0.));
#29 = DIRECTION('',(0.,0.,1.));
#30 = DIRECTION('',(1.,0.,-0.));
#31 = AXIS2_PLACEMENT_3D('',#32,#33,#34);
#32 = CARTESIAN_POINT('',(0.,0.,0.));
#33 = DIRECTION('',(0.,0.,1.));
#34 = DIRECTION('',(1.,0.,-0.));
#35 = AXIS2_PLACEMENT_3D('',#36,#37,#38);
#36 = CARTESIAN_POINT('',(0.,0.,0.));
#37 = DIRECTION('',(0.,0.,1.));
#38 = DIRECTION('',(1.,0.,-0.));
#39 = ( GEOMETRIC_REPRESENTATION_CONTEXT(3) 
GLOBAL_UNCERTAINTY_ASSIGNED_CONTEXT((#43)) GLOBAL_UNIT_ASSIGNED_CONTEXT(
(#40,#41,#42)) REPRESENTATION_CONTEXT('Context #1',
  '3D Context with UNIT and UNCERTAINTY') );
#40 = ( LENGTH_UNIT() NAMED_UNIT(*) SI_UNIT(.MILLI.,.METRE.) );
#41 = ( NAMED_UNIT(*) PLANE_ANGLE_UNIT() SI_UNIT($,.RADIAN.) );
#42 = ( NAMED_UNIT(*) SI_UNIT($,.STERADIAN.) SOLID_ANGLE_UNIT() );
#43 = UNCERTAINTY_MEASURE_WITH_UNIT(LENGTH_MEASURE(2.E-07),#40,
  'distance_accuracy_value','confusion accuracy');
#44 = PRODUCT_RELATED_PRODUCT_CATEGORY('part',$,(#7));
#45 = SHAPE_DEFINITION_REPRESENTATION(#46,#52);
#46 = PRODUCT_DEFINITION_SHAPE('','',#47);
#47 = PRODUCT_DEFINITION('design','',#48,#51);
#48 = PRODUCT_DEFINITION_FORMATION('','',#49);
#49 = PRODUCT('COMPOUND','COMPOUND','',(#50));
#50 = PRODUCT_CONTEXT('',#2,'mechanical');
#51 = PRODUCT_DEFINITION_CONTEXT('part definition',#2,'design');
#52 = ADVANCED_BREP_SHAPE_REPRESENTATION('',(#11,#53),#1051);
#53 = MANIFOLD_SOLID_BREP('',#54);
#54 = CLOSED_SHELL('',(#55,#350,#354,#358,#598,#684,#719,#749,#992,#1047
    ));
#55 = ADVANCED_FACE('',(#56,#143),#70,.T.);
#56 = FACE_BOUND('',#57,.T.);
#57 = EDGE_LOOP('',(#58,#88,#115,#116));
#58 = ORIENTED_EDGE('',*,*,#59,.T.);
#59 = EDGE_CURVE('',#60,#62,#64,.T.);
#60 = VERTEX_POINT('',#61);
#61 = CARTESIAN_POINT('',(-850.,800.,0.));
#62 = VERTEX_POINT('',#63);
#63 = CARTESIAN_POINT('',(-850.,800.,700.));
#64 = SEAM_CURVE('',#65,(#69,#81),.PCURVE_S1.);
#65 = LINE('',#66,#67);
#66 = CARTESIAN_POINT('',(-850.,800.,0.));
#67 = VECTOR('',#68,1.);
#68 = DIRECTION('',(0.,0.,1.));
#69 = PCURVE('',#70,#75);
#70 = CYLINDRICAL_SURFACE('',#71,270.);
#71 = AXIS2_PLACEMENT_3D('',#72,#73,#74);
#72 = CARTESIAN_POINT('',(-1.12E+03,800.,0.));
#73 = DIRECTION('',(0.,0.,1.));
#74 = DIRECTION('',(1.,0.,-0.));
#75 = DEFINITIONAL_REPRESENTATION('',(#76),#80);
#76 = LINE('',#77,#78);
#77 = CARTESIAN_POINT('',(6.28318530718,-0.));
#78 = VECTOR('',#79,1.);
#79 = DIRECTION('',(0.,1.));
#80 = ( GEOMETRIC_REPRESENTATION_CONTEXT(2) 
PARAMETRIC_REPRESENTATION_CONTEXT() REPRESENTATION_CONTEXT('2D SPACE',''
  ) );
#81 = PCURVE('',#70,#82);
#82 = DEFINITIONAL_REPRESENTATION('',(#83),#87);
#83 = LINE('',#84,#85);
#84 = CARTESIAN_POINT('',(0.,-0.));
#85 = VECTOR('',#86,1.);
#86 = DIRECTION('',(0.,1.));
#87 = ( GEOMETRIC_REPRESENTATION_CONTEXT(2) 
PARAMETRIC_REPRESENTATION_CONTEXT() REPRESENTATION_CONTEXT('2D SPACE',''
  ) );
#88 = ORIENTED_EDGE('',*,*,#89,.F.);
#89 = EDGE_CURVE('',#62,#62,#90,.T.);
#90 = SURFACE_CURVE('',#91,(#96,#103),.PCURVE_S1.);
#91 = CIRCLE('',#92,270.);
#92 = AXIS2_PLACEMENT_3D('',#93,#94,#95);
#93 = CARTESIAN_POINT('',(-1.12E+03,800.,700.));
#94 = DIRECTION('',(0.,0.,1.));
#95 = DIRECTION('',(1.,0.,-0.));
#96 = PCURVE('',#70,#97);
#97 = DEFINITIONAL_REPRESENTATION('',(#98),#102);
#98 = LINE('',#99,#100);
#99 = CARTESIAN_POINT('',(0.,700.));
#100 = VECTOR('',#101,1.);
#101 = DIRECTION('',(1.,0.));
#102 = ( GEOMETRIC_REPRESENTATION_CONTEXT(2) 
PARAMETRIC_REPRESENTATION_CONTEXT() REPRESENTATION_CONTEXT('2D SPACE',''
  ) );
#103 = PCURVE('',#104,#109);
#104 = PLANE('',#105);
#105 = AXIS2_PLACEMENT_3D('',#106,#107,#108);
#106 = CARTESIAN_POINT('',(-1.12E+03,800.,700.));
#107 = DIRECTION('',(0.,0.,1.));
#108 = DIRECTION('',(1.,0.,-0.));
#109 = DEFINITIONAL_REPRESENTATION('',(#110),#114);
#110 = CIRCLE('',#111,270.);
#111 = AXIS2_PLACEMENT_2D('',#112,#113);
#112 = CARTESIAN_POINT('',(0.,0.));
#113 = DIRECTION('',(1.,0.));
#114 = ( GEOMETRIC_REPRESENTATION_CONTEXT(2) 
PARAMETRIC_REPRESENTATION_CONTEXT() REPRESENTATION_CONTEXT('2D SPACE',''
  ) );
#115 = ORIENTED_EDGE('',*,*,#59,.F.);
#116 = ORIENTED_EDGE('',*,*,#117,.T.);
#117 = EDGE_CURVE('',#60,#60,#118,.T.);
#118 = SURFACE_CURVE('',#119,(#124,#131),.PCURVE_S1.);
#119 = CIRCLE('',#120,270.);
#120 = AXIS2_PLACEMENT_3D('',#121,#122,#123);
#121 = CARTESIAN_POINT('',(-1.12E+03,800.,0.));
#122 = DIRECTION('',(0.,0.,1.));
#123 = DIRECTION('',(1.,0.,-0.));
#124 = PCURVE('',#70,#125);
#125 = DEFINITIONAL_REPRESENTATION('',(#126),#130);
#126 = LINE('',#127,#128);
#127 = CARTESIAN_POINT('',(0.,0.));
#128 = VECTOR('',#129,1.);
#129 = DIRECTION('',(1.,0.));
#130 = ( GEOMETRIC_REPRESENTATION_CONTEXT(2) 
PARAMETRIC_REPRESENTATION_CONTEXT() REPRESENTATION_CONTEXT('2D SPACE',''
  ) );
#131 = PCURVE('',#132,#137);
#132 = PLANE('',#133);
#133 = AXIS2_PLACEMENT_3D('',#134,#135,#136);
#134 = CARTESIAN_POINT('',(-1.12E+03,800.,0.));
#135 = DIRECTION('',(0.,0.,1.));
#136 = DIRECTION('',(1.,0.,-0.));
#137 = DEFINITIONAL_REPRESENTATION('',(#138),#142);
#138 = CIRCLE('',#139,270.);
#139 = AXIS2_PLACEMENT_2D('',#140,#141);
#140 = CARTESIAN_POINT('',(0.,0.));
#141 = DIRECTION('',(1.,0.));
#142 = ( GEOMETRIC_REPRESENTATION_CONTEXT(2) 
PARAMETRIC_REPRESENTATION_CONTEXT() REPRESENTATION_CONTEXT('2D SPACE',''
  ) );
#143 = FACE_BOUND('',#144,.T.);
#144 = EDGE_LOOP('',(#145));
#145 = ORIENTED_EDGE('',*,*,#146,.F.);
#146 = EDGE_CURVE('',#147,#147,#149,.T.);
#147 = VERTEX_POINT('',#148);
#148 = CARTESIAN_POINT('',(-1.30662904396E+03,995.11432533416,420.));
#149 = SURFACE_CURVE('',#150,(#213,#279),.PCURVE_S1.);
#150 = B_SPLINE_CURVE_WITH_KNOTS('',7,(#151,#152,#153,#154,#155,#156,
    #157,#158,#159,#160,#161,#162,#163,#164,#165,#166,#167,#168,#169,
    #170,#171,#172,#173,#174,#175,#176,#177,#178,#179,#180,#181,#182,
    #183,#184,#185,#186,#187,#188,#189,#190,#191,#192,#193,#194,#195,
    #196,#197,#198,#199,#200,#201,#202,#203,#204,#205,#206,#207,#208,
    #209,#210,#211,#212),.UNSPECIFIED.,.T.,.F.,(8,6,6,6,6,6,6,6,6,6,8),(
    0.,0.129869605191,0.21857677374,0.298364063559,0.404657666386,
    0.499481022087,0.629667312227,0.718590790946,0.798572639391,
    0.8915632833,1.),.UNSPECIFIED.);
#151 = CARTESIAN_POINT('',(-1.30662904396E+03,995.11432533416,420.));
#152 = CARTESIAN_POINT('',(-1.30662904396E+03,995.11432533416,
    419.39709395824));
#153 = CARTESIAN_POINT('',(-1.306680133095E+03,995.06545796752,
    418.79503403074));
#154 = CARTESIAN_POINT('',(-1.306782052098E+03,994.96797146748,
    418.19796346879));
#155 = CARTESIAN_POINT('',(-1.30693615128E+03,994.8204120943,
    417.61040972216));
#156 = CARTESIAN_POINT('',(-1.307144945021E+03,994.62005803849,
    417.0387682872));
#157 = CARTESIAN_POINT('',(-1.307411763603E+03,994.36316349662,
    416.49222546948));
#158 = CARTESIAN_POINT('',(-1.307964030685E+03,993.82884312428,
    415.63890482651));
#159 = CARTESIAN_POINT('',(-1.308218519493E+03,993.58203963484,
    415.30833470056));
#160 = CARTESIAN_POINT('',(-1.308503655747E+03,993.30471161794,
    415.00104321062));
#161 = CARTESIAN_POINT('',(-1.308818870474E+03,992.99705699796,
    414.72485041155));
#162 = CARTESIAN_POINT('',(-1.309162741891E+03,992.66004719938,
    414.4878524298));
#163 = CARTESIAN_POINT('',(-1.309532901158E+03,992.29556678474,
    414.29850259758));
#164 = CARTESIAN_POINT('',(-1.310279261688E+03,991.55691014482,
    414.04640412478));
#165 = CARTESIAN_POINT('',(-1.310648027907E+03,991.19044735347,
    413.97388132443));
#166 = CARTESIAN_POINT('',(-1.311024171142E+03,990.81493351322,
    413.95494595915));
#167 = CARTESIAN_POINT('',(-1.311398962674E+03,990.43894517944,
    413.99197516285));
#168 = CARTESIAN_POINT('',(-1.311763749313E+03,990.07124993491,
    414.08305124802));
#169 = CARTESIAN_POINT('',(-1.31211066339E+03,989.72006863588,
    414.22201601462));
#170 = CARTESIAN_POINT('',(-1.312862894523E+03,988.95575980127,
    414.63365479883));
#171 = CARTESIAN_POINT('',(-1.313250483563E+03,988.55963611521,
    414.93604481378));
#172 = CARTESIAN_POINT('',(-1.313594629737E+03,988.20613454265,
    415.28979224759));
#173 = CARTESIAN_POINT('',(-1.313895847866E+03,987.89546643101,
    415.68232665602));
#174 = CARTESIAN_POINT('',(-1.314155532446E+03,987.6267681575,
    416.10346218955));
#175 = CARTESIAN_POINT('',(-1.314375489164E+03,987.39860798996,
    416.54489943652));
#176 = CARTESIAN_POINT('',(-1.314720261381E+03,987.04030253063,
    417.40599021448));
#177 = CARTESIAN_POINT('',(-1.314853421517E+03,986.90157295257,
    417.82445174604));
#178 = CARTESIAN_POINT('',(-1.314958509548E+03,986.79189664556,
    418.25167713525));
#179 = CARTESIAN_POINT('',(-1.31503658756E+03,986.71031610336,
    418.68488802102));
#180 = CARTESIAN_POINT('',(-1.315088400549E+03,986.65614746501,
    419.12190378299));
#181 = CARTESIAN_POINT('',(-1.315114325334E+03,986.62904395992,
    419.56086332507));
#182 = CARTESIAN_POINT('',(-1.315114325334E+03,986.62904395992,
    420.60290604725));
#183 = CARTESIAN_POINT('',(-1.31506545797E+03,986.6801330924,
    421.20496594812));
#184 = CARTESIAN_POINT('',(-1.314967971459E+03,986.78205210705,
    421.80203656863));
#185 = CARTESIAN_POINT('',(-1.314820412107E+03,986.93615126673,
    422.38959024125));
#186 = CARTESIAN_POINT('',(-1.314620058029E+03,987.14494503071,
    422.96123173243));
#187 = CARTESIAN_POINT('',(-1.3143631635E+03,987.41176359941,
    423.50777452574));
#188 = CARTESIAN_POINT('',(-1.313828843124E+03,987.96403068547,
    424.36109517348));
#189 = CARTESIAN_POINT('',(-1.313582039635E+03,988.21851949325,
    424.69166529943));
#190 = CARTESIAN_POINT('',(-1.313304711618E+03,988.50365574676,
    424.99895678937));
#191 = CARTESIAN_POINT('',(-1.312997056998E+03,988.81887047437,
    425.27514958844));
#192 = CARTESIAN_POINT('',(-1.312660047199E+03,989.16274189116,
    425.51214757019));
#193 = CARTESIAN_POINT('',(-1.312295566785E+03,989.53290115784,
    425.70149740241));
#194 = CARTESIAN_POINT('',(-1.311556910148E+03,990.27926168465,
    425.95359587425));
#195 = CARTESIAN_POINT('',(-1.311190447347E+03,990.6480279143,
    426.02611867606));
#196 = CARTESIAN_POINT('',(-1.310814933517E+03,991.02417113792,
    426.04505404208));
#197 = CARTESIAN_POINT('',(-1.310438945184E+03,991.3989626699,
    426.00802483661));
#198 = CARTESIAN_POINT('',(-1.310071249928E+03,991.76374931936,
    425.91694875033));
#199 = CARTESIAN_POINT('',(-1.309720068639E+03,992.11066338709,
    425.77798398679));
#200 = CARTESIAN_POINT('',(-1.309011329491E+03,992.8082029528,
    425.39627373045));
#201 = CARTESIAN_POINT('',(-1.308660775006E+03,993.15148489935,
    425.13965117292));
#202 = CARTESIAN_POINT('',(-1.3083423457E+03,993.46193092624,
    424.8420775337));
#203 = CARTESIAN_POINT('',(-1.308056548647E+03,993.73952574661,
    424.51227785629));
#204 = CARTESIAN_POINT('',(-1.307803149765E+03,993.9849008859,
    424.15766230499));
#205 = CARTESIAN_POINT('',(-1.307581437557E+03,994.19905957648,
    423.78458477978));
#206 = CARTESIAN_POINT('',(-1.307167500243E+03,994.59810548743,
    422.94814962991));
#207 = CARTESIAN_POINT('',(-1.30698520318E+03,994.77326931225,
    422.47789325349));
#208 = CARTESIAN_POINT('',(-1.306841595055E+03,994.91094066559,
    421.99410107754));
#209 = CARTESIAN_POINT('',(-1.306735059551E+03,995.01292004401,
    421.50132247026));
#210 = CARTESIAN_POINT('',(-1.306664410767E+03,995.08049666143,
    421.00292048557));
#211 = CARTESIAN_POINT('',(-1.30662904396E+03,995.11432533416,
    420.50163330234));
#212 = CARTESIAN_POINT('',(-1.30662904396E+03,995.11432533416,420.));
#213 = PCURVE('',#70,#214);
#214 = DEFINITIONAL_REPRESENTATION('',(#215),#278);
#215 = B_SPLINE_CURVE_WITH_KNOTS('',7,(#216,#217,#218,#219,#220,#221,
    #222,#223,#224,#225,#226,#227,#228,#229,#230,#231,#232,#233,#234,
    #235,#236,#237,#238,#239,#240,#241,#242,#243,#244,#245,#246,#247,
    #248,#249,#250,#251,#252,#253,#254,#255,#256,#257,#258,#259,#260,
    #261,#262,#263,#264,#265,#266,#267,#268,#269,#270,#271,#272,#273,
    #274,#275,#276,#277),.UNSPECIFIED.,.T.,.F.,(8,6,6,6,6,6,6,6,6,6,8),(
    0.,0.129869605191,0.21857677374,0.298364063559,0.404657666386,
    0.499481022087,0.629667312227,0.718590790946,0.798572639391,
    0.8915632833,1.),.UNSPECIFIED.);
#216 = CARTESIAN_POINT('',(2.333970438574,420.));
#217 = CARTESIAN_POINT('',(2.333970438574,419.39709395824));
#218 = CARTESIAN_POINT('',(2.334232280711,418.79503403074));
#219 = CARTESIAN_POINT('',(2.334754635603,418.19796346879));
#220 = CARTESIAN_POINT('',(2.335544838853,417.61040972216));
#221 = CARTESIAN_POINT('',(2.336616588515,417.0387682872));
#222 = CARTESIAN_POINT('',(2.337988390322,416.49222546948));
#223 = CARTESIAN_POINT('',(2.340834457546,415.63890482651));
#224 = CARTESIAN_POINT('',(2.342147452282,415.30833470056));
#225 = CARTESIAN_POINT('',(2.343620637295,415.00104321062));
#226 = CARTESIAN_POINT('',(2.345251993567,414.72485041155));
#227 = CARTESIAN_POINT('',(2.347035246293,414.4878524298));
#228 = CARTESIAN_POINT('',(2.348959255672,414.29850259758));
#229 = CARTESIAN_POINT('',(2.352848440267,414.04640412478));
#230 = CARTESIAN_POINT('',(2.354773947303,413.97388132443));
#231 = CARTESIAN_POINT('',(2.356742464463,413.95494595915));
#232 = CARTESIAN_POINT('',(2.358708684942,413.99197516285));
#233 = CARTESIAN_POINT('',(2.360626999571,414.08305124802));
#234 = CARTESIAN_POINT('',(2.362455282448,414.22201601462));
#235 = CARTESIAN_POINT('',(2.366427096158,414.63365479883));
#236 = CARTESIAN_POINT('',(2.368479685297,414.93604481378));
#237 = CARTESIAN_POINT('',(2.370306921064,415.28979224759));
#238 = CARTESIAN_POINT('',(2.371909585467,415.68232665602));
#239 = CARTESIAN_POINT('',(2.373293574193,416.10346218955));
#240 = CARTESIAN_POINT('',(2.374467349904,416.54489943652));
#241 = CARTESIAN_POINT('',(2.376308990952,417.40599021448));
#242 = CARTESIAN_POINT('',(2.377021195568,417.82445174604));
#243 = CARTESIAN_POINT('',(2.377583773036,418.25167713525));
#244 = CARTESIAN_POINT('',(2.378002005663,418.68488802102));
#245 = CARTESIAN_POINT('',(2.378279630971,419.12190378299));
#246 = CARTESIAN_POINT('',(2.378418541811,419.56086332507));
#247 = CARTESIAN_POINT('',(2.378418541811,420.60290604725));
#248 = CARTESIAN_POINT('',(2.378156699689,421.20496594812));
#249 = CARTESIAN_POINT('',(2.377634344735,421.80203656863));
#250 = CARTESIAN_POINT('',(2.376844141598,422.38959024125));
#251 = CARTESIAN_POINT('',(2.375772391821,422.96123173243));
#252 = CARTESIAN_POINT('',(2.374400590079,423.50777452574));
#253 = CARTESIAN_POINT('',(2.371554522839,424.36109517348));
#254 = CARTESIAN_POINT('',(2.370241528102,424.69166529943));
#255 = CARTESIAN_POINT('',(2.36876834309,424.99895678937));
#256 = CARTESIAN_POINT('',(2.367136986818,425.27514958844));
#257 = CARTESIAN_POINT('',(2.365353734092,425.51214757019));
#258 = CARTESIAN_POINT('',(2.363429724713,425.70149740241));
#259 = CARTESIAN_POINT('',(2.359540540132,425.95359587425));
#260 = CARTESIAN_POINT('',(2.357615033046,426.02611867606));
#261 = CARTESIAN_POINT('',(2.355646515943,426.04505404208));
#262 = CARTESIAN_POINT('',(2.353680295465,426.00802483661));
#263 = CARTESIAN_POINT('',(2.351761980779,425.91694875033));
#264 = CARTESIAN_POINT('',(2.349933697951,425.77798398679));
#265 = CARTESIAN_POINT('',(2.34625065814,425.39627373045));
#266 = CARTESIAN_POINT('',(2.344433466162,425.13965117292));
#267 = CARTESIAN_POINT('',(2.342786368699,424.8420775337));
#268 = CARTESIAN_POINT('',(2.341310741068,424.51227785629));
#269 = CARTESIAN_POINT('',(2.340004327403,424.15766230499));
#270 = CARTESIAN_POINT('',(2.338862648188,423.78458477978));
#271 = CARTESIAN_POINT('',(2.336733157889,422.94814962991));
#272 = CARTESIAN_POINT('',(2.335796813426,422.47789325349));
#273 = CARTESIAN_POINT('',(2.335060003063,421.99410107754));
#274 = CARTESIAN_POINT('',(2.334513790163,421.50132247026));
#275 = CARTESIAN_POINT('',(2.334151700363,421.00292048557));
#276 = CARTESIAN_POINT('',(2.333970438574,420.50163330234));
#277 = CARTESIAN_POINT('',(2.333970438574,420.));
#278 = ( GEOMETRIC_REPRESENTATION_CONTEXT(2) 
PARAMETRIC_REPRESENTATION_CONTEXT() REPRESENTATION_CONTEXT('2D SPACE',''
  ) );
#279 = PCURVE('',#280,#285);
#280 = CYLINDRICAL_SURFACE('',#281,6.);
#281 = AXIS2_PLACEMENT_3D('',#282,#283,#284);
#282 = CARTESIAN_POINT('',(-1.309E+03,989.,420.));
#283 = DIRECTION('',(-0.707106781187,0.707106781187,0.));
#284 = DIRECTION('',(0.707106781187,0.707106781187,0.));
#285 = DEFINITIONAL_REPRESENTATION('',(#286),#349);
#286 = B_SPLINE_CURVE_WITH_KNOTS('',7,(#287,#288,#289,#290,#291,#292,
    #293,#294,#295,#296,#297,#298,#299,#300,#301,#302,#303,#304,#305,
    #306,#307,#308,#309,#310,#311,#312,#313,#314,#315,#316,#317,#318,
    #319,#320,#321,#322,#323,#324,#325,#326,#327,#328,#329,#330,#331,
    #332,#333,#334,#335,#336,#337,#338,#339,#340,#341,#342,#343,#344,
    #345,#346,#347,#348),.UNSPECIFIED.,.F.,.F.,(8,6,6,6,6,6,6,6,6,6,8),(
    0.,0.129869605191,0.21857677374,0.298364063559,0.404657666386,
    0.499481022087,0.629667312227,0.718590790946,0.798572639391,
    0.8915632833,1.),.UNSPECIFIED.);
#287 = CARTESIAN_POINT('',(0.,2.646961812333));
#288 = CARTESIAN_POINT('',(0.100484340293,2.646961812333));
#289 = CARTESIAN_POINT('',(0.20082748112,2.648532839998));
#290 = CARTESIAN_POINT('',(0.301997304252,2.65166709274));
#291 = CARTESIAN_POINT('',(0.404871494651,2.656291435649));
#292 = CARTESIAN_POINT('',(0.51033772719,2.662259194802));
#293 = CARTESIAN_POINT('',(0.619330277598,2.669276550281));
#294 = CARTESIAN_POINT('',(0.810706308601,2.681966791066));
#295 = CARTESIAN_POINT('',(0.891181075764,2.687401131778));
#296 = CARTESIAN_POINT('',(0.974360109454,2.692922388836));
#297 = CARTESIAN_POINT('',(1.060232896143,2.698268192206));
#298 = CARTESIAN_POINT('',(1.148867304027,2.703120088974));
#299 = CARTESIAN_POINT('',(1.240420858796,2.707135643762));
#300 = CARTESIAN_POINT('',(1.420404780684,2.71258311644));
#301 = CARTESIAN_POINT('',(1.507479787873,2.714211886441));
#302 = CARTESIAN_POINT('',(1.595364348126,2.714656935345));
#303 = CARTESIAN_POINT('',(1.683189147641,2.713810668815));
#304 = CARTESIAN_POINT('',(1.770122831481,2.711753973885));
#305 = CARTESIAN_POINT('',(1.855229712783,2.708736592188));
#306 = CARTESIAN_POINT('',(2.046671118525,2.700196367775));
#307 = CARTESIAN_POINT('',(2.150959288582,2.694161461787));
#308 = CARTESIAN_POINT('',(2.250980328131,2.687546195665));
#309 = CARTESIAN_POINT('',(2.347268984151,2.680864048888));
#310 = CARTESIAN_POINT('',(2.440288451723,2.674490405222));
#311 = CARTESIAN_POINT('',(2.530409733714,2.668689690606));
#312 = CARTESIAN_POINT('',(2.696126731199,2.659120243012));
#313 = CARTESIAN_POINT('',(2.772547971599,2.655182052519));
#314 = CARTESIAN_POINT('',(2.847645854969,2.651937651395));
#315 = CARTESIAN_POINT('',(2.921767565567,2.649460988708));
#316 = CARTESIAN_POINT('',(2.995243039757,2.647795293465));
#317 = CARTESIAN_POINT('',(3.068403207768,2.646961812333));
#318 = CARTESIAN_POINT('',(3.242076994799,2.646961812333));
#319 = CARTESIAN_POINT('',(3.342420130978,2.648532839929));
#320 = CARTESIAN_POINT('',(3.443589964785,2.651667092961));
#321 = CARTESIAN_POINT('',(3.546464141104,2.656291435339));
#322 = CARTESIAN_POINT('',(3.651930384845,2.662259195023));
#323 = CARTESIAN_POINT('',(3.760922930117,2.66927655021));
#324 = CARTESIAN_POINT('',(3.952298962191,2.681966791065));
#325 = CARTESIAN_POINT('',(4.032773729353,2.687401131778));
#326 = CARTESIAN_POINT('',(4.115952763044,2.692922388836));
#327 = CARTESIAN_POINT('',(4.201825549733,2.698268192206));
#328 = CARTESIAN_POINT('',(4.290459957617,2.703120088974));
#329 = CARTESIAN_POINT('',(4.382013512386,2.707135643762));
#330 = CARTESIAN_POINT('',(4.561997433584,2.712583116419));
#331 = CARTESIAN_POINT('',(4.64907244312,2.714211886453));
#332 = CARTESIAN_POINT('',(4.736957000723,2.71465693537));
#333 = CARTESIAN_POINT('',(4.824781800216,2.713810668804));
#334 = CARTESIAN_POINT('',(4.911715486702,2.711753973851));
#335 = CARTESIAN_POINT('',(4.996822365712,2.708736592218));
#336 = CARTESIAN_POINT('',(5.174344870549,2.700817291668));
#337 = CARTESIAN_POINT('',(5.266011484461,2.695674830867));
#338 = CARTESIAN_POINT('',(5.354392979596,2.690029800193));
#339 = CARTESIAN_POINT('',(5.439837084117,2.684229945482));
#340 = CARTESIAN_POINT('',(5.522614913959,2.678556302945));
#341 = CARTESIAN_POINT('',(5.602954435288,2.673215159452));
#342 = CARTESIAN_POINT('',(5.772110397368,2.662685347109));
#343 = CARTESIAN_POINT('',(5.860563986899,2.657641385833));
#344 = CARTESIAN_POINT('',(5.947021538564,2.653443454777));
#345 = CARTESIAN_POINT('',(6.032011975478,2.650221787706));
#346 = CARTESIAN_POINT('',(6.11603123528,2.648049437229));
#347 = CARTESIAN_POINT('',(6.199579756789,2.646961812333));
#348 = CARTESIAN_POINT('',(6.28318530718,2.646961812333));
#349 = ( GEOMETRIC_REPRESENTATION_CONTEXT(2) 
PARAMETRIC_REPRESENTATION_CONTEXT() REPRESENTATION_CONTEXT('2D SPACE',''
  ) );
#350 = ADVANCED_FACE('',(#351),#132,.F.);
#351 = FACE_BOUND('',#352,.T.);
#352 = EDGE_LOOP('',(#353));
#353 = ORIENTED_EDGE('',*,*,#117,.F.);
#354 = ADVANCED_FACE('',(#355),#104,.T.);
#355 = FACE_BOUND('',#356,.T.);
#356 = EDGE_LOOP('',(#357));
#357 = ORIENTED_EDGE('',*,*,#89,.T.);
#358 = ADVANCED_FACE('',(#359),#280,.T.);
#359 = FACE_BOUND('',#360,.T.);
#360 = EDGE_LOOP('',(#361,#384,#596,#597));
#361 = ORIENTED_EDGE('',*,*,#362,.T.);
#362 = EDGE_CURVE('',#147,#363,#365,.T.);
#363 = VERTEX_POINT('',#364);
#364 = CARTESIAN_POINT('',(-1.307336324755E+03,995.82160612957,420.));
#365 = SEAM_CURVE('',#366,(#370,#377),.PCURVE_S1.);
#366 = LINE('',#367,#368);
#367 = CARTESIAN_POINT('',(-1.304757359313E+03,993.24264068711,420.));
#368 = VECTOR('',#369,1.);
#369 = DIRECTION('',(-0.707106781187,0.707106781187,0.));
#370 = PCURVE('',#280,#371);
#371 = DEFINITIONAL_REPRESENTATION('',(#372),#376);
#372 = LINE('',#373,#374);
#373 = CARTESIAN_POINT('',(6.28318530718,-0.));
#374 = VECTOR('',#375,1.);
#375 = DIRECTION('',(0.,1.));
#376 = ( GEOMETRIC_REPRESENTATION_CONTEXT(2) 
PARAMETRIC_REPRESENTATION_CONTEXT() REPRESENTATION_CONTEXT('2D SPACE',''
  ) );
#377 = PCURVE('',#280,#378);
#378 = DEFINITIONAL_REPRESENTATION('',(#379),#383);
#379 = LINE('',#380,#381);
#380 = CARTESIAN_POINT('',(0.,-0.));
#381 = VECTOR('',#382,1.);
#382 = DIRECTION('',(0.,1.));
#383 = ( GEOMETRIC_REPRESENTATION_CONTEXT(2) 
PARAMETRIC_REPRESENTATION_CONTEXT() REPRESENTATION_CONTEXT('2D SPACE',''
  ) );
#384 = ORIENTED_EDGE('',*,*,#385,.F.);
#385 = EDGE_CURVE('',#363,#363,#386,.T.);
#386 = SURFACE_CURVE('',#387,(#453,#522),.PCURVE_S1.);
#387 = B_SPLINE_CURVE_WITH_KNOTS('',8,(#388,#389,#390,#391,#392,#393,
    #394,#395,#396,#397,#398,#399,#400,#401,#402,#403,#404,#405,#406,
    #407,#408,#409,#410,#411,#412,#413,#414,#415,#416,#417,#418,#419,
    #420,#421,#422,#423,#424,#425,#426,#427,#428,#429,#430,#431,#432,
    #433,#434,#435,#436,#437,#438,#439,#440,#441,#442,#443,#444,#445,
    #446,#447,#448,#449,#450,#451,#452),.UNSPECIFIED.,.T.,.F.,(9,7,7,7,7
    ,7,7,7,7,9),(0.,0.129759146329,0.218390839213,0.298110273511,
    0.404313433533,0.499056150359,0.62913171657,0.728211385434,
    0.827852077696,1.),.UNSPECIFIED.);
#388 = CARTESIAN_POINT('',(-1.307336324755E+03,995.82160612957,420.));
#389 = CARTESIAN_POINT('',(-1.307336324755E+03,995.82160612957,
    419.47245733518));
#390 = CARTESIAN_POINT('',(-1.30737463851E+03,995.78495254828,
    418.94554927978));
#391 = CARTESIAN_POINT('',(-1.307451104002E+03,995.71180053353,
    418.42186526551));
#392 = CARTESIAN_POINT('',(-1.307566364063E+03,995.60145435501,
    417.90418699394));
#393 = CARTESIAN_POINT('',(-1.30772169939E+03,995.45253005802,
    417.39604458027));
#394 = CARTESIAN_POINT('',(-1.307918885812E+03,995.26307081986,
    416.90213286566));
#395 = CARTESIAN_POINT('',(-1.308160000468E+03,995.03069970305,
    416.42884949554));
#396 = CARTESIAN_POINT('',(-1.308643205304E+03,994.56314028071,
    415.68219374824));
#397 = CARTESIAN_POINT('',(-1.308862076111E+03,994.35091926525,
    415.39097718425));
#398 = CARTESIAN_POINT('',(-1.309103895969E+03,994.11587578319,
    415.11627742707));
#399 = CARTESIAN_POINT('',(-1.309368417098E+03,993.85803804073,
    414.86294668963));
#400 = CARTESIAN_POINT('',(-1.309654964542E+03,993.57782031146,
    414.6359760549));
#401 = CARTESIAN_POINT('',(-1.309962413456E+03,993.27605855601,
    414.44051489485));
#402 = CARTESIAN_POINT('',(-1.310289141074E+03,992.95407947026,
    414.28191229401));
#403 = CARTESIAN_POINT('',(-1.310942194003E+03,992.30774256956,
    414.06132616329));
#404 = CARTESIAN_POINT('',(-1.311262942694E+03,991.9891693949,
    413.99201202897));
#405 = CARTESIAN_POINT('',(-1.311590221947E+03,991.66285579428,
    413.96204673091));
#406 = CARTESIAN_POINT('',(-1.311918672055E+03,991.33404464619,
    413.97346056336));
#407 = CARTESIAN_POINT('',(-1.312242865896E+03,991.00816791055,
    414.02612867758));
#408 = CARTESIAN_POINT('',(-1.312557591379E+03,990.69056838877,
    414.11779239956));
#409 = CARTESIAN_POINT('',(-1.312858101534E+03,990.38622468499,
    414.24407864634));
#410 = CARTESIAN_POINT('',(-1.313516323315E+03,989.71747391368,
    414.60426260427));
#411 = CARTESIAN_POINT('',(-1.313860739921E+03,989.36582074617,
    414.86044726891));
#412 = CARTESIAN_POINT('',(-1.314172743293E+03,989.04586604169,
    415.15713692782));
#413 = CARTESIAN_POINT('',(-1.3144524224E+03,988.75798405459,
    415.48605945423));
#414 = CARTESIAN_POINT('',(-1.314700428165E+03,988.50190307694,
    415.84025253099));
#415 = CARTESIAN_POINT('',(-1.314917734397E+03,988.27694078826,
    416.2138215887));
#416 = CARTESIAN_POINT('',(-1.315105492146E+03,988.08216239667,
    416.60178709037));
#417 = CARTESIAN_POINT('',(-1.315407189695E+03,987.76866697255,
    417.35524152882));
#418 = CARTESIAN_POINT('',(-1.315527388296E+03,987.64351206539,
    417.71983650956));
#419 = CARTESIAN_POINT('',(-1.315626366209E+03,987.54028984582,
    418.09146779596));
#420 = CARTESIAN_POINT('',(-1.315704819624E+03,987.45837737998,
    418.46828276375));
#421 = CARTESIAN_POINT('',(-1.31576329335E+03,987.39727874803,
    418.84876908661));
#422 = CARTESIAN_POINT('',(-1.315802160914E+03,987.35665074718,
    419.23164377334));
#423 = CARTESIAN_POINT('',(-1.31582160613E+03,987.33632475533,
    419.61575546613));
#424 = CARTESIAN_POINT('',(-1.31582160613E+03,987.33632475533,
    420.52754266482));
#425 = CARTESIAN_POINT('',(-1.315784952548E+03,987.37463851039,
    421.05445072021));
#426 = CARTESIAN_POINT('',(-1.315711800534E+03,987.45110400196,
    421.57813473448));
#427 = CARTESIAN_POINT('',(-1.315601454355E+03,987.56636406288,
    422.09581300605));
#428 = CARTESIAN_POINT('',(-1.315452530058E+03,987.72169938986,
    422.60395541972));
#429 = CARTESIAN_POINT('',(-1.31526307082E+03,987.91888581168,
    423.09786713434));
#430 = CARTESIAN_POINT('',(-1.315030699703E+03,988.16000046795,
    423.57115050445));
#431 = CARTESIAN_POINT('',(-1.314541287905E+03,988.66578890087,
    424.35270278211));
#432 = CARTESIAN_POINT('',(-1.314301005352E+03,988.91355014745,
    424.67711672438));
#433 = CARTESIAN_POINT('',(-1.314031668043E+03,989.19051308215,
    424.98058547845));
#434 = CARTESIAN_POINT('',(-1.313733650553E+03,989.49597354062,
    425.25569774459));
#435 = CARTESIAN_POINT('',(-1.313408051477E+03,989.82844179862,
    425.49509990942));
#436 = CARTESIAN_POINT('',(-1.31305671726E+03,990.18564989857,
    425.69149454891));
#437 = CARTESIAN_POINT('',(-1.31268231919E+03,990.56451990941,
    425.83760843465));
#438 = CARTESIAN_POINT('',(-1.311892417921E+03,991.35991186493,
    426.01515289249));
#439 = CARTESIAN_POINT('',(-1.311486489683E+03,991.76677081696,
    426.04372660526));
#440 = CARTESIAN_POINT('',(-1.31107895025E+03,992.17321352089,
    426.00881233993));
#441 = CARTESIAN_POINT('',(-1.31067845664E+03,992.57058793118,
    425.91115019865));
#442 = CARTESIAN_POINT('',(-1.310293509261E+03,992.9506619036,
    425.75511183764));
#443 = CARTESIAN_POINT('',(-1.309931787681E+03,993.30622456096,
    425.54854984685));
#444 = CARTESIAN_POINT('',(-1.30959955454E+03,993.63156417068,
    425.30267886647));
#445 = CARTESIAN_POINT('',(-1.30878600329E+03,994.42572749929,
    424.56441550737));
#446 = CARTESIAN_POINT('',(-1.308355087373E+03,994.84331799342,
    424.00736644697));
#447 = CARTESIAN_POINT('',(-1.308006271544E+03,995.17949321218,
    423.39345776312));
#448 = CARTESIAN_POINT('',(-1.30773448745E+03,995.44045710369,
    422.74340954712));
#449 = CARTESIAN_POINT('',(-1.307534668184E+03,995.63185656527,
    422.0713578427));
#450 = CARTESIAN_POINT('',(-1.307402683019E+03,995.75812342515,
    421.38634515434));
#451 = CARTESIAN_POINT('',(-1.307336324755E+03,995.82160612957,
    420.69427213312));
#452 = CARTESIAN_POINT('',(-1.307336324755E+03,995.82160612957,420.));
#453 = PCURVE('',#280,#454);
#454 = DEFINITIONAL_REPRESENTATION('',(#455),#521);
#455 = B_SPLINE_CURVE_WITH_KNOTS('',8,(#456,#457,#458,#459,#460,#461,
    #462,#463,#464,#465,#466,#467,#468,#469,#470,#471,#472,#473,#474,
    #475,#476,#477,#478,#479,#480,#481,#482,#483,#484,#485,#486,#487,
    #488,#489,#490,#491,#492,#493,#494,#495,#496,#497,#498,#499,#500,
    #501,#502,#503,#504,#505,#506,#507,#508,#509,#510,#511,#512,#513,
    #514,#515,#516,#517,#518,#519,#520),.UNSPECIFIED.,.F.,.F.,(9,7,7,7,7
    ,7,7,7,7,9),(0.,0.129759146329,0.218390839213,0.298110273511,
    0.404313433533,0.499056150359,0.62913171657,0.728211385434,
    0.827852077696,1.),.UNSPECIFIED.);
#456 = CARTESIAN_POINT('',(0.,3.647207905606));
#457 = CARTESIAN_POINT('',(8.792377747008E-02,3.647207905606));
#458 = CARTESIAN_POINT('',(0.175741651228,3.648381825741));
#459 = CARTESIAN_POINT('',(0.264058564197,3.650724807671));
#460 = CARTESIAN_POINT('',(0.353434329901,3.654199447236));
#461 = CARTESIAN_POINT('',(0.444421258954,3.658732730021));
#462 = CARTESIAN_POINT('',(0.537585808456,3.664196673981));
#463 = CARTESIAN_POINT('',(0.633543741731,3.670379290028));
#464 = CARTESIAN_POINT('',(0.800997810283,3.681442268311));
#465 = CARTESIAN_POINT('',(0.87106239459,3.686144380645));
#466 = CARTESIAN_POINT('',(0.94316799592,3.690936002142));
#467 = CARTESIAN_POINT('',(1.017296538736,3.695661870056));
#468 = CARTESIAN_POINT('',(1.093470838579,3.700137654278));
#469 = CARTESIAN_POINT('',(1.17175572858,3.704159082606));
#470 = CARTESIAN_POINT('',(1.25226538871,3.707516802282));
#471 = CARTESIAN_POINT('',(1.409751296813,3.712265750991));
#472 = CARTESIAN_POINT('',(1.485711035729,3.713804073952));
#473 = CARTESIAN_POINT('',(1.562407629374,3.714486892998));
#474 = CARTESIAN_POINT('',(1.639276730046,3.714231598764));
#475 = CARTESIAN_POINT('',(1.715789253822,3.713041612622));
#476 = CARTESIAN_POINT('',(1.791399523863,3.711009360218));
#477 = CARTESIAN_POINT('',(1.865490410735,3.708298632119));
#478 = CARTESIAN_POINT('',(2.033001650876,3.700853511573));
#479 = CARTESIAN_POINT('',(2.124887233515,3.695736489977));
#480 = CARTESIAN_POINT('',(2.21347243167,3.690114048599));
#481 = CARTESIAN_POINT('',(2.299124659043,3.684313736463));
#482 = CARTESIAN_POINT('',(2.382151297049,3.678603699459));
#483 = CARTESIAN_POINT('',(2.462818790664,3.673190049654));
#484 = CARTESIAN_POINT('',(2.541357767803,3.668225705467));
#485 = CARTESIAN_POINT('',(2.68636014209,3.659883347783));
#486 = CARTESIAN_POINT('',(2.75344268818,3.656378710226));
#487 = CARTESIAN_POINT('',(2.819484180486,3.653377532317));
#488 = CARTESIAN_POINT('',(2.884706741933,3.650931614066));
#489 = CARTESIAN_POINT('',(2.949320894393,3.649075525198));
#490 = CARTESIAN_POINT('',(3.013533099197,3.647830708482));
#491 = CARTESIAN_POINT('',(3.077551897945,3.647207905606));
#492 = CARTESIAN_POINT('',(3.22951643106,3.647207905606));
#493 = CARTESIAN_POINT('',(3.317334304817,3.648381825741));
#494 = CARTESIAN_POINT('',(3.405651217788,3.650724807671));
#495 = CARTESIAN_POINT('',(3.495026983491,3.654199447236));
#496 = CARTESIAN_POINT('',(3.586013912543,3.658732730021));
#497 = CARTESIAN_POINT('',(3.679178462047,3.664196673982));
#498 = CARTESIAN_POINT('',(3.77513639532,3.670379290028));
#499 = CARTESIAN_POINT('',(3.950416782772,3.681959319922));
#500 = CARTESIAN_POINT('',(4.029084436532,3.687247554528));
#501 = CARTESIAN_POINT('',(4.11041339687,3.692639686296));
#502 = CARTESIAN_POINT('',(4.194279293725,3.697902659565));
#503 = CARTESIAN_POINT('',(4.280635430213,3.70275990505));
#504 = CARTESIAN_POINT('',(4.369506951105,3.706913367376));
#505 = CARTESIAN_POINT('',(4.460997640358,3.710075507105));
#506 = CARTESIAN_POINT('',(4.650155080601,3.71395800842));
#507 = CARTESIAN_POINT('',(4.745508463205,3.714616123108));
#508 = CARTESIAN_POINT('',(4.840646677111,3.713840617994));
#509 = CARTESIAN_POINT('',(4.934930089339,3.711635010947));
#510 = CARTESIAN_POINT('',(5.027701378817,3.708188992107));
#511 = CARTESIAN_POINT('',(5.118211420124,3.703833975973));
#512 = CARTESIAN_POINT('',(5.205523523933,3.698959513374));
#513 = CARTESIAN_POINT('',(5.431441765693,3.685250182667));
#514 = CARTESIAN_POINT('',(5.5658724413,3.675827685942));
#515 = CARTESIAN_POINT('',(5.693762746729,3.666889424578));
#516 = CARTESIAN_POINT('',(5.816563810708,3.659238386194));
#517 = CARTESIAN_POINT('',(5.935600555649,3.653284685083));
#518 = CARTESIAN_POINT('',(6.052127273545,3.649241232892));
#519 = CARTESIAN_POINT('',(6.167473284992,3.647207905606));
#520 = CARTESIAN_POINT('',(6.28318530718,3.647207905606));
#521 = ( GEOMETRIC_REPRESENTATION_CONTEXT(2) 
PARAMETRIC_REPRESENTATION_CONTEXT() REPRESENTATION_CONTEXT('2D SPACE',''
  ) );
#522 = PCURVE('',#523,#528);
#523 = CYLINDRICAL_SURFACE('',#524,271.);
#524 = AXIS2_PLACEMENT_3D('',#525,#526,#527);
#525 = CARTESIAN_POINT('',(-1.12E+03,800.,399.));
#526 = DIRECTION('',(0.,0.,1.));
#527 = DIRECTION('',(1.,0.,-0.));
#528 = DEFINITIONAL_REPRESENTATION('',(#529),#595);
#529 = B_SPLINE_CURVE_WITH_KNOTS('',8,(#530,#531,#532,#533,#534,#535,
    #536,#537,#538,#539,#540,#541,#542,#543,#544,#545,#546,#547,#548,
    #549,#550,#551,#552,#553,#554,#555,#556,#557,#558,#559,#560,#561,
    #562,#563,#564,#565,#566,#567,#568,#569,#570,#571,#572,#573,#574,
    #575,#576,#577,#578,#579,#580,#581,#582,#583,#584,#585,#586,#587,
    #588,#589,#590,#591,#592,#593,#594),.UNSPECIFIED.,.T.,.F.,(9,7,7,7,7
    ,7,7,7,7,9),(0.,0.129759146329,0.218390839213,0.298110273511,
    0.404313433533,0.499056150359,0.62913171657,0.728211385434,
    0.827852077696,1.),.UNSPECIFIED.);
#530 = CARTESIAN_POINT('',(2.334052459574,21.));
#531 = CARTESIAN_POINT('',(2.334052459574,20.47245733518));
#532 = CARTESIAN_POINT('',(2.33424811606,19.945549279783));
#533 = CARTESIAN_POINT('',(2.334638601294,19.421865265517));
#534 = CARTESIAN_POINT('',(2.335227403947,18.904186993943));
#535 = CARTESIAN_POINT('',(2.336021469201,18.396044580278));
#536 = CARTESIAN_POINT('',(2.337030524474,17.902132865659));
#537 = CARTESIAN_POINT('',(2.338266175417,17.428849495544));
#538 = CARTESIAN_POINT('',(2.340747293028,16.682193748247));
#539 = CARTESIAN_POINT('',(2.341872252606,16.390977184252));
#540 = CARTESIAN_POINT('',(2.343116632439,16.116277427072));
#541 = CARTESIAN_POINT('',(2.344479705977,15.86294668963));
#542 = CARTESIAN_POINT('',(2.345958625864,15.6359760549));
#543 = CARTESIAN_POINT('',(2.347548273075,15.440514894852));
#544 = CARTESIAN_POINT('',(2.349240952522,15.281912294011));
#545 = CARTESIAN_POINT('',(2.352631430869,15.061326163295));
#546 = CARTESIAN_POINT('',(2.354299588652,14.992012028978));
#547 = CARTESIAN_POINT('',(2.356004972241,14.962046730917));
#548 = CARTESIAN_POINT('',(2.357719924579,14.973460563361));
#549 = CARTESIAN_POINT('',(2.359416120441,15.026128677584));
#550 = CARTESIAN_POINT('',(2.361066026903,15.117792399566));
#551 = CARTESIAN_POINT('',(2.362644271664,15.244078646344));
#552 = CARTESIAN_POINT('',(2.366106783939,15.604262604274));
#553 = CARTESIAN_POINT('',(2.367923096715,15.860447268913));
#554 = CARTESIAN_POINT('',(2.369572157932,16.157136927824));
#555 = CARTESIAN_POINT('',(2.371053217201,16.486059454238));
#556 = CARTESIAN_POINT('',(2.372368672019,16.840252530992));
#557 = CARTESIAN_POINT('',(2.373522832991,17.213821588701));
#558 = CARTESIAN_POINT('',(2.374521133213,17.601787090377));
#559 = CARTESIAN_POINT('',(2.376126620698,18.355241528826));
#560 = CARTESIAN_POINT('',(2.376766939643,18.71983650956));
#561 = CARTESIAN_POINT('',(2.377294646363,19.091467795964));
#562 = CARTESIAN_POINT('',(2.377713178323,19.468282763755));
#563 = CARTESIAN_POINT('',(2.378025247676,19.848769086615));
#564 = CARTESIAN_POINT('',(2.378232722335,20.231643773343));
#565 = CARTESIAN_POINT('',(2.378336520811,20.615755466133));
#566 = CARTESIAN_POINT('',(2.378336520811,21.527542664822));
#567 = CARTESIAN_POINT('',(2.378140864324,22.054450720215));
#568 = CARTESIAN_POINT('',(2.377750379091,22.578134734486));
#569 = CARTESIAN_POINT('',(2.377161576437,23.095813006056));
#570 = CARTESIAN_POINT('',(2.376367511184,23.60395541972));
#571 = CARTESIAN_POINT('',(2.37535845591,24.097867134344));
#572 = CARTESIAN_POINT('',(2.374122804968,24.571150504454));
#573 = CARTESIAN_POINT('',(2.371525727095,25.35270278211));
#574 = CARTESIAN_POINT('',(2.370252150124,25.677116724388));
#575 = CARTESIAN_POINT('',(2.368826579425,25.980585478457));
#576 = CARTESIAN_POINT('',(2.367251839309,26.255697744591));
#577 = CARTESIAN_POINT('',(2.365534690536,26.495099909426));
#578 = CARTESIAN_POINT('',(2.363685870896,26.691494548918));
#579 = CARTESIAN_POINT('',(2.361720377504,26.837608434656));
#580 = CARTESIAN_POINT('',(2.357583926164,27.015152892492));
#581 = CARTESIAN_POINT('',(2.355463165375,27.043726605262));
#582 = CARTESIAN_POINT('',(2.353339291569,27.00881233993));
#583 = CARTESIAN_POINT('',(2.351257451457,26.911150198651));
#584 = CARTESIAN_POINT('',(2.349261289425,26.755111837648));
#585 = CARTESIAN_POINT('',(2.347389652069,26.548549846857));
#586 = CARTESIAN_POINT('',(2.345673788175,26.302678866476));
#587 = CARTESIAN_POINT('',(2.341478553709,25.56441550737));
#588 = CARTESIAN_POINT('',(2.339264329977,25.007366446972));
#589 = CARTESIAN_POINT('',(2.337476720551,24.393457763125));
#590 = CARTESIAN_POINT('',(2.33608636304,23.743409547122));
#591 = CARTESIAN_POINT('',(2.335065339566,23.071357842704));
#592 = CARTESIAN_POINT('',(2.334391330194,22.386345154342));
#593 = CARTESIAN_POINT('',(2.334052459574,21.694272133126));
#594 = CARTESIAN_POINT('',(2.334052459574,21.));
#595 = ( GEOMETRIC_REPRESENTATION_CONTEXT(2) 
PARAMETRIC_REPRESENTATION_CONTEXT() REPRESENTATION_CONTEXT('2D SPACE',''
  ) );
#596 = ORIENTED_EDGE('',*,*,#362,.F.);
#597 = ORIENTED_EDGE('',*,*,#146,.T.);
#598 = ADVANCED_FACE('',(#599,#681),#523,.F.);
#599 = FACE_BOUND('',#600,.F.);
#600 = EDGE_LOOP('',(#601,#626,#653,#654));
#601 = ORIENTED_EDGE('',*,*,#602,.T.);
#602 = EDGE_CURVE('',#603,#605,#607,.T.);
#603 = VERTEX_POINT('',#604);
#604 = CARTESIAN_POINT('',(-849.,800.,400.));
#605 = VERTEX_POINT('',#606);
#606 = CARTESIAN_POINT('',(-849.,800.,440.));
#607 = SEAM_CURVE('',#608,(#612,#619),.PCURVE_S1.);
#608 = LINE('',#609,#610);
#609 = CARTESIAN_POINT('',(-849.,800.,399.));
#610 = VECTOR('',#611,1.);
#611 = DIRECTION('',(0.,0.,1.));
#612 = PCURVE('',#523,#613);
#613 = DEFINITIONAL_REPRESENTATION('',(#614),#618);
#614 = LINE('',#615,#616);
#615 = CARTESIAN_POINT('',(6.28318530718,-0.));
#616 = VECTOR('',#617,1.);
#617 = DIRECTION('',(0.,1.));
#618 = ( GEOMETRIC_REPRESENTATION_CONTEXT(2) 
PARAMETRIC_REPRESENTATION_CONTEXT() REPRESENTATION_CONTEXT('2D SPACE',''
  ) );
#619 = PCURVE('',#523,#620);
#620 = DEFINITIONAL_REPRESENTATION('',(#621),#625);
#621 = LINE('',#622,#623);
#622 = CARTESIAN_POINT('',(0.,-0.));
#623 = VECTOR('',#624,1.);
#624 = DIRECTION('',(0.,1.));
#625 = ( GEOMETRIC_REPRESENTATION_CONTEXT(2) 
PARAMETRIC_REPRESENTATION_CONTEXT() REPRESENTATION_CONTEXT('2D SPACE',''
  ) );
#626 = ORIENTED_EDGE('',*,*,#627,.F.);
#627 = EDGE_CURVE('',#605,#605,#628,.T.);
#628 = SURFACE_CURVE('',#629,(#634,#641),.PCURVE_S1.);
#629 = CIRCLE('',#630,271.);
#630 = AXIS2_PLACEMENT_3D('',#631,#632,#633);
#631 = CARTESIAN_POINT('',(-1.12E+03,800.,440.));
#632 = DIRECTION('',(0.,0.,1.));
#633 = DIRECTION('',(1.,0.,-0.));
#634 = PCURVE('',#523,#635);
#635 = DEFINITIONAL_REPRESENTATION('',(#636),#640);
#636 = LINE('',#637,#638);
#637 = CARTESIAN_POINT('',(0.,41.));
#638 = VECTOR('',#639,1.);
#639 = DIRECTION('',(1.,0.));
#640 = ( GEOMETRIC_REPRESENTATION_CONTEXT(2) 
PARAMETRIC_REPRESENTATION_CONTEXT() REPRESENTATION_CONTEXT('2D SPACE',''
  ) );
#641 = PCURVE('',#642,#647);
#642 = PLANE('',#643);
#643 = AXIS2_PLACEMENT_3D('',#644,#645,#646);
#644 = CARTESIAN_POINT('',(-1.12E+03,800.,440.));
#645 = DIRECTION('',(0.,0.,1.));
#646 = DIRECTION('',(1.,0.,-0.));
#647 = DEFINITIONAL_REPRESENTATION('',(#648),#652);
#648 = CIRCLE('',#649,271.);
#649 = AXIS2_PLACEMENT_2D('',#650,#651);
#650 = CARTESIAN_POINT('',(0.,0.));
#651 = DIRECTION('',(1.,0.));
#652 = ( GEOMETRIC_REPRESENTATION_CONTEXT(2) 
PARAMETRIC_REPRESENTATION_CONTEXT() REPRESENTATION_CONTEXT('2D SPACE',''
  ) );
#653 = ORIENTED_EDGE('',*,*,#602,.F.);
#654 = ORIENTED_EDGE('',*,*,#655,.T.);
#655 = EDGE_CURVE('',#603,#603,#656,.T.);
#656 = SURFACE_CURVE('',#657,(#662,#669),.PCURVE_S1.);
#657 = CIRCLE('',#658,271.);
#658 = AXIS2_PLACEMENT_3D('',#659,#660,#661);
#659 = CARTESIAN_POINT('',(-1.12E+03,800.,400.));
#660 = DIRECTION('',(0.,0.,1.));
#661 = DIRECTION('',(1.,0.,-0.));
#662 = PCURVE('',#523,#663);
#663 = DEFINITIONAL_REPRESENTATION('',(#664),#668);
#664 = LINE('',#665,#666);
#665 = CARTESIAN_POINT('',(0.,1.));
#666 = VECTOR('',#667,1.);
#667 = DIRECTION('',(1.,0.));
#668 = ( GEOMETRIC_REPRESENTATION_CONTEXT(2) 
PARAMETRIC_REPRESENTATION_CONTEXT() REPRESENTATION_CONTEXT('2D SPACE',''
  ) );
#669 = PCURVE('',#670,#675);
#670 = PLANE('',#671);
#671 = AXIS2_PLACEMENT_3D('',#672,#673,#674);
#672 = CARTESIAN_POINT('',(-1.12E+03,800.,400.));
#673 = DIRECTION('',(0.,0.,1.));
#674 = DIRECTION('',(1.,0.,-0.));
#675 = DEFINITIONAL_REPRESENTATION('',(#676),#680);
#676 = CIRCLE('',#677,271.);
#677 = AXIS2_PLACEMENT_2D('',#678,#679);
#678 = CARTESIAN_POINT('',(0.,0.));
#679 = DIRECTION('',(1.,0.));
#680 = ( GEOMETRIC_REPRESENTATION_CONTEXT(2) 
PARAMETRIC_REPRESENTATION_CONTEXT() REPRESENTATION_CONTEXT('2D SPACE',''
  ) );
#681 = FACE_BOUND('',#682,.F.);
#682 = EDGE_LOOP('',(#683));
#683 = ORIENTED_EDGE('',*,*,#385,.F.);
#684 = ADVANCED_FACE('',(#685,#716),#670,.F.);
#685 = FACE_BOUND('',#686,.F.);
#686 = EDGE_LOOP('',(#687));
#687 = ORIENTED_EDGE('',*,*,#688,.T.);
#688 = EDGE_CURVE('',#689,#689,#691,.T.);
#689 = VERTEX_POINT('',#690);
#690 = CARTESIAN_POINT('',(-844.,800.,400.));
#691 = SURFACE_CURVE('',#692,(#697,#704),.PCURVE_S1.);
#692 = CIRCLE('',#693,276.);
#693 = AXIS2_PLACEMENT_3D('',#694,#695,#696);
#694 = CARTESIAN_POINT('',(-1.12E+03,800.,400.));
#695 = DIRECTION('',(0.,0.,1.));
#696 = DIRECTION('',(1.,0.,-0.));
#697 = PCURVE('',#670,#698);
#698 = DEFINITIONAL_REPRESENTATION('',(#699),#703);
#699 = CIRCLE('',#700,276.);
#700 = AXIS2_PLACEMENT_2D('',#701,#702);
#701 = CARTESIAN_POINT('',(0.,0.));
#702 = DIRECTION('',(1.,0.));
#703 = ( GEOMETRIC_REPRESENTATION_CONTEXT(2) 
PARAMETRIC_REPRESENTATION_CONTEXT() REPRESENTATION_CONTEXT('2D SPACE',''
  ) );
#704 = PCURVE('',#705,#710);
#705 = CYLINDRICAL_SURFACE('',#706,276.);
#706 = AXIS2_PLACEMENT_3D('',#707,#708,#709);
#707 = CARTESIAN_POINT('',(-1.12E+03,800.,400.));
#708 = DIRECTION('',(0.,0.,1.));
#709 = DIRECTION('',(1.,0.,-0.));
#710 = DEFINITIONAL_REPRESENTATION('',(#711),#715);
#711 = LINE('',#712,#713);
#712 = CARTESIAN_POINT('',(0.,0.));
#713 = VECTOR('',#714,1.);
#714 = DIRECTION('',(1.,0.));
#715 = ( GEOMETRIC_REPRESENTATION_CONTEXT(2) 
PARAMETRIC_REPRESENTATION_CONTEXT() REPRESENTATION_CONTEXT('2D SPACE',''
  ) );
#716 = FACE_BOUND('',#717,.F.);
#717 = EDGE_LOOP('',(#718));
#718 = ORIENTED_EDGE('',*,*,#655,.F.);
#719 = ADVANCED_FACE('',(#720,#746),#642,.T.);
#720 = FACE_BOUND('',#721,.T.);
#721 = EDGE_LOOP('',(#722));
#722 = ORIENTED_EDGE('',*,*,#723,.T.);
#723 = EDGE_CURVE('',#724,#724,#726,.T.);
#724 = VERTEX_POINT('',#725);
#725 = CARTESIAN_POINT('',(-844.,800.,440.));
#726 = SURFACE_CURVE('',#727,(#732,#739),.PCURVE_S1.);
#727 = CIRCLE('',#728,276.);
#728 = AXIS2_PLACEMENT_3D('',#729,#730,#731);
#729 = CARTESIAN_POINT('',(-1.12E+03,800.,440.));
#730 = DIRECTION('',(0.,0.,1.));
#731 = DIRECTION('',(1.,0.,-0.));
#732 = PCURVE('',#642,#733);
#733 = DEFINITIONAL_REPRESENTATION('',(#734),#738);
#734 = CIRCLE('',#735,276.);
#735 = AXIS2_PLACEMENT_2D('',#736,#737);
#736 = CARTESIAN_POINT('',(0.,0.));
#737 = DIRECTION('',(1.,0.));
#738 = ( GEOMETRIC_REPRESENTATION_CONTEXT(2) 
PARAMETRIC_REPRESENTATION_CONTEXT() REPRESENTATION_CONTEXT('2D SPACE',''
  ) );
#739 = PCURVE('',#705,#740);
#740 = DEFINITIONAL_REPRESENTATION('',(#741),#745);
#741 = LINE('',#742,#743);
#742 = CARTESIAN_POINT('',(0.,40.));
#743 = VECTOR('',#744,1.);
#744 = DIRECTION('',(1.,0.));
#745 = ( GEOMETRIC_REPRESENTATION_CONTEXT(2) 
PARAMETRIC_REPRESENTATION_CONTEXT() REPRESENTATION_CONTEXT('2D SPACE',''
  ) );
#746 = FACE_BOUND('',#747,.T.);
#747 = EDGE_LOOP('',(#748));
#748 = ORIENTED_EDGE('',*,*,#627,.F.);
#749 = ADVANCED_FACE('',(#750,#776),#705,.T.);
#750 = FACE_BOUND('',#751,.T.);
#751 = EDGE_LOOP('',(#752,#773,#774,#775));
#752 = ORIENTED_EDGE('',*,*,#753,.T.);
#753 = EDGE_CURVE('',#689,#724,#754,.T.);
#754 = SEAM_CURVE('',#755,(#759,#766),.PCURVE_S1.);
#755 = LINE('',#756,#757);
#756 = CARTESIAN_POINT('',(-844.,800.,400.));
#757 = VECTOR('',#758,1.);
#758 = DIRECTION('',(0.,0.,1.));
#759 = PCURVE('',#705,#760);
#760 = DEFINITIONAL_REPRESENTATION('',(#761),#765);
#761 = LINE('',#762,#763);
#762 = CARTESIAN_POINT('',(6.28318530718,-0.));
#763 = VECTOR('',#764,1.);
#764 = DIRECTION('',(0.,1.));
#765 = ( GEOMETRIC_REPRESENTATION_CONTEXT(2) 
PARAMETRIC_REPRESENTATION_CONTEXT() REPRESENTATION_CONTEXT('2D SPACE',''
  ) );
#766 = PCURVE('',#705,#767);
#767 = DEFINITIONAL_REPRESENTATION('',(#768),#772);
#768 = LINE('',#769,#770);
#769 = CARTESIAN_POINT('',(0.,-0.));
#770 = VECTOR('',#771,1.);
#771 = DIRECTION('',(0.,1.));
#772 = ( GEOMETRIC_REPRESENTATION_CONTEXT(2) 
PARAMETRIC_REPRESENTATION_CONTEXT() REPRESENTATION_CONTEXT('2D SPACE',''
  ) );
#773 = ORIENTED_EDGE('',*,*,#723,.F.);
#774 = ORIENTED_EDGE('',*,*,#753,.F.);
#775 = ORIENTED_EDGE('',*,*,#688,.T.);
#776 = FACE_BOUND('',#777,.T.);
#777 = EDGE_LOOP('',(#778));
#778 = ORIENTED_EDGE('',*,*,#779,.F.);
#779 = EDGE_CURVE('',#780,#780,#782,.T.);
#780 = VERTEX_POINT('',#781);
#781 = CARTESIAN_POINT('',(-1.310872709811E+03,999.35799118522,420.));
#782 = SURFACE_CURVE('',#783,(#849,#918),.PCURVE_S1.);
#783 = B_SPLINE_CURVE_WITH_KNOTS('',8,(#784,#785,#786,#787,#788,#789,
    #790,#791,#792,#793,#794,#795,#796,#797,#798,#799,#800,#801,#802,
    #803,#804,#805,#806,#807,#808,#809,#810,#811,#812,#813,#814,#815,
    #816,#817,#818,#819,#820,#821,#822,#823,#824,#825,#826,#827,#828,
    #829,#830,#831,#832,#833,#834,#835,#836,#837,#838,#839,#840,#841,
    #842,#843,#844,#845,#846,#847,#848),.UNSPECIFIED.,.T.,.F.,(9,7,7,7,7
    ,7,7,7,7,9),(0.,0.129759231873,0.218390850457,0.298110360442,
    0.40431340437,0.499056227495,0.629131875299,0.728211480784,
    0.827852178464,1.),.UNSPECIFIED.);
#784 = CARTESIAN_POINT('',(-1.310872709811E+03,999.35799118522,420.));
#785 = CARTESIAN_POINT('',(-1.310872709811E+03,999.35799118522,
    419.47245794731));
#786 = CARTESIAN_POINT('',(-1.310911008432E+03,999.32132264406,
    418.94555050228));
#787 = CARTESIAN_POINT('',(-1.310987443719E+03,999.24814077116,
    418.42186696588));
#788 = CARTESIAN_POINT('',(-1.311102659031E+03,999.13775027237,
    417.90418892378));
#789 = CARTESIAN_POINT('',(-1.311257936084E+03,998.98876805146,
    417.39604642222));
#790 = CARTESIAN_POINT('',(-1.311455052449E+03,998.79923883196,
    416.90213429973));
#791 = CARTESIAN_POINT('',(-1.31169608808E+03,998.56678830246,
    416.42885027127));
#792 = CARTESIAN_POINT('',(-1.312179151714E+03,998.09908659352,
    415.68219367218));
#793 = CARTESIAN_POINT('',(-1.31239796241E+03,997.88680519816,
    415.39097692057));
#794 = CARTESIAN_POINT('',(-1.312639721072E+03,997.65170013381,
    415.11627697571));
#795 = CARTESIAN_POINT('',(-1.312904181859E+03,997.39380164311,
    414.86294613029));
#796 = CARTESIAN_POINT('',(-1.31319067211E+03,997.11352642663,
    414.63597551226));
#797 = CARTESIAN_POINT('',(-1.313498069515E+03,996.81171314147,
    414.44051449638));
#798 = CARTESIAN_POINT('',(-1.313824753903E+03,996.48969125268,
    414.28191211641));
#799 = CARTESIAN_POINT('',(-1.31447774555E+03,995.8432939581,
    414.06132613629));
#800 = CARTESIAN_POINT('',(-1.314798474452E+03,995.52470116031,
    413.99201205045));
#801 = CARTESIAN_POINT('',(-1.315125744785E+03,995.19837898512,
    413.96204677826));
#802 = CARTESIAN_POINT('',(-1.315454197969E+03,994.86957130246,
    413.97346057483));
#803 = CARTESIAN_POINT('',(-1.315778406904E+03,994.54370996283,
    414.02612859428));
#804 = CARTESIAN_POINT('',(-1.316093158382E+03,994.22613651511,
    414.11779220541));
#805 = CARTESIAN_POINT('',(-1.316393703409E+03,993.92182739028,
    414.24407842106));
#806 = CARTESIAN_POINT('',(-1.317052020759E+03,993.25317180087,
    414.60426248415));
#807 = CARTESIAN_POINT('',(-1.31739650292E+03,992.90158418951,
    414.86044706991));
#808 = CARTESIAN_POINT('',(-1.317708578452E+03,992.58170138781,
    415.15713677256));
#809 = CARTESIAN_POINT('',(-1.317988332039E+03,992.29389354664,
    415.48605946601));
#810 = CARTESIAN_POINT('',(-1.318236411093E+03,992.03788560069,
    415.84025277238));
#811 = CARTESIAN_POINT('',(-1.318453786729E+03,991.81299264189,
    416.21382201154));
#812 = CARTESIAN_POINT('',(-1.318641608018E+03,991.61827793939,
    416.60178749398));
#813 = CARTESIAN_POINT('',(-1.318943412479E+03,991.30488940865,
    417.35524195567));
#814 = CARTESIAN_POINT('',(-1.319063656052E+03,991.17977935057,
    417.71983724291));
#815 = CARTESIAN_POINT('',(-1.319162672406E+03,991.07659561312,
    418.0914686744));
#816 = CARTESIAN_POINT('',(-1.319241157105E+03,990.99471455762,
    418.46828363813));
#817 = CARTESIAN_POINT('',(-1.31929965455E+03,990.93363978477,
    418.84876983611));
#818 = CARTESIAN_POINT('',(-1.319338538015E+03,990.89302779268,
    419.23164430595));
#819 = CARTESIAN_POINT('',(-1.319357991185E+03,990.87270981099,
    419.61575572541));
#820 = CARTESIAN_POINT('',(-1.319357991185E+03,990.87270981099,
    420.52754204787));
#821 = CARTESIAN_POINT('',(-1.319321322642E+03,990.91100843427,
    421.05444951219));
#822 = CARTESIAN_POINT('',(-1.319248140776E+03,990.98744371434,
    421.57813301864));
#823 = CARTESIAN_POINT('',(-1.319137750271E+03,991.10265903241,
    422.09581107578));
#824 = CARTESIAN_POINT('',(-1.318988768047E+03,991.25793608823,
    422.60395359327));
#825 = CARTESIAN_POINT('',(-1.318799238838E+03,991.45505244313,
    423.09786568673));
#826 = CARTESIAN_POINT('',(-1.3185667883E+03,991.69608808228,
    423.5711497329));
#827 = CARTESIAN_POINT('',(-1.318077227541E+03,992.20172873944,
    424.35270294168));
#828 = CARTESIAN_POINT('',(-1.317836877025E+03,992.44942244028,
    424.67711715522));
#829 = CARTESIAN_POINT('',(-1.317567470356E+03,992.72631657267,
    424.9805861502));
#830 = CARTESIAN_POINT('',(-1.317269385154E+03,993.03170989329,
    425.25569852819));
#831 = CARTESIAN_POINT('',(-1.31694372365E+03,993.36411612721,
    425.49510062522));
#832 = CARTESIAN_POINT('',(-1.316592336219E+03,993.72127101911,
    425.69149502835));
#833 = CARTESIAN_POINT('',(-1.316217897958E+03,994.10010019682,
    425.83760860484));
#834 = CARTESIAN_POINT('',(-1.315427948197E+03,994.895441165,
    426.01515278312));
#835 = CARTESIAN_POINT('',(-1.31502201192E+03,995.30229129911,
    426.04372656109));
#836 = CARTESIAN_POINT('',(-1.314614482702E+03,995.70874366112,
    426.00881248257));
#837 = CARTESIAN_POINT('',(-1.314214017489E+03,996.10614618839,
    425.91115057844));
#838 = CARTESIAN_POINT('',(-1.313829114252E+03,996.48626431173,
    425.75511244966));
#839 = CARTESIAN_POINT('',(-1.313467448292E+03,996.84188293216,
    425.54855060507));
#840 = CARTESIAN_POINT('',(-1.313135277183E+03,997.16728540038,
    425.30267951567));
#841 = CARTESIAN_POINT('',(-1.312321899952E+03,997.96162595249,
    424.56441468491));
#842 = CARTESIAN_POINT('',(-1.311891104306E+03,998.37933760739,
    424.00736462693));
#843 = CARTESIAN_POINT('',(-1.311542402979E+03,998.71562738005,
    423.39345510264));
#844 = CARTESIAN_POINT('',(-1.31127071723E+03,998.97668902912,
    422.74340645717));
#845 = CARTESIAN_POINT('',(-1.311070974711E+03,999.16816436144,
    422.0713548807));
#846 = CARTESIAN_POINT('',(-1.310939041779E+03,999.29448264805,
    421.38634285867));
#847 = CARTESIAN_POINT('',(-1.310872709811E+03,999.35799118522,
    420.69427089548));
#848 = CARTESIAN_POINT('',(-1.310872709811E+03,999.35799118522,420.));
#849 = PCURVE('',#705,#850);
#850 = DEFINITIONAL_REPRESENTATION('',(#851),#917);
#851 = B_SPLINE_CURVE_WITH_KNOTS('',8,(#852,#853,#854,#855,#856,#857,
    #858,#859,#860,#861,#862,#863,#864,#865,#866,#867,#868,#869,#870,
    #871,#872,#873,#874,#875,#876,#877,#878,#879,#880,#881,#882,#883,
    #884,#885,#886,#887,#888,#889,#890,#891,#892,#893,#894,#895,#896,
    #897,#898,#899,#900,#901,#902,#903,#904,#905,#906,#907,#908,#909,
    #910,#911,#912,#913,#914,#915,#916),.UNSPECIFIED.,.T.,.F.,(9,7,7,7,7
    ,7,7,7,7,9),(0.,0.129759231873,0.218390850457,0.298110360442,
    0.40431340437,0.499056227495,0.629131875299,0.728211480784,
    0.827852178464,1.),.UNSPECIFIED.);
#852 = CARTESIAN_POINT('',(2.334453647111,20.));
#853 = CARTESIAN_POINT('',(2.334453647111,19.472457947312));
#854 = CARTESIAN_POINT('',(2.334645756959,18.945550502284));
#855 = CARTESIAN_POINT('',(2.33502916392,18.421866965887));
#856 = CARTESIAN_POINT('',(2.335607293838,17.904188923781));
#857 = CARTESIAN_POINT('',(2.336386966756,17.396046422225));
#858 = CARTESIAN_POINT('',(2.337377734797,16.902134299732));
#859 = CARTESIAN_POINT('',(2.33859099441,16.428850271274));
#860 = CARTESIAN_POINT('',(2.341027155175,15.68219367218));
#861 = CARTESIAN_POINT('',(2.342131731045,15.390976920576));
#862 = CARTESIAN_POINT('',(2.343353564377,15.116276975712));
#863 = CARTESIAN_POINT('',(2.344691941768,14.862946130299));
#864 = CARTESIAN_POINT('',(2.346144067288,14.635975512264));
#865 = CARTESIAN_POINT('',(2.347704914331,14.440514496388));
#866 = CARTESIAN_POINT('',(2.349366926739,14.281912116417));
#867 = CARTESIAN_POINT('',(2.352695979508,14.061326136297));
#868 = CARTESIAN_POINT('',(2.354333916363,13.992012050454));
#869 = CARTESIAN_POINT('',(2.356008404566,13.96204677826));
#870 = CARTESIAN_POINT('',(2.357692288165,13.973460574831));
#871 = CARTESIAN_POINT('',(2.359357755097,14.026128594283));
#872 = CARTESIAN_POINT('',(2.360977771311,14.117792205418));
#873 = CARTESIAN_POINT('',(2.362527424383,14.244078421061));
#874 = CARTESIAN_POINT('',(2.365927207137,14.604262484155));
#875 = CARTESIAN_POINT('',(2.367710612426,14.860447069911));
#876 = CARTESIAN_POINT('',(2.369329795615,15.157136772569));
#877 = CARTESIAN_POINT('',(2.370784019652,15.48605946601));
#878 = CARTESIAN_POINT('',(2.372075638556,15.840252772384));
#879 = CARTESIAN_POINT('',(2.373208884948,16.213822011545));
#880 = CARTESIAN_POINT('',(2.374189093724,16.601787493984));
#881 = CARTESIAN_POINT('',(2.375765485932,17.355241955672));
#882 = CARTESIAN_POINT('',(2.376394200616,17.719837242919));
#883 = CARTESIAN_POINT('',(2.376912343235,18.0914686744));
#884 = CARTESIAN_POINT('',(2.377323289342,18.468283638132));
#885 = CARTESIAN_POINT('',(2.377629702254,18.848769836118));
#886 = CARTESIAN_POINT('',(2.377833416244,19.231644305953));
#887 = CARTESIAN_POINT('',(2.377935333273,19.61575572541));
#888 = CARTESIAN_POINT('',(2.377935333273,20.527542047871));
#889 = CARTESIAN_POINT('',(2.377743223415,21.054449512199));
#890 = CARTESIAN_POINT('',(2.377359816488,21.578133018642));
#891 = CARTESIAN_POINT('',(2.376781686537,22.095811075789));
#892 = CARTESIAN_POINT('',(2.376002013606,22.603953593276));
#893 = CARTESIAN_POINT('',(2.375011245619,23.097865686736));
#894 = CARTESIAN_POINT('',(2.373797985961,23.571149732901));
#895 = CARTESIAN_POINT('',(2.371247965958,24.352702941684));
#896 = CARTESIAN_POINT('',(2.369997465207,24.677117155223));
#897 = CARTESIAN_POINT('',(2.368597723454,24.9805861502));
#898 = CARTESIAN_POINT('',(2.367051513831,25.255698528199));
#899 = CARTESIAN_POINT('',(2.36536547484,25.49510062522));
#900 = CARTESIAN_POINT('',(2.363550150253,25.691495028353));
#901 = CARTESIAN_POINT('',(2.361620266276,25.837608604842));
#902 = CARTESIAN_POINT('',(2.357558757919,26.015152783129));
#903 = CARTESIAN_POINT('',(2.35547641855,26.043726561095));
#904 = CARTESIAN_POINT('',(2.353391021825,26.008812482573));
#905 = CARTESIAN_POINT('',(2.351346897026,25.911150578448));
#906 = CARTESIAN_POINT('',(2.349386898385,25.755112449661));
#907 = CARTESIAN_POINT('',(2.347549168859,25.548550605078));
#908 = CARTESIAN_POINT('',(2.345864390586,25.30267951567));
#909 = CARTESIAN_POINT('',(2.341745159287,24.564414684911));
#910 = CARTESIAN_POINT('',(2.339571055129,24.007364626937));
#911 = CARTESIAN_POINT('',(2.337815840252,23.393455102646));
#912 = CARTESIAN_POINT('',(2.336450681924,22.743406457174));
#913 = CARTESIAN_POINT('',(2.33544816582,22.071354880705));
#914 = CARTESIAN_POINT('',(2.334786374656,21.386342858676));
#915 = CARTESIAN_POINT('',(2.334453647111,20.694270895483));
#916 = CARTESIAN_POINT('',(2.334453647111,20.));
#917 = ( GEOMETRIC_REPRESENTATION_CONTEXT(2) 
PARAMETRIC_REPRESENTATION_CONTEXT() REPRESENTATION_CONTEXT('2D SPACE',''
  ) );
#918 = PCURVE('',#919,#924);
#919 = CYLINDRICAL_SURFACE('',#920,6.);
#920 = AXIS2_PLACEMENT_3D('',#921,#922,#923);
#921 = CARTESIAN_POINT('',(-1.309E+03,989.,420.));
#922 = DIRECTION('',(-0.707106781187,0.707106781187,0.));
#923 = DIRECTION('',(0.707106781187,0.707106781187,0.));
#924 = DEFINITIONAL_REPRESENTATION('',(#925),#991);
#925 = B_SPLINE_CURVE_WITH_KNOTS('',8,(#926,#927,#928,#929,#930,#931,
    #932,#933,#934,#935,#936,#937,#938,#939,#940,#941,#942,#943,#944,
    #945,#946,#947,#948,#949,#950,#951,#952,#953,#954,#955,#956,#957,
    #958,#959,#960,#961,#962,#963,#964,#965,#966,#967,#968,#969,#970,
    #971,#972,#973,#974,#975,#976,#977,#978,#979,#980,#981,#982,#983,
    #984,#985,#986,#987,#988,#989,#990),.UNSPECIFIED.,.F.,.F.,(9,7,7,7,7
    ,7,7,7,7,9),(0.,0.129759231873,0.218390850457,0.298110360442,
    0.40431340437,0.499056227495,0.629131875299,0.728211480784,
    0.827852178464,1.),.UNSPECIFIED.);
#926 = CARTESIAN_POINT('',(0.,8.648411613091));
#927 = CARTESIAN_POINT('',(8.792367544797E-02,8.648411613091));
#928 = CARTESIAN_POINT('',(0.175741447473,8.64956425373));
#929 = CARTESIAN_POINT('',(0.264058277208,8.651864764764));
#930 = CARTESIAN_POINT('',(0.353433993883,8.655276422578));
#931 = CARTESIAN_POINT('',(0.444420920469,8.659727541162));
#932 = CARTESIAN_POINT('',(0.537585522451,8.665092463669));
#933 = CARTESIAN_POINT('',(0.633543567756,8.671163046598));
#934 = CARTESIAN_POINT('',(0.800997827342,8.682025568195));
#935 = CARTESIAN_POINT('',(0.871062456081,8.686642480805));
#936 = CARTESIAN_POINT('',(0.94316811154,8.691347284787));
#937 = CARTESIAN_POINT('',(1.017296702544,8.695987529383));
#938 = CARTESIAN_POINT('',(1.093471030148,8.700382222577));
#939 = CARTESIAN_POINT('',(1.171755913048,8.704330791584));
#940 = CARTESIAN_POINT('',(1.252265515502,8.707627675987));
#941 = CARTESIAN_POINT('',(1.409751316088,8.712290587596));
#942 = CARTESIAN_POINT('',(1.485711034078,8.713801041419));
#943 = CARTESIAN_POINT('',(1.562407587528,8.714471490269));
#944 = CARTESIAN_POINT('',(1.639276643749,8.714220821678));
#945 = CARTESIAN_POINT('',(1.715789131577,8.713052394988));
#946 = CARTESIAN_POINT('',(1.791399388649,8.711056961072));
#947 = CARTESIAN_POINT('',(1.865490305962,8.708395342219));
#948 = CARTESIAN_POINT('',(2.033001595012,8.701085103172));
#949 = CARTESIAN_POINT('',(2.124887172782,8.696060791007));
#950 = CARTESIAN_POINT('',(2.213472399595,8.690540217717));
#951 = CARTESIAN_POINT('',(2.299124673087,8.684844999832));
#952 = CARTESIAN_POINT('',(2.382151357811,8.679238426694));
#953 = CARTESIAN_POINT('',(2.462818879891,8.673922876703));
#954 = CARTESIAN_POINT('',(2.541357845477,8.669048497117));
#955 = CARTESIAN_POINT('',(2.686360224236,8.660857322929));
#956 = CARTESIAN_POINT('',(2.753442821814,8.657416198149));
#957 = CARTESIAN_POINT('',(2.819484334335,8.654469412902));
#958 = CARTESIAN_POINT('',(2.88470689093,8.652067826528));
#959 = CARTESIAN_POINT('',(2.949321020099,8.650245380334));
#960 = CARTESIAN_POINT('',(3.013533188001,8.649023127074));
#961 = CARTESIAN_POINT('',(3.077551941158,8.648411613091));
#962 = CARTESIAN_POINT('',(3.229516328235,8.648411613091));
#963 = CARTESIAN_POINT('',(3.317334103634,8.649564253781));
#964 = CARTESIAN_POINT('',(3.405650927857,8.651864764653));
#965 = CARTESIAN_POINT('',(3.495026647569,8.655276422621));
#966 = CARTESIAN_POINT('',(3.586013576995,8.65972754127));
#967 = CARTESIAN_POINT('',(3.67917817326,8.665092463524));
#968 = CARTESIAN_POINT('',(3.775136222282,8.671163046659));
#969 = CARTESIAN_POINT('',(3.95041681856,8.682533251677));
#970 = CARTESIAN_POINT('',(4.029084538679,8.68772566779));
#971 = CARTESIAN_POINT('',(4.110413574011,8.693020103423));
#972 = CARTESIAN_POINT('',(4.194279535162,8.698187723871));
#973 = CARTESIAN_POINT('',(4.280635707017,8.702956968282));
#974 = CARTESIAN_POINT('',(4.369507215285,8.7070351791));
#975 = CARTESIAN_POINT('',(4.460997821676,8.710140025913));
#976 = CARTESIAN_POINT('',(4.650154964084,8.713952185236));
#977 = CARTESIAN_POINT('',(4.745508257958,8.714598379293));
#978 = CARTESIAN_POINT('',(4.840646406726,8.713836927375));
#979 = CARTESIAN_POINT('',(4.934929781529,8.711671281375));
#980 = CARTESIAN_POINT('',(5.027701061702,8.708287695403));
#981 = CARTESIAN_POINT('',(5.118211129845,8.704011580676));
#982 = CARTESIAN_POINT('',(5.205523325271,8.69922542885));
#983 = CARTESIAN_POINT('',(5.431442017376,8.685764463893));
#984 = CARTESIAN_POINT('',(5.565872871532,8.676512684923));
#985 = CARTESIAN_POINT('',(5.693763281831,8.667736390618));
#986 = CARTESIAN_POINT('',(5.816564370645,8.660224017539));
#987 = CARTESIAN_POINT('',(5.93560106203,8.654378233902));
#988 = CARTESIAN_POINT('',(6.052127656136,8.650408080052));
#989 = CARTESIAN_POINT('',(6.167473491266,8.648411613091));
#990 = CARTESIAN_POINT('',(6.28318530718,8.648411613091));
#991 = ( GEOMETRIC_REPRESENTATION_CONTEXT(2) 
PARAMETRIC_REPRESENTATION_CONTEXT() REPRESENTATION_CONTEXT('2D SPACE',''
  ) );
#992 = ADVANCED_FACE('',(#993),#919,.T.);
#993 = FACE_BOUND('',#994,.T.);
#994 = EDGE_LOOP('',(#995,#1018,#1045,#1046));
#995 = ORIENTED_EDGE('',*,*,#996,.T.);
#996 = EDGE_CURVE('',#780,#997,#999,.T.);
#997 = VERTEX_POINT('',#998);
#998 = CARTESIAN_POINT('',(-1.355757359313E+03,1.044242640687E+03,420.)
  );
#999 = SEAM_CURVE('',#1000,(#1004,#1011),.PCURVE_S1.);
#1000 = LINE('',#1001,#1002);
#1001 = CARTESIAN_POINT('',(-1.304757359313E+03,993.24264068711,420.));
#1002 = VECTOR('',#1003,1.);
#1003 = DIRECTION('',(-0.707106781187,0.707106781187,0.));
#1004 = PCURVE('',#919,#1005);
#1005 = DEFINITIONAL_REPRESENTATION('',(#1006),#1010);
#1006 = LINE('',#1007,#1008);
#1007 = CARTESIAN_POINT('',(6.28318530718,-0.));
#1008 = VECTOR('',#1009,1.);
#1009 = DIRECTION('',(0.,1.));
#1010 = ( GEOMETRIC_REPRESENTATION_CONTEXT(2) 
PARAMETRIC_REPRESENTATION_CONTEXT() REPRESENTATION_CONTEXT('2D SPACE',''
  ) );
#1011 = PCURVE('',#919,#1012);
#1012 = DEFINITIONAL_REPRESENTATION('',(#1013),#1017);
#1013 = LINE('',#1014,#1015);
#1014 = CARTESIAN_POINT('',(0.,-0.));
#1015 = VECTOR('',#1016,1.);
#1016 = DIRECTION('',(0.,1.));
#1017 = ( GEOMETRIC_REPRESENTATION_CONTEXT(2) 
PARAMETRIC_REPRESENTATION_CONTEXT() REPRESENTATION_CONTEXT('2D SPACE',''
  ) );
#1018 = ORIENTED_EDGE('',*,*,#1019,.F.);
#1019 = EDGE_CURVE('',#997,#997,#1020,.T.);
#1020 = SURFACE_CURVE('',#1021,(#1026,#1033),.PCURVE_S1.);
#1021 = CIRCLE('',#1022,6.);
#1022 = AXIS2_PLACEMENT_3D('',#1023,#1024,#1025);
#1023 = CARTESIAN_POINT('',(-1.36E+03,1.04E+03,420.));
#1024 = DIRECTION('',(-0.707106781187,0.707106781187,0.));
#1025 = DIRECTION('',(0.707106781187,0.707106781187,0.));
#1026 = PCURVE('',#919,#1027);
#1027 = DEFINITIONAL_REPRESENTATION('',(#1028),#1032);
#1028 = LINE('',#1029,#1030);
#1029 = CARTESIAN_POINT('',(0.,72.124891681028));
#1030 = VECTOR('',#1031,1.);
#1031 = DIRECTION('',(1.,0.));
#1032 = ( GEOMETRIC_REPRESENTATION_CONTEXT(2) 
PARAMETRIC_REPRESENTATION_CONTEXT() REPRESENTATION_CONTEXT('2D SPACE',''
  ) );
#1033 = PCURVE('',#1034,#1039);
#1034 = PLANE('',#1035);
#1035 = AXIS2_PLACEMENT_3D('',#1036,#1037,#1038);
#1036 = CARTESIAN_POINT('',(-1.36E+03,1.04E+03,420.));
#1037 = DIRECTION('',(-0.707106781187,0.707106781187,0.));
#1038 = DIRECTION('',(0.707106781187,0.707106781187,0.));
#1039 = DEFINITIONAL_REPRESENTATION('',(#1040),#1044);
#1040 = CIRCLE('',#1041,6.);
#1041 = AXIS2_PLACEMENT_2D('',#1042,#1043);
#1042 = CARTESIAN_POINT('',(0.,0.));
#1043 = DIRECTION('',(1.,0.));
#1044 = ( GEOMETRIC_REPRESENTATION_CONTEXT(2) 
PARAMETRIC_REPRESENTATION_CONTEXT() REPRESENTATION_CONTEXT('2D SPACE',''
  ) );
#1045 = ORIENTED_EDGE('',*,*,#996,.F.);
#1046 = ORIENTED_EDGE('',*,*,#779,.T.);
#1047 = ADVANCED_FACE('',(#1048),#1034,.T.);
#1048 = FACE_BOUND('',#1049,.T.);
#1049 = EDGE_LOOP('',(#1050));
#1050 = ORIENTED_EDGE('',*,*,#1019,.T.);
#1051 = ( GEOMETRIC_REPRESENTATION_CONTEXT(3) 
GLOBAL_UNCERTAINTY_ASSIGNED_CONTEXT((#1055)) 
GLOBAL_UNIT_ASSIGNED_CONTEXT((#1052,#1053,#1054)) REPRESENTATION_CONTEXT
('Context #1','3D Context with UNIT and UNCERTAINTY') );
#1052 = ( LENGTH_UNIT() NAMED_UNIT(*) SI_UNIT(.MILLI.,.METRE.) );
#1053 = ( NAMED_UNIT(*) PLANE_ANGLE_UNIT() SI_UNIT($,.RADIAN.) );
#1054 = ( NAMED_UNIT(*) SI_UNIT($,.STERADIAN.) SOLID_ANGLE_UNIT() );
#1055 = UNCERTAINTY_MEASURE_WITH_UNIT(LENGTH_MEASURE(2.E-07),#1052,
  'distance_accuracy_value','confusion accuracy');
#1056 = CONTEXT_DEPENDENT_SHAPE_REPRESENTATION(#1057,#1059);
#1057 = ( REPRESENTATION_RELATIONSHIP('','',#52,#10) 
REPRESENTATION_RELATIONSHIP_WITH_TRANSFORMATION(#1058) 
SHAPE_REPRESENTATION_RELATIONSHIP() );
#1058 = ITEM_DEFINED_TRANSFORMATION('','',#11,#15);
#1059 = PRODUCT_DEFINITION_SHAPE('Placement','Placement of an item',
  #1060);
#1060 = NEXT_ASSEMBLY_USAGE_OCCURRENCE('19','=>[0:1:1:2]','',#5,#47,$);
#1061 = PRODUCT_RELATED_PRODUCT_CATEGORY('part',$,(#49));
#1062 = SHAPE_DEFINITION_REPRESENTATION(#1063,#1069);
#1063 = PRODUCT_DEFINITION_SHAPE('','',#1064);
#1064 = PRODUCT_DEFINITION('design','',#1065,#1068);
#1065 = PRODUCT_DEFINITION_FORMATION('','',#1066);
#1066 = PRODUCT('COMPOUND','COMPOUND','',(#1067));
#1067 = PRODUCT_CONTEXT('',#2,'mechanical');
#1068 = PRODUCT_DEFINITION_CONTEXT('part definition',#2,'design');
#1069 = ADVANCED_BREP_SHAPE_REPRESENTATION('',(#11,#1070),#1400);
#1070 = MANIFOLD_SOLID_BREP('',#1071);
#1071 = CLOSED_SHELL('',(#1072,#1192,#1292,#1339,#1386,#1393));
#1072 = ADVANCED_FACE('',(#1073),#1087,.F.);
#1073 = FACE_BOUND('',#1074,.F.);
#1074 = EDGE_LOOP('',(#1075,#1110,#1138,#1166));
#1075 = ORIENTED_EDGE('',*,*,#1076,.F.);
#1076 = EDGE_CURVE('',#1077,#1079,#1081,.T.);
#1077 = VERTEX_POINT('',#1078);
#1078 = CARTESIAN_POINT('',(-100.,-65.,-70.));
#1079 = VERTEX_POINT('',#1080);
#1080 = CARTESIAN_POINT('',(-100.,-65.,70.));
#1081 = SURFACE_CURVE('',#1082,(#1086,#1098),.PCURVE_S1.);
#1082 = LINE('',#1083,#1084);
#1083 = CARTESIAN_POINT('',(-100.,-65.,-70.));
#1084 = VECTOR('',#1085,1.);
#1085 = DIRECTION('',(0.,0.,1.));
#1086 = PCURVE('',#1087,#1092);
#1087 = PLANE('',#1088);
#1088 = AXIS2_PLACEMENT_3D('',#1089,#1090,#1091);
#1089 = CARTESIAN_POINT('',(-100.,-65.,-70.));
#1090 = DIRECTION('',(1.,0.,-0.));
#1091 = DIRECTION('',(0.,0.,1.));
#1092 = DEFINITIONAL_REPRESENTATION('',(#1093),#1097);
#1093 = LINE('',#1094,#1095);
#1094 = CARTESIAN_POINT('',(0.,0.));
#1095 = VECTOR('',#1096,1.);
#1096 = DIRECTION('',(1.,0.));
#1097 = ( GEOMETRIC_REPRESENTATION_CONTEXT(2) 
PARAMETRIC_REPRESENTATION_CONTEXT() REPRESENTATION_CONTEXT('2D SPACE',''
  ) );
#1098 = PCURVE('',#1099,#1104);
#1099 = PLANE('',#1100);
#1100 = AXIS2_PLACEMENT_3D('',#1101,#1102,#1103);
#1101 = CARTESIAN_POINT('',(-100.,-65.,-70.));
#1102 = DIRECTION('',(-0.,1.,0.));
#1103 = DIRECTION('',(0.,0.,1.));
#1104 = DEFINITIONAL_REPRESENTATION('',(#1105),#1109);
#1105 = LINE('',#1106,#1107);
#1106 = CARTESIAN_POINT('',(0.,0.));
#1107 = VECTOR('',#1108,1.);
#1108 = DIRECTION('',(1.,0.));
#1109 = ( GEOMETRIC_REPRESENTATION_CONTEXT(2) 
PARAMETRIC_REPRESENTATION_CONTEXT() REPRESENTATION_CONTEXT('2D SPACE',''
  ) );
#1110 = ORIENTED_EDGE('',*,*,#1111,.T.);
#1111 = EDGE_CURVE('',#1077,#1112,#1114,.T.);
#1112 = VERTEX_POINT('',#1113);
#1113 = CARTESIAN_POINT('',(-100.,65.,-70.));
#1114 = SURFACE_CURVE('',#1115,(#1119,#1126),.PCURVE_S1.);
#1115 = LINE('',#1116,#1117);
#1116 = CARTESIAN_POINT('',(-100.,-65.,-70.));
#1117 = VECTOR('',#1118,1.);
#1118 = DIRECTION('',(-0.,1.,0.));
#1119 = PCURVE('',#1087,#1120);
#1120 = DEFINITIONAL_REPRESENTATION('',(#1121),#1125);
#1121 = LINE('',#1122,#1123);
#1122 = CARTESIAN_POINT('',(0.,0.));
#1123 = VECTOR('',#1124,1.);
#1124 = DIRECTION('',(0.,-1.));
#1125 = ( GEOMETRIC_REPRESENTATION_CONTEXT(2) 
PARAMETRIC_REPRESENTATION_CONTEXT() REPRESENTATION_CONTEXT('2D SPACE',''
  ) );
#1126 = PCURVE('',#1127,#1132);
#1127 = PLANE('',#1128);
#1128 = AXIS2_PLACEMENT_3D('',#1129,#1130,#1131);
#1129 = CARTESIAN_POINT('',(-100.,-65.,-70.));
#1130 = DIRECTION('',(0.,0.,1.));
#1131 = DIRECTION('',(1.,0.,-0.));
#1132 = DEFINITIONAL_REPRESENTATION('',(#1133),#1137);
#1133 = LINE('',#1134,#1135);
#1134 = CARTESIAN_POINT('',(0.,0.));
#1135 = VECTOR('',#1136,1.);
#1136 = DIRECTION('',(0.,1.));
#1137 = ( GEOMETRIC_REPRESENTATION_CONTEXT(2) 
PARAMETRIC_REPRESENTATION_CONTEXT() REPRESENTATION_CONTEXT('2D SPACE',''
  ) );
#1138 = ORIENTED_EDGE('',*,*,#1139,.T.);
#1139 = EDGE_CURVE('',#1112,#1140,#1142,.T.);
#1140 = VERTEX_POINT('',#1141);
#1141 = CARTESIAN_POINT('',(-100.,65.,70.));
#1142 = SURFACE_CURVE('',#1143,(#1147,#1154),.PCURVE_S1.);
#1143 = LINE('',#1144,#1145);
#1144 = CARTESIAN_POINT('',(-100.,65.,-70.));
#1145 = VECTOR('',#1146,1.);
#1146 = DIRECTION('',(0.,0.,1.));
#1147 = PCURVE('',#1087,#1148);
#1148 = DEFINITIONAL_REPRESENTATION('',(#1149),#1153);
#1149 = LINE('',#1150,#1151);
#1150 = CARTESIAN_POINT('',(0.,-130.));
#1151 = VECTOR('',#1152,1.);
#1152 = DIRECTION('',(1.,0.));
#1153 = ( GEOMETRIC_REPRESENTATION_CONTEXT(2) 
PARAMETRIC_REPRESENTATION_CONTEXT() REPRESENTATION_CONTEXT('2D SPACE',''
  ) );
#1154 = PCURVE('',#1155,#1160);
#1155 = PLANE('',#1156);
#1156 = AXIS2_PLACEMENT_3D('',#1157,#1158,#1159);
#1157 = CARTESIAN_POINT('',(-100.,65.,-70.));
#1158 = DIRECTION('',(-0.,1.,0.));
#1159 = DIRECTION('',(0.,0.,1.));
#1160 = DEFINITIONAL_REPRESENTATION('',(#1161),#1165);
#1161 = LINE('',#1162,#1163);
#1162 = CARTESIAN_POINT('',(0.,0.));
#1163 = VECTOR('',#1164,1.);
#1164 = DIRECTION('',(1.,0.));
#1165 = ( GEOMETRIC_REPRESENTATION_CONTEXT(2) 
PARAMETRIC_REPRESENTATION_CONTEXT() REPRESENTATION_CONTEXT('2D SPACE',''
  ) );
#1166 = ORIENTED_EDGE('',*,*,#1167,.F.);
#1167 = EDGE_CURVE('',#1079,#1140,#1168,.T.);
#1168 = SURFACE_CURVE('',#1169,(#1173,#1180),.PCURVE_S1.);
#1169 = LINE('',#1170,#1171);
#1170 = CARTESIAN_POINT('',(-100.,-65.,70.));
#1171 = VECTOR('',#1172,1.);
#1172 = DIRECTION('',(-0.,1.,0.));
#1173 = PCURVE('',#1087,#1174);
#1174 = DEFINITIONAL_REPRESENTATION('',(#1175),#1179);
#1175 = LINE('',#1176,#1177);
#1176 = CARTESIAN_POINT('',(140.,0.));
#1177 = VECTOR('',#1178,1.);
#1178 = DIRECTION('',(0.,-1.));
#1179 = ( GEOMETRIC_REPRESENTATION_CONTEXT(2) 
PARAMETRIC_REPRESENTATION_CONTEXT() REPRESENTATION_CONTEXT('2D SPACE',''
  ) );
#1180 = PCURVE('',#1181,#1186);
#1181 = PLANE('',#1182);
#1182 = AXIS2_PLACEMENT_3D('',#1183,#1184,#1185);
#1183 = CARTESIAN_POINT('',(-100.,-65.,70.));
#1184 = DIRECTION('',(0.,0.,1.));
#1185 = DIRECTION('',(1.,0.,-0.));
#1186 = DEFINITIONAL_REPRESENTATION('',(#1187),#1191);
#1187 = LINE('',#1188,#1189);
#1188 = CARTESIAN_POINT('',(0.,0.));
#1189 = VECTOR('',#1190,1.);
#1190 = DIRECTION('',(0.,1.));
#1191 = ( GEOMETRIC_REPRESENTATION_CONTEXT(2) 
PARAMETRIC_REPRESENTATION_CONTEXT() REPRESENTATION_CONTEXT('2D SPACE',''
  ) );
#1192 = ADVANCED_FACE('',(#1193),#1207,.T.);
#1193 = FACE_BOUND('',#1194,.T.);
#1194 = EDGE_LOOP('',(#1195,#1225,#1248,#1271));
#1195 = ORIENTED_EDGE('',*,*,#1196,.F.);
#1196 = EDGE_CURVE('',#1197,#1199,#1201,.T.);
#1197 = VERTEX_POINT('',#1198);
#1198 = CARTESIAN_POINT('',(100.,-65.,-70.));
#1199 = VERTEX_POINT('',#1200);
#1200 = CARTESIAN_POINT('',(100.,-65.,70.));
#1201 = SURFACE_CURVE('',#1202,(#1206,#1218),.PCURVE_S1.);
#1202 = LINE('',#1203,#1204);
#1203 = CARTESIAN_POINT('',(100.,-65.,-70.));
#1204 = VECTOR('',#1205,1.);
#1205 = DIRECTION('',(0.,0.,1.));
#1206 = PCURVE('',#1207,#1212);
#1207 = PLANE('',#1208);
#1208 = AXIS2_PLACEMENT_3D('',#1209,#1210,#1211);
#1209 = CARTESIAN_POINT('',(100.,-65.,-70.));
#1210 = DIRECTION('',(1.,0.,-0.));
#1211 = DIRECTION('',(0.,0.,1.));
#1212 = DEFINITIONAL_REPRESENTATION('',(#1213),#1217);
#1213 = LINE('',#1214,#1215);
#1214 = CARTESIAN_POINT('',(0.,0.));
#1215 = VECTOR('',#1216,1.);
#1216 = DIRECTION('',(1.,0.));
#1217 = ( GEOMETRIC_REPRESENTATION_CONTEXT(2) 
PARAMETRIC_REPRESENTATION_CONTEXT() REPRESENTATION_CONTEXT('2D SPACE',''
  ) );
#1218 = PCURVE('',#1099,#1219);
#1219 = DEFINITIONAL_REPRESENTATION('',(#1220),#1224);
#1220 = LINE('',#1221,#1222);
#1221 = CARTESIAN_POINT('',(0.,200.));
#1222 = VECTOR('',#1223,1.);
#1223 = DIRECTION('',(1.,0.));
#1224 = ( GEOMETRIC_REPRESENTATION_CONTEXT(2) 
PARAMETRIC_REPRESENTATION_CONTEXT() REPRESENTATION_CONTEXT('2D SPACE',''
  ) );
#1225 = ORIENTED_EDGE('',*,*,#1226,.T.);
#1226 = EDGE_CURVE('',#1197,#1227,#1229,.T.);
#1227 = VERTEX_POINT('',#1228);
#1228 = CARTESIAN_POINT('',(100.,65.,-70.));
#1229 = SURFACE_CURVE('',#1230,(#1234,#1241),.PCURVE_S1.);
#1230 = LINE('',#1231,#1232);
#1231 = CARTESIAN_POINT('',(100.,-65.,-70.));
#1232 = VECTOR('',#1233,1.);
#1233 = DIRECTION('',(-0.,1.,0.));
#1234 = PCURVE('',#1207,#1235);
#1235 = DEFINITIONAL_REPRESENTATION('',(#1236),#1240);
#1236 = LINE('',#1237,#1238);
#1237 = CARTESIAN_POINT('',(0.,0.));
#1238 = VECTOR('',#1239,1.);
#1239 = DIRECTION('',(0.,-1.));
#1240 = ( GEOMETRIC_REPRESENTATION_CONTEXT(2) 
PARAMETRIC_REPRESENTATION_CONTEXT() REPRESENTATION_CONTEXT('2D SPACE',''
  ) );
#1241 = PCURVE('',#1127,#1242);
#1242 = DEFINITIONAL_REPRESENTATION('',(#1243),#1247);
#1243 = LINE('',#1244,#1245);
#1244 = CARTESIAN_POINT('',(200.,0.));
#1245 = VECTOR('',#1246,1.);
#1246 = DIRECTION('',(0.,1.));
#1247 = ( GEOMETRIC_REPRESENTATION_CONTEXT(2) 
PARAMETRIC_REPRESENTATION_CONTEXT() REPRESENTATION_CONTEXT('2D SPACE',''
  ) );
#1248 = ORIENTED_EDGE('',*,*,#1249,.T.);
#1249 = EDGE_CURVE('',#1227,#1250,#1252,.T.);
#1250 = VERTEX_POINT('',#1251);
#1251 = CARTESIAN_POINT('',(100.,65.,70.));
#1252 = SURFACE_CURVE('',#1253,(#1257,#1264),.PCURVE_S1.);
#1253 = LINE('',#1254,#1255);
#1254 = CARTESIAN_POINT('',(100.,65.,-70.));
#1255 = VECTOR('',#1256,1.);
#1256 = DIRECTION('',(0.,0.,1.));
#1257 = PCURVE('',#1207,#1258);
#1258 = DEFINITIONAL_REPRESENTATION('',(#1259),#1263);
#1259 = LINE('',#1260,#1261);
#1260 = CARTESIAN_POINT('',(0.,-130.));
#1261 = VECTOR('',#1262,1.);
#1262 = DIRECTION('',(1.,0.));
#1263 = ( GEOMETRIC_REPRESENTATION_CONTEXT(2) 
PARAMETRIC_REPRESENTATION_CONTEXT() REPRESENTATION_CONTEXT('2D SPACE',''
  ) );
#1264 = PCURVE('',#1155,#1265);
#1265 = DEFINITIONAL_REPRESENTATION('',(#1266),#1270);
#1266 = LINE('',#1267,#1268);
#1267 = CARTESIAN_POINT('',(0.,200.));
#1268 = VECTOR('',#1269,1.);
#1269 = DIRECTION('',(1.,0.));
#1270 = ( GEOMETRIC_REPRESENTATION_CONTEXT(2) 
PARAMETRIC_REPRESENTATION_CONTEXT() REPRESENTATION_CONTEXT('2D SPACE',''
  ) );
#1271 = ORIENTED_EDGE('',*,*,#1272,.F.);
#1272 = EDGE_CURVE('',#1199,#1250,#1273,.T.);
#1273 = SURFACE_CURVE('',#1274,(#1278,#1285),.PCURVE_S1.);
#1274 = LINE('',#1275,#1276);
#1275 = CARTESIAN_POINT('',(100.,-65.,70.));
#1276 = VECTOR('',#1277,1.);
#1277 = DIRECTION('',(-0.,1.,0.));
#1278 = PCURVE('',#1207,#1279);
#1279 = DEFINITIONAL_REPRESENTATION('',(#1280),#1284);
#1280 = LINE('',#1281,#1282);
#1281 = CARTESIAN_POINT('',(140.,0.));
#1282 = VECTOR('',#1283,1.);
#1283 = DIRECTION('',(0.,-1.));
#1284 = ( GEOMETRIC_REPRESENTATION_CONTEXT(2) 
PARAMETRIC_REPRESENTATION_CONTEXT() REPRESENTATION_CONTEXT('2D SPACE',''
  ) );
#1285 = PCURVE('',#1181,#1286);
#1286 = DEFINITIONAL_REPRESENTATION('',(#1287),#1291);
#1287 = LINE('',#1288,#1289);
#1288 = CARTESIAN_POINT('',(200.,0.));
#1289 = VECTOR('',#1290,1.);
#1290 = DIRECTION('',(0.,1.));
#1291 = ( GEOMETRIC_REPRESENTATION_CONTEXT(2) 
PARAMETRIC_REPRESENTATION_CONTEXT() REPRESENTATION_CONTEXT('2D SPACE',''
  ) );
#1292 = ADVANCED_FACE('',(#1293),#1099,.F.);
#1293 = FACE_BOUND('',#1294,.F.);
#1294 = EDGE_LOOP('',(#1295,#1316,#1317,#1338));
#1295 = ORIENTED_EDGE('',*,*,#1296,.F.);
#1296 = EDGE_CURVE('',#1077,#1197,#1297,.T.);
#1297 = SURFACE_CURVE('',#1298,(#1302,#1309),.PCURVE_S1.);
#1298 = LINE('',#1299,#1300);
#1299 = CARTESIAN_POINT('',(-100.,-65.,-70.));
#1300 = VECTOR('',#1301,1.);
#1301 = DIRECTION('',(1.,0.,-0.));
#1302 = PCURVE('',#1099,#1303);
#1303 = DEFINITIONAL_REPRESENTATION('',(#1304),#1308);
#1304 = LINE('',#1305,#1306);
#1305 = CARTESIAN_POINT('',(0.,0.));
#1306 = VECTOR('',#1307,1.);
#1307 = DIRECTION('',(0.,1.));
#1308 = ( GEOMETRIC_REPRESENTATION_CONTEXT(2) 
PARAMETRIC_REPRESENTATION_CONTEXT() REPRESENTATION_CONTEXT('2D SPACE',''
  ) );
#1309 = PCURVE('',#1127,#1310);
#1310 = DEFINITIONAL_REPRESENTATION('',(#1311),#1315);
#1311 = LINE('',#1312,#1313);
#1312 = CARTESIAN_POINT('',(0.,0.));
#1313 = VECTOR('',#1314,1.);
#1314 = DIRECTION('',(1.,0.));
#1315 = ( GEOMETRIC_REPRESENTATION_CONTEXT(2) 
PARAMETRIC_REPRESENTATION_CONTEXT() REPRESENTATION_CONTEXT('2D SPACE',''
  ) );
#1316 = ORIENTED_EDGE('',*,*,#1076,.T.);
#1317 = ORIENTED_EDGE('',*,*,#1318,.T.);
#1318 = EDGE_CURVE('',#1079,#1199,#1319,.T.);
#1319 = SURFACE_CURVE('',#1320,(#1324,#1331),.PCURVE_S1.);
#1320 = LINE('',#1321,#1322);
#1321 = CARTESIAN_POINT('',(-100.,-65.,70.));
#1322 = VECTOR('',#1323,1.);
#1323 = DIRECTION('',(1.,0.,-0.));
#1324 = PCURVE('',#1099,#1325);
#1325 = DEFINITIONAL_REPRESENTATION('',(#1326),#1330);
#1326 = LINE('',#1327,#1328);
#1327 = CARTESIAN_POINT('',(140.,0.));
#1328 = VECTOR('',#1329,1.);
#1329 = DIRECTION('',(0.,1.));
#1330 = ( GEOMETRIC_REPRESENTATION_CONTEXT(2) 
PARAMETRIC_REPRESENTATION_CONTEXT() REPRESENTATION_CONTEXT('2D SPACE',''
  ) );
#1331 = PCURVE('',#1181,#1332);
#1332 = DEFINITIONAL_REPRESENTATION('',(#1333),#1337);
#1333 = LINE('',#1334,#1335);
#1334 = CARTESIAN_POINT('',(0.,0.));
#1335 = VECTOR('',#1336,1.);
#1336 = DIRECTION('',(1.,0.));
#1337 = ( GEOMETRIC_REPRESENTATION_CONTEXT(2) 
PARAMETRIC_REPRESENTATION_CONTEXT() REPRESENTATION_CONTEXT('2D SPACE',''
  ) );
#1338 = ORIENTED_EDGE('',*,*,#1196,.F.);
#1339 = ADVANCED_FACE('',(#1340),#1155,.T.);
#1340 = FACE_BOUND('',#1341,.T.);
#1341 = EDGE_LOOP('',(#1342,#1363,#1364,#1385));
#1342 = ORIENTED_EDGE('',*,*,#1343,.F.);
#1343 = EDGE_CURVE('',#1112,#1227,#1344,.T.);
#1344 = SURFACE_CURVE('',#1345,(#1349,#1356),.PCURVE_S1.);
#1345 = LINE('',#1346,#1347);
#1346 = CARTESIAN_POINT('',(-100.,65.,-70.));
#1347 = VECTOR('',#1348,1.);
#1348 = DIRECTION('',(1.,0.,-0.));
#1349 = PCURVE('',#1155,#1350);
#1350 = DEFINITIONAL_REPRESENTATION('',(#1351),#1355);
#1351 = LINE('',#1352,#1353);
#1352 = CARTESIAN_POINT('',(0.,0.));
#1353 = VECTOR('',#1354,1.);
#1354 = DIRECTION('',(0.,1.));
#1355 = ( GEOMETRIC_REPRESENTATION_CONTEXT(2) 
PARAMETRIC_REPRESENTATION_CONTEXT() REPRESENTATION_CONTEXT('2D SPACE',''
  ) );
#1356 = PCURVE('',#1127,#1357);
#1357 = DEFINITIONAL_REPRESENTATION('',(#1358),#1362);
#1358 = LINE('',#1359,#1360);
#1359 = CARTESIAN_POINT('',(0.,130.));
#1360 = VECTOR('',#1361,1.);
#1361 = DIRECTION('',(1.,0.));
#1362 = ( GEOMETRIC_REPRESENTATION_CONTEXT(2) 
PARAMETRIC_REPRESENTATION_CONTEXT() REPRESENTATION_CONTEXT('2D SPACE',''
  ) );
#1363 = ORIENTED_EDGE('',*,*,#1139,.T.);
#1364 = ORIENTED_EDGE('',*,*,#1365,.T.);
#1365 = EDGE_CURVE('',#1140,#1250,#1366,.T.);
#1366 = SURFACE_CURVE('',#1367,(#1371,#1378),.PCURVE_S1.);
#1367 = LINE('',#1368,#1369);
#1368 = CARTESIAN_POINT('',(-100.,65.,70.));
#1369 = VECTOR('',#1370,1.);
#1370 = DIRECTION('',(1.,0.,-0.));
#1371 = PCURVE('',#1155,#1372);
#1372 = DEFINITIONAL_REPRESENTATION('',(#1373),#1377);
#1373 = LINE('',#1374,#1375);
#1374 = CARTESIAN_POINT('',(140.,0.));
#1375 = VECTOR('',#1376,1.);
#1376 = DIRECTION('',(0.,1.));
#1377 = ( GEOMETRIC_REPRESENTATION_CONTEXT(2) 
PARAMETRIC_REPRESENTATION_CONTEXT() REPRESENTATION_CONTEXT('2D SPACE',''
  ) );
#1378 = PCURVE('',#1181,#1379);
#1379 = DEFINITIONAL_REPRESENTATION('',(#1380),#1384);
#1380 = LINE('',#1381,#1382);
#1381 = CARTESIAN_POINT('',(0.,130.));
#1382 = VECTOR('',#1383,1.);
#1383 = DIRECTION('',(1.,0.));
#1384 = ( GEOMETRIC_REPRESENTATION_CONTEXT(2) 
PARAMETRIC_REPRESENTATION_CONTEXT() REPRESENTATION_CONTEXT('2D SPACE',''
  ) );
#1385 = ORIENTED_EDGE('',*,*,#1249,.F.);
#1386 = ADVANCED_FACE('',(#1387),#1127,.F.);
#1387 = FACE_BOUND('',#1388,.F.);
#1388 = EDGE_LOOP('',(#1389,#1390,#1391,#1392));
#1389 = ORIENTED_EDGE('',*,*,#1111,.F.);
#1390 = ORIENTED_EDGE('',*,*,#1296,.T.);
#1391 = ORIENTED_EDGE('',*,*,#1226,.T.);
#1392 = ORIENTED_EDGE('',*,*,#1343,.F.);
#1393 = ADVANCED_FACE('',(#1394),#1181,.T.);
#1394 = FACE_BOUND('',#1395,.T.);
#1395 = EDGE_LOOP('',(#1396,#1397,#1398,#1399));
#1396 = ORIENTED_EDGE('',*,*,#1167,.F.);
#1397 = ORIENTED_EDGE('',*,*,#1318,.T.);
#1398 = ORIENTED_EDGE('',*,*,#1272,.T.);
#1399 = ORIENTED_EDGE('',*,*,#1365,.F.);
#1400 = ( GEOMETRIC_REPRESENTATION_CONTEXT(3) 
GLOBAL_UNCERTAINTY_ASSIGNED_CONTEXT((#1404)) 
GLOBAL_UNIT_ASSIGNED_CONTEXT((#1401,#1402,#1403)) REPRESENTATION_CONTEXT
('Context #1','3D Context with UNIT and UNCERTAINTY') );
#1401 = ( LENGTH_UNIT() NAMED_UNIT(*) SI_UNIT(.MILLI.,.METRE.) );
#1402 = ( NAMED_UNIT(*) PLANE_ANGLE_UNIT() SI_UNIT($,.RADIAN.) );
#1403 = ( NAMED_UNIT(*) SI_UNIT($,.STERADIAN.) SOLID_ANGLE_UNIT() );
#1404 = UNCERTAINTY_MEASURE_WITH_UNIT(LENGTH_MEASURE(1.E-07),#1401,
  'distance_accuracy_value','confusion accuracy');
#1405 = CONTEXT_DEPENDENT_SHAPE_REPRESENTATION(#1406,#1408);
#1406 = ( REPRESENTATION_RELATIONSHIP('','',#1069,#10) 
REPRESENTATION_RELATIONSHIP_WITH_TRANSFORMATION(#1407) 
SHAPE_REPRESENTATION_RELATIONSHIP() );
#1407 = ITEM_DEFINED_TRANSFORMATION('','',#11,#19);
#1408 = PRODUCT_DEFINITION_SHAPE('Placement','Placement of an item',
  #1409);
#1409 = NEXT_ASSEMBLY_USAGE_OCCURRENCE('20','=>[0:1:1:3]','',#5,#1064,$
  );
#1410 = PRODUCT_RELATED_PRODUCT_CATEGORY('part',$,(#1066));
#1411 = SHAPE_DEFINITION_REPRESENTATION(#1412,#1418);
#1412 = PRODUCT_DEFINITION_SHAPE('','',#1413);
#1413 = PRODUCT_DEFINITION('design','',#1414,#1417);
#1414 = PRODUCT_DEFINITION_FORMATION('','',#1415);
#1415 = PRODUCT('COMPOUND','COMPOUND','',(#1416));
#1416 = PRODUCT_CONTEXT('',#2,'mechanical');
#1417 = PRODUCT_DEFINITION_CONTEXT('part definition',#2,'design');
#1418 = ADVANCED_BREP_SHAPE_REPRESENTATION('',(#11,#1419),#1517);
#1419 = MANIFOLD_SOLID_BREP('',#1420);
#1420 = CLOSED_SHELL('',(#1421,#1509,#1513));
#1421 = ADVANCED_FACE('',(#1422),#1435,.T.);
#1422 = FACE_BOUND('',#1423,.T.);
#1423 = EDGE_LOOP('',(#1424,#1458,#1481,#1508));
#1424 = ORIENTED_EDGE('',*,*,#1425,.F.);
#1425 = EDGE_CURVE('',#1426,#1426,#1428,.T.);
#1426 = VERTEX_POINT('',#1427);
#1427 = CARTESIAN_POINT('',(45.,-1.102182119233E-14,120.));
#1428 = SURFACE_CURVE('',#1429,(#1434,#1446),.PCURVE_S1.);
#1429 = CIRCLE('',#1430,45.);
#1430 = AXIS2_PLACEMENT_3D('',#1431,#1432,#1433);
#1431 = CARTESIAN_POINT('',(0.,0.,120.));
#1432 = DIRECTION('',(0.,0.,1.));
#1433 = DIRECTION('',(1.,0.,-0.));
#1434 = PCURVE('',#1435,#1440);
#1435 = CYLINDRICAL_SURFACE('',#1436,45.);
#1436 = AXIS2_PLACEMENT_3D('',#1437,#1438,#1439);
#1437 = CARTESIAN_POINT('',(0.,0.,-120.));
#1438 = DIRECTION('',(0.,0.,1.));
#1439 = DIRECTION('',(1.,0.,-0.));
#1440 = DEFINITIONAL_REPRESENTATION('',(#1441),#1445);
#1441 = LINE('',#1442,#1443);
#1442 = CARTESIAN_POINT('',(0.,240.));
#1443 = VECTOR('',#1444,1.);
#1444 = DIRECTION('',(1.,0.));
#1445 = ( GEOMETRIC_REPRESENTATION_CONTEXT(2) 
PARAMETRIC_REPRESENTATION_CONTEXT() REPRESENTATION_CONTEXT('2D SPACE',''
  ) );
#1446 = PCURVE('',#1447,#1452);
#1447 = PLANE('',#1448);
#1448 = AXIS2_PLACEMENT_3D('',#1449,#1450,#1451);
#1449 = CARTESIAN_POINT('',(0.,0.,120.));
#1450 = DIRECTION('',(0.,0.,1.));
#1451 = DIRECTION('',(1.,0.,-0.));
#1452 = DEFINITIONAL_REPRESENTATION('',(#1453),#1457);
#1453 = CIRCLE('',#1454,45.);
#1454 = AXIS2_PLACEMENT_2D('',#1455,#1456);
#1455 = CARTESIAN_POINT('',(0.,0.));
#1456 = DIRECTION('',(1.,0.));
#1457 = ( GEOMETRIC_REPRESENTATION_CONTEXT(2) 
PARAMETRIC_REPRESENTATION_CONTEXT() REPRESENTATION_CONTEXT('2D SPACE',''
  ) );
#1458 = ORIENTED_EDGE('',*,*,#1459,.F.);
#1459 = EDGE_CURVE('',#1460,#1426,#1462,.T.);
#1460 = VERTEX_POINT('',#1461);
#1461 = CARTESIAN_POINT('',(45.,-1.102182119233E-14,-120.));
#1462 = SEAM_CURVE('',#1463,(#1467,#1474),.PCURVE_S1.);
#1463 = LINE('',#1464,#1465);
#1464 = CARTESIAN_POINT('',(45.,-1.102182119233E-14,-120.));
#1465 = VECTOR('',#1466,1.);
#1466 = DIRECTION('',(0.,0.,1.));
#1467 = PCURVE('',#1435,#1468);
#1468 = DEFINITIONAL_REPRESENTATION('',(#1469),#1473);
#1469 = LINE('',#1470,#1471);
#1470 = CARTESIAN_POINT('',(6.28318530718,-0.));
#1471 = VECTOR('',#1472,1.);
#1472 = DIRECTION('',(0.,1.));
#1473 = ( GEOMETRIC_REPRESENTATION_CONTEXT(2) 
PARAMETRIC_REPRESENTATION_CONTEXT() REPRESENTATION_CONTEXT('2D SPACE',''
  ) );
#1474 = PCURVE('',#1435,#1475);
#1475 = DEFINITIONAL_REPRESENTATION('',(#1476),#1480);
#1476 = LINE('',#1477,#1478);
#1477 = CARTESIAN_POINT('',(0.,-0.));
#1478 = VECTOR('',#1479,1.);
#1479 = DIRECTION('',(0.,1.));
#1480 = ( GEOMETRIC_REPRESENTATION_CONTEXT(2) 
PARAMETRIC_REPRESENTATION_CONTEXT() REPRESENTATION_CONTEXT('2D SPACE',''
  ) );
#1481 = ORIENTED_EDGE('',*,*,#1482,.T.);
#1482 = EDGE_CURVE('',#1460,#1460,#1483,.T.);
#1483 = SURFACE_CURVE('',#1484,(#1489,#1496),.PCURVE_S1.);
#1484 = CIRCLE('',#1485,45.);
#1485 = AXIS2_PLACEMENT_3D('',#1486,#1487,#1488);
#1486 = CARTESIAN_POINT('',(0.,0.,-120.));
#1487 = DIRECTION('',(0.,0.,1.));
#1488 = DIRECTION('',(1.,0.,-0.));
#1489 = PCURVE('',#1435,#1490);
#1490 = DEFINITIONAL_REPRESENTATION('',(#1491),#1495);
#1491 = LINE('',#1492,#1493);
#1492 = CARTESIAN_POINT('',(0.,0.));
#1493 = VECTOR('',#1494,1.);
#1494 = DIRECTION('',(1.,0.));
#1495 = ( GEOMETRIC_REPRESENTATION_CONTEXT(2) 
PARAMETRIC_REPRESENTATION_CONTEXT() REPRESENTATION_CONTEXT('2D SPACE',''
  ) );
#1496 = PCURVE('',#1497,#1502);
#1497 = PLANE('',#1498);
#1498 = AXIS2_PLACEMENT_3D('',#1499,#1500,#1501);
#1499 = CARTESIAN_POINT('',(0.,0.,-120.));
#1500 = DIRECTION('',(0.,0.,1.));
#1501 = DIRECTION('',(1.,0.,-0.));
#1502 = DEFINITIONAL_REPRESENTATION('',(#1503),#1507);
#1503 = CIRCLE('',#1504,45.);
#1504 = AXIS2_PLACEMENT_2D('',#1505,#1506);
#1505 = CARTESIAN_POINT('',(0.,0.));
#1506 = DIRECTION('',(1.,0.));
#1507 = ( GEOMETRIC_REPRESENTATION_CONTEXT(2) 
PARAMETRIC_REPRESENTATION_CONTEXT() REPRESENTATION_CONTEXT('2D SPACE',''
  ) );
#1508 = ORIENTED_EDGE('',*,*,#1459,.T.);
#1509 = ADVANCED_FACE('',(#1510),#1447,.T.);
#1510 = FACE_BOUND('',#1511,.T.);
#1511 = EDGE_LOOP('',(#1512));
#1512 = ORIENTED_EDGE('',*,*,#1425,.T.);
#1513 = ADVANCED_FACE('',(#1514),#1497,.F.);
#1514 = FACE_BOUND('',#1515,.T.);
#1515 = EDGE_LOOP('',(#1516));
#1516 = ORIENTED_EDGE('',*,*,#1482,.F.);
#1517 = ( GEOMETRIC_REPRESENTATION_CONTEXT(3) 
GLOBAL_UNCERTAINTY_ASSIGNED_CONTEXT((#1521)) 
GLOBAL_UNIT_ASSIGNED_CONTEXT((#1518,#1519,#1520)) REPRESENTATION_CONTEXT
('Context #1','3D Context with UNIT and UNCERTAINTY') );
#1518 = ( LENGTH_UNIT() NAMED_UNIT(*) SI_UNIT(.MILLI.,.METRE.) );
#1519 = ( NAMED_UNIT(*) PLANE_ANGLE_UNIT() SI_UNIT($,.RADIAN.) );
#1520 = ( NAMED_UNIT(*) SI_UNIT($,.STERADIAN.) SOLID_ANGLE_UNIT() );
#1521 = UNCERTAINTY_MEASURE_WITH_UNIT(LENGTH_MEASURE(1.E-07),#1518,
  'distance_accuracy_value','confusion accuracy');
#1522 = CONTEXT_DEPENDENT_SHAPE_REPRESENTATION(#1523,#1525);
#1523 = ( REPRESENTATION_RELATIONSHIP('','',#1418,#10) 
REPRESENTATION_RELATIONSHIP_WITH_TRANSFORMATION(#1524) 
SHAPE_REPRESENTATION_RELATIONSHIP() );
#1524 = ITEM_DEFINED_TRANSFORMATION('','',#11,#23);
#1525 = PRODUCT_DEFINITION_SHAPE('Placement','Placement of an item',
  #1526);
#1526 = NEXT_ASSEMBLY_USAGE_OCCURRENCE('21','=>[0:1:1:4]','',#5,#1413,$
  );
#1527 = PRODUCT_RELATED_PRODUCT_CATEGORY('part',$,(#1415));
#1528 = SHAPE_DEFINITION_REPRESENTATION(#1529,#1535);
#1529 = PRODUCT_DEFINITION_SHAPE('','',#1530);
#1530 = PRODUCT_DEFINITION('design','',#1531,#1534);
#1531 = PRODUCT_DEFINITION_FORMATION('','',#1532);
#1532 = PRODUCT('COMPOUND','COMPOUND','',(#1533));
#1533 = PRODUCT_CONTEXT('',#2,'mechanical');
#1534 = PRODUCT_DEFINITION_CONTEXT('part definition',#2,'design');
#1535 = SHAPE_REPRESENTATION('',(#11,#1536,#1866),#1964);
#1536 = MANIFOLD_SOLID_BREP('',#1537);
#1537 = CLOSED_SHELL('',(#1538,#1658,#1758,#1805,#1852,#1859));
#1538 = ADVANCED_FACE('',(#1539),#1553,.F.);
#1539 = FACE_BOUND('',#1540,.F.);
#1540 = EDGE_LOOP('',(#1541,#1576,#1604,#1632));
#1541 = ORIENTED_EDGE('',*,*,#1542,.F.);
#1542 = EDGE_CURVE('',#1543,#1545,#1547,.T.);
#1543 = VERTEX_POINT('',#1544);
#1544 = CARTESIAN_POINT('',(-1.385E+03,830.,995.));
#1545 = VERTEX_POINT('',#1546);
#1546 = CARTESIAN_POINT('',(-1.385E+03,830.,1.065E+03));
#1547 = SURFACE_CURVE('',#1548,(#1552,#1564),.PCURVE_S1.);
#1548 = LINE('',#1549,#1550);
#1549 = CARTESIAN_POINT('',(-1.385E+03,830.,995.));
#1550 = VECTOR('',#1551,1.);
#1551 = DIRECTION('',(0.,0.,1.));
#1552 = PCURVE('',#1553,#1558);
#1553 = PLANE('',#1554);
#1554 = AXIS2_PLACEMENT_3D('',#1555,#1556,#1557);
#1555 = CARTESIAN_POINT('',(-1.385E+03,830.,995.));
#1556 = DIRECTION('',(1.,0.,-0.));
#1557 = DIRECTION('',(0.,0.,1.));
#1558 = DEFINITIONAL_REPRESENTATION('',(#1559),#1563);
#1559 = LINE('',#1560,#1561);
#1560 = CARTESIAN_POINT('',(0.,0.));
#1561 = VECTOR('',#1562,1.);
#1562 = DIRECTION('',(1.,0.));
#1563 = ( GEOMETRIC_REPRESENTATION_CONTEXT(2) 
PARAMETRIC_REPRESENTATION_CONTEXT() REPRESENTATION_CONTEXT('2D SPACE',''
  ) );
#1564 = PCURVE('',#1565,#1570);
#1565 = PLANE('',#1566);
#1566 = AXIS2_PLACEMENT_3D('',#1567,#1568,#1569);
#1567 = CARTESIAN_POINT('',(-1.385E+03,830.,995.));
#1568 = DIRECTION('',(-0.,1.,0.));
#1569 = DIRECTION('',(0.,0.,1.));
#1570 = DEFINITIONAL_REPRESENTATION('',(#1571),#1575);
#1571 = LINE('',#1572,#1573);
#1572 = CARTESIAN_POINT('',(0.,0.));
#1573 = VECTOR('',#1574,1.);
#1574 = DIRECTION('',(1.,0.));
#1575 = ( GEOMETRIC_REPRESENTATION_CONTEXT(2) 
PARAMETRIC_REPRESENTATION_CONTEXT() REPRESENTATION_CONTEXT('2D SPACE',''
  ) );
#1576 = ORIENTED_EDGE('',*,*,#1577,.T.);
#1577 = EDGE_CURVE('',#1543,#1578,#1580,.T.);
#1578 = VERTEX_POINT('',#1579);
#1579 = CARTESIAN_POINT('',(-1.385E+03,890.,995.));
#1580 = SURFACE_CURVE('',#1581,(#1585,#1592),.PCURVE_S1.);
#1581 = LINE('',#1582,#1583);
#1582 = CARTESIAN_POINT('',(-1.385E+03,830.,995.));
#1583 = VECTOR('',#1584,1.);
#1584 = DIRECTION('',(-0.,1.,0.));
#1585 = PCURVE('',#1553,#1586);
#1586 = DEFINITIONAL_REPRESENTATION('',(#1587),#1591);
#1587 = LINE('',#1588,#1589);
#1588 = CARTESIAN_POINT('',(0.,0.));
#1589 = VECTOR('',#1590,1.);
#1590 = DIRECTION('',(0.,-1.));
#1591 = ( GEOMETRIC_REPRESENTATION_CONTEXT(2) 
PARAMETRIC_REPRESENTATION_CONTEXT() REPRESENTATION_CONTEXT('2D SPACE',''
  ) );
#1592 = PCURVE('',#1593,#1598);
#1593 = PLANE('',#1594);
#1594 = AXIS2_PLACEMENT_3D('',#1595,#1596,#1597);
#1595 = CARTESIAN_POINT('',(-1.385E+03,830.,995.));
#1596 = DIRECTION('',(0.,0.,1.));
#1597 = DIRECTION('',(1.,0.,-0.));
#1598 = DEFINITIONAL_REPRESENTATION('',(#1599),#1603);
#1599 = LINE('',#1600,#1601);
#1600 = CARTESIAN_POINT('',(0.,0.));
#1601 = VECTOR('',#1602,1.);
#1602 = DIRECTION('',(0.,1.));
#1603 = ( GEOMETRIC_REPRESENTATION_CONTEXT(2) 
PARAMETRIC_REPRESENTATION_CONTEXT() REPRESENTATION_CONTEXT('2D SPACE',''
  ) );
#1604 = ORIENTED_EDGE('',*,*,#1605,.T.);
#1605 = EDGE_CURVE('',#1578,#1606,#1608,.T.);
#1606 = VERTEX_POINT('',#1607);
#1607 = CARTESIAN_POINT('',(-1.385E+03,890.,1.065E+03));
#1608 = SURFACE_CURVE('',#1609,(#1613,#1620),.PCURVE_S1.);
#1609 = LINE('',#1610,#1611);
#1610 = CARTESIAN_POINT('',(-1.385E+03,890.,995.));
#1611 = VECTOR('',#1612,1.);
#1612 = DIRECTION('',(0.,0.,1.));
#1613 = PCURVE('',#1553,#1614);
#1614 = DEFINITIONAL_REPRESENTATION('',(#1615),#1619);
#1615 = LINE('',#1616,#1617);
#1616 = CARTESIAN_POINT('',(0.,-60.));
#1617 = VECTOR('',#1618,1.);
#1618 = DIRECTION('',(1.,0.));
#1619 = ( GEOMETRIC_REPRESENTATION_CONTEXT(2) 
PARAMETRIC_REPRESENTATION_CONTEXT() REPRESENTATION_CONTEXT('2D SPACE',''
  ) );
#1620 = PCURVE('',#1621,#1626);
#1621 = PLANE('',#1622);
#1622 = AXIS2_PLACEMENT_3D('',#1623,#1624,#1625);
#1623 = CARTESIAN_POINT('',(-1.385E+03,890.,995.));
#1624 = DIRECTION('',(-0.,1.,0.));
#1625 = DIRECTION('',(0.,0.,1.));
#1626 = DEFINITIONAL_REPRESENTATION('',(#1627),#1631);
#1627 = LINE('',#1628,#1629);
#1628 = CARTESIAN_POINT('',(0.,0.));
#1629 = VECTOR('',#1630,1.);
#1630 = DIRECTION('',(1.,0.));
#1631 = ( GEOMETRIC_REPRESENTATION_CONTEXT(2) 
PARAMETRIC_REPRESENTATION_CONTEXT() REPRESENTATION_CONTEXT('2D SPACE',''
  ) );
#1632 = ORIENTED_EDGE('',*,*,#1633,.F.);
#1633 = EDGE_CURVE('',#1545,#1606,#1634,.T.);
#1634 = SURFACE_CURVE('',#1635,(#1639,#1646),.PCURVE_S1.);
#1635 = LINE('',#1636,#1637);
#1636 = CARTESIAN_POINT('',(-1.385E+03,830.,1.065E+03));
#1637 = VECTOR('',#1638,1.);
#1638 = DIRECTION('',(-0.,1.,0.));
#1639 = PCURVE('',#1553,#1640);
#1640 = DEFINITIONAL_REPRESENTATION('',(#1641),#1645);
#1641 = LINE('',#1642,#1643);
#1642 = CARTESIAN_POINT('',(70.,0.));
#1643 = VECTOR('',#1644,1.);
#1644 = DIRECTION('',(0.,-1.));
#1645 = ( GEOMETRIC_REPRESENTATION_CONTEXT(2) 
PARAMETRIC_REPRESENTATION_CONTEXT() REPRESENTATION_CONTEXT('2D SPACE',''
  ) );
#1646 = PCURVE('',#1647,#1652);
#1647 = PLANE('',#1648);
#1648 = AXIS2_PLACEMENT_3D('',#1649,#1650,#1651);
#1649 = CARTESIAN_POINT('',(-1.385E+03,830.,1.065E+03));
#1650 = DIRECTION('',(0.,0.,1.));
#1651 = DIRECTION('',(1.,0.,-0.));
#1652 = DEFINITIONAL_REPRESENTATION('',(#1653),#1657);
#1653 = LINE('',#1654,#1655);
#1654 = CARTESIAN_POINT('',(0.,0.));
#1655 = VECTOR('',#1656,1.);
#1656 = DIRECTION('',(0.,1.));
#1657 = ( GEOMETRIC_REPRESENTATION_CONTEXT(2) 
PARAMETRIC_REPRESENTATION_CONTEXT() REPRESENTATION_CONTEXT('2D SPACE',''
  ) );
#1658 = ADVANCED_FACE('',(#1659),#1673,.T.);
#1659 = FACE_BOUND('',#1660,.T.);
#1660 = EDGE_LOOP('',(#1661,#1691,#1714,#1737));
#1661 = ORIENTED_EDGE('',*,*,#1662,.F.);
#1662 = EDGE_CURVE('',#1663,#1665,#1667,.T.);
#1663 = VERTEX_POINT('',#1664);
#1664 = CARTESIAN_POINT('',(-1.295E+03,830.,995.));
#1665 = VERTEX_POINT('',#1666);
#1666 = CARTESIAN_POINT('',(-1.295E+03,830.,1.065E+03));
#1667 = SURFACE_CURVE('',#1668,(#1672,#1684),.PCURVE_S1.);
#1668 = LINE('',#1669,#1670);
#1669 = CARTESIAN_POINT('',(-1.295E+03,830.,995.));
#1670 = VECTOR('',#1671,1.);
#1671 = DIRECTION('',(0.,0.,1.));
#1672 = PCURVE('',#1673,#1678);
#1673 = PLANE('',#1674);
#1674 = AXIS2_PLACEMENT_3D('',#1675,#1676,#1677);
#1675 = CARTESIAN_POINT('',(-1.295E+03,830.,995.));
#1676 = DIRECTION('',(1.,0.,-0.));
#1677 = DIRECTION('',(0.,0.,1.));
#1678 = DEFINITIONAL_REPRESENTATION('',(#1679),#1683);
#1679 = LINE('',#1680,#1681);
#1680 = CARTESIAN_POINT('',(0.,0.));
#1681 = VECTOR('',#1682,1.);
#1682 = DIRECTION('',(1.,0.));
#1683 = ( GEOMETRIC_REPRESENTATION_CONTEXT(2) 
PARAMETRIC_REPRESENTATION_CONTEXT() REPRESENTATION_CONTEXT('2D SPACE',''
  ) );
#1684 = PCURVE('',#1565,#1685);
#1685 = DEFINITIONAL_REPRESENTATION('',(#1686),#1690);
#1686 = LINE('',#1687,#1688);
#1687 = CARTESIAN_POINT('',(0.,90.));
#1688 = VECTOR('',#1689,1.);
#1689 = DIRECTION('',(1.,0.));
#1690 = ( GEOMETRIC_REPRESENTATION_CONTEXT(2) 
PARAMETRIC_REPRESENTATION_CONTEXT() REPRESENTATION_CONTEXT('2D SPACE',''
  ) );
#1691 = ORIENTED_EDGE('',*,*,#1692,.T.);
#1692 = EDGE_CURVE('',#1663,#1693,#1695,.T.);
#1693 = VERTEX_POINT('',#1694);
#1694 = CARTESIAN_POINT('',(-1.295E+03,890.,995.));
#1695 = SURFACE_CURVE('',#1696,(#1700,#1707),.PCURVE_S1.);
#1696 = LINE('',#1697,#1698);
#1697 = CARTESIAN_POINT('',(-1.295E+03,830.,995.));
#1698 = VECTOR('',#1699,1.);
#1699 = DIRECTION('',(-0.,1.,0.));
#1700 = PCURVE('',#1673,#1701);
#1701 = DEFINITIONAL_REPRESENTATION('',(#1702),#1706);
#1702 = LINE('',#1703,#1704);
#1703 = CARTESIAN_POINT('',(0.,0.));
#1704 = VECTOR('',#1705,1.);
#1705 = DIRECTION('',(0.,-1.));
#1706 = ( GEOMETRIC_REPRESENTATION_CONTEXT(2) 
PARAMETRIC_REPRESENTATION_CONTEXT() REPRESENTATION_CONTEXT('2D SPACE',''
  ) );
#1707 = PCURVE('',#1593,#1708);
#1708 = DEFINITIONAL_REPRESENTATION('',(#1709),#1713);
#1709 = LINE('',#1710,#1711);
#1710 = CARTESIAN_POINT('',(90.,0.));
#1711 = VECTOR('',#1712,1.);
#1712 = DIRECTION('',(0.,1.));
#1713 = ( GEOMETRIC_REPRESENTATION_CONTEXT(2) 
PARAMETRIC_REPRESENTATION_CONTEXT() REPRESENTATION_CONTEXT('2D SPACE',''
  ) );
#1714 = ORIENTED_EDGE('',*,*,#1715,.T.);
#1715 = EDGE_CURVE('',#1693,#1716,#1718,.T.);
#1716 = VERTEX_POINT('',#1717);
#1717 = CARTESIAN_POINT('',(-1.295E+03,890.,1.065E+03));
#1718 = SURFACE_CURVE('',#1719,(#1723,#1730),.PCURVE_S1.);
#1719 = LINE('',#1720,#1721);
#1720 = CARTESIAN_POINT('',(-1.295E+03,890.,995.));
#1721 = VECTOR('',#1722,1.);
#1722 = DIRECTION('',(0.,0.,1.));
#1723 = PCURVE('',#1673,#1724);
#1724 = DEFINITIONAL_REPRESENTATION('',(#1725),#1729);
#1725 = LINE('',#1726,#1727);
#1726 = CARTESIAN_POINT('',(0.,-60.));
#1727 = VECTOR('',#1728,1.);
#1728 = DIRECTION('',(1.,0.));
#1729 = ( GEOMETRIC_REPRESENTATION_CONTEXT(2) 
PARAMETRIC_REPRESENTATION_CONTEXT() REPRESENTATION_CONTEXT('2D SPACE',''
  ) );
#1730 = PCURVE('',#1621,#1731);
#1731 = DEFINITIONAL_REPRESENTATION('',(#1732),#1736);
#1732 = LINE('',#1733,#1734);
#1733 = CARTESIAN_POINT('',(0.,90.));
#1734 = VECTOR('',#1735,1.);
#1735 = DIRECTION('',(1.,0.));
#1736 = ( GEOMETRIC_REPRESENTATION_CONTEXT(2) 
PARAMETRIC_REPRESENTATION_CONTEXT() REPRESENTATION_CONTEXT('2D SPACE',''
  ) );
#1737 = ORIENTED_EDGE('',*,*,#1738,.F.);
#1738 = EDGE_CURVE('',#1665,#1716,#1739,.T.);
#1739 = SURFACE_CURVE('',#1740,(#1744,#1751),.PCURVE_S1.);
#1740 = LINE('',#1741,#1742);
#1741 = CARTESIAN_POINT('',(-1.295E+03,830.,1.065E+03));
#1742 = VECTOR('',#1743,1.);
#1743 = DIRECTION('',(-0.,1.,0.));
#1744 = PCURVE('',#1673,#1745);
#1745 = DEFINITIONAL_REPRESENTATION('',(#1746),#1750);
#1746 = LINE('',#1747,#1748);
#1747 = CARTESIAN_POINT('',(70.,0.));
#1748 = VECTOR('',#1749,1.);
#1749 = DIRECTION('',(0.,-1.));
#1750 = ( GEOMETRIC_REPRESENTATION_CONTEXT(2) 
PARAMETRIC_REPRESENTATION_CONTEXT() REPRESENTATION_CONTEXT('2D SPACE',''
  ) );
#1751 = PCURVE('',#1647,#1752);
#1752 = DEFINITIONAL_REPRESENTATION('',(#1753),#1757);
#1753 = LINE('',#1754,#1755);
#1754 = CARTESIAN_POINT('',(90.,0.));
#1755 = VECTOR('',#1756,1.);
#1756 = DIRECTION('',(0.,1.));
#1757 = ( GEOMETRIC_REPRESENTATION_CONTEXT(2) 
PARAMETRIC_REPRESENTATION_CONTEXT() REPRESENTATION_CONTEXT('2D SPACE',''
  ) );
#1758 = ADVANCED_FACE('',(#1759),#1565,.F.);
#1759 = FACE_BOUND('',#1760,.F.);
#1760 = EDGE_LOOP('',(#1761,#1782,#1783,#1804));
#1761 = ORIENTED_EDGE('',*,*,#1762,.F.);
#1762 = EDGE_CURVE('',#1543,#1663,#1763,.T.);
#1763 = SURFACE_CURVE('',#1764,(#1768,#1775),.PCURVE_S1.);
#1764 = LINE('',#1765,#1766);
#1765 = CARTESIAN_POINT('',(-1.385E+03,830.,995.));
#1766 = VECTOR('',#1767,1.);
#1767 = DIRECTION('',(1.,0.,-0.));
#1768 = PCURVE('',#1565,#1769);
#1769 = DEFINITIONAL_REPRESENTATION('',(#1770),#1774);
#1770 = LINE('',#1771,#1772);
#1771 = CARTESIAN_POINT('',(0.,0.));
#1772 = VECTOR('',#1773,1.);
#1773 = DIRECTION('',(0.,1.));
#1774 = ( GEOMETRIC_REPRESENTATION_CONTEXT(2) 
PARAMETRIC_REPRESENTATION_CONTEXT() REPRESENTATION_CONTEXT('2D SPACE',''
  ) );
#1775 = PCURVE('',#1593,#1776);
#1776 = DEFINITIONAL_REPRESENTATION('',(#1777),#1781);
#1777 = LINE('',#1778,#1779);
#1778 = CARTESIAN_POINT('',(0.,0.));
#1779 = VECTOR('',#1780,1.);
#1780 = DIRECTION('',(1.,0.));
#1781 = ( GEOMETRIC_REPRESENTATION_CONTEXT(2) 
PARAMETRIC_REPRESENTATION_CONTEXT() REPRESENTATION_CONTEXT('2D SPACE',''
  ) );
#1782 = ORIENTED_EDGE('',*,*,#1542,.T.);
#1783 = ORIENTED_EDGE('',*,*,#1784,.T.);
#1784 = EDGE_CURVE('',#1545,#1665,#1785,.T.);
#1785 = SURFACE_CURVE('',#1786,(#1790,#1797),.PCURVE_S1.);
#1786 = LINE('',#1787,#1788);
#1787 = CARTESIAN_POINT('',(-1.385E+03,830.,1.065E+03));
#1788 = VECTOR('',#1789,1.);
#1789 = DIRECTION('',(1.,0.,-0.));
#1790 = PCURVE('',#1565,#1791);
#1791 = DEFINITIONAL_REPRESENTATION('',(#1792),#1796);
#1792 = LINE('',#1793,#1794);
#1793 = CARTESIAN_POINT('',(70.,0.));
#1794 = VECTOR('',#1795,1.);
#1795 = DIRECTION('',(0.,1.));
#1796 = ( GEOMETRIC_REPRESENTATION_CONTEXT(2) 
PARAMETRIC_REPRESENTATION_CONTEXT() REPRESENTATION_CONTEXT('2D SPACE',''
  ) );
#1797 = PCURVE('',#1647,#1798);
#1798 = DEFINITIONAL_REPRESENTATION('',(#1799),#1803);
#1799 = LINE('',#1800,#1801);
#1800 = CARTESIAN_POINT('',(0.,0.));
#1801 = VECTOR('',#1802,1.);
#1802 = DIRECTION('',(1.,0.));
#1803 = ( GEOMETRIC_REPRESENTATION_CONTEXT(2) 
PARAMETRIC_REPRESENTATION_CONTEXT() REPRESENTATION_CONTEXT('2D SPACE',''
  ) );
#1804 = ORIENTED_EDGE('',*,*,#1662,.F.);
#1805 = ADVANCED_FACE('',(#1806),#1621,.T.);
#1806 = FACE_BOUND('',#1807,.T.);
#1807 = EDGE_LOOP('',(#1808,#1829,#1830,#1851));
#1808 = ORIENTED_EDGE('',*,*,#1809,.F.);
#1809 = EDGE_CURVE('',#1578,#1693,#1810,.T.);
#1810 = SURFACE_CURVE('',#1811,(#1815,#1822),.PCURVE_S1.);
#1811 = LINE('',#1812,#1813);
#1812 = CARTESIAN_POINT('',(-1.385E+03,890.,995.));
#1813 = VECTOR('',#1814,1.);
#1814 = DIRECTION('',(1.,0.,-0.));
#1815 = PCURVE('',#1621,#1816);
#1816 = DEFINITIONAL_REPRESENTATION('',(#1817),#1821);
#1817 = LINE('',#1818,#1819);
#1818 = CARTESIAN_POINT('',(0.,0.));
#1819 = VECTOR('',#1820,1.);
#1820 = DIRECTION('',(0.,1.));
#1821 = ( GEOMETRIC_REPRESENTATION_CONTEXT(2) 
PARAMETRIC_REPRESENTATION_CONTEXT() REPRESENTATION_CONTEXT('2D SPACE',''
  ) );
#1822 = PCURVE('',#1593,#1823);
#1823 = DEFINITIONAL_REPRESENTATION('',(#1824),#1828);
#1824 = LINE('',#1825,#1826);
#1825 = CARTESIAN_POINT('',(0.,60.));
#1826 = VECTOR('',#1827,1.);
#1827 = DIRECTION('',(1.,0.));
#1828 = ( GEOMETRIC_REPRESENTATION_CONTEXT(2) 
PARAMETRIC_REPRESENTATION_CONTEXT() REPRESENTATION_CONTEXT('2D SPACE',''
  ) );
#1829 = ORIENTED_EDGE('',*,*,#1605,.T.);
#1830 = ORIENTED_EDGE('',*,*,#1831,.T.);
#1831 = EDGE_CURVE('',#1606,#1716,#1832,.T.);
#1832 = SURFACE_CURVE('',#1833,(#1837,#1844),.PCURVE_S1.);
#1833 = LINE('',#1834,#1835);
#1834 = CARTESIAN_POINT('',(-1.385E+03,890.,1.065E+03));
#1835 = VECTOR('',#1836,1.);
#1836 = DIRECTION('',(1.,0.,-0.));
#1837 = PCURVE('',#1621,#1838);
#1838 = DEFINITIONAL_REPRESENTATION('',(#1839),#1843);
#1839 = LINE('',#1840,#1841);
#1840 = CARTESIAN_POINT('',(70.,0.));
#1841 = VECTOR('',#1842,1.);
#1842 = DIRECTION('',(0.,1.));
#1843 = ( GEOMETRIC_REPRESENTATION_CONTEXT(2) 
PARAMETRIC_REPRESENTATION_CONTEXT() REPRESENTATION_CONTEXT('2D SPACE',''
  ) );
#1844 = PCURVE('',#1647,#1845);
#1845 = DEFINITIONAL_REPRESENTATION('',(#1846),#1850);
#1846 = LINE('',#1847,#1848);
#1847 = CARTESIAN_POINT('',(0.,60.));
#1848 = VECTOR('',#1849,1.);
#1849 = DIRECTION('',(1.,0.));
#1850 = ( GEOMETRIC_REPRESENTATION_CONTEXT(2) 
PARAMETRIC_REPRESENTATION_CONTEXT() REPRESENTATION_CONTEXT('2D SPACE',''
  ) );
#1851 = ORIENTED_EDGE('',*,*,#1715,.F.);
#1852 = ADVANCED_FACE('',(#1853),#1593,.F.);
#1853 = FACE_BOUND('',#1854,.F.);
#1854 = EDGE_LOOP('',(#1855,#1856,#1857,#1858));
#1855 = ORIENTED_EDGE('',*,*,#1577,.F.);
#1856 = ORIENTED_EDGE('',*,*,#1762,.T.);
#1857 = ORIENTED_EDGE('',*,*,#1692,.T.);
#1858 = ORIENTED_EDGE('',*,*,#1809,.F.);
#1859 = ADVANCED_FACE('',(#1860),#1647,.T.);
#1860 = FACE_BOUND('',#1861,.T.);
#1861 = EDGE_LOOP('',(#1862,#1863,#1864,#1865));
#1862 = ORIENTED_EDGE('',*,*,#1633,.F.);
#1863 = ORIENTED_EDGE('',*,*,#1784,.T.);
#1864 = ORIENTED_EDGE('',*,*,#1738,.T.);
#1865 = ORIENTED_EDGE('',*,*,#1831,.F.);
#1866 = MANIFOLD_SOLID_BREP('',#1867);
#1867 = CLOSED_SHELL('',(#1868,#1956,#1960));
#1868 = ADVANCED_FACE('',(#1869),#1882,.T.);
#1869 = FACE_BOUND('',#1870,.T.);
#1870 = EDGE_LOOP('',(#1871,#1905,#1928,#1955));
#1871 = ORIENTED_EDGE('',*,*,#1872,.F.);
#1872 = EDGE_CURVE('',#1873,#1873,#1875,.T.);
#1873 = VERTEX_POINT('',#1874);
#1874 = CARTESIAN_POINT('',(12.,-973.9827533617,2.899150566439E+03));
#1875 = SURFACE_CURVE('',#1876,(#1881,#1893),.PCURVE_S1.);
#1876 = CIRCLE('',#1877,12.);
#1877 = AXIS2_PLACEMENT_3D('',#1878,#1879,#1880);
#1878 = CARTESIAN_POINT('',(0.,-973.9827533617,2.899150566439E+03));
#1879 = DIRECTION('',(0.,0.124034734589,0.992277876714));
#1880 = DIRECTION('',(1.,0.,-0.));
#1881 = PCURVE('',#1882,#1887);
#1882 = CYLINDRICAL_SURFACE('',#1883,12.);
#1883 = AXIS2_PLACEMENT_3D('',#1884,#1885,#1886);
#1884 = CARTESIAN_POINT('',(0.,-979.5643164182,2.854498061986E+03));
#1885 = DIRECTION('',(0.,0.124034734589,0.992277876714));
#1886 = DIRECTION('',(1.,0.,-0.));
#1887 = DEFINITIONAL_REPRESENTATION('',(#1888),#1892);
#1888 = LINE('',#1889,#1890);
#1889 = CARTESIAN_POINT('',(0.,45.));
#1890 = VECTOR('',#1891,1.);
#1891 = DIRECTION('',(1.,0.));
#1892 = ( GEOMETRIC_REPRESENTATION_CONTEXT(2) 
PARAMETRIC_REPRESENTATION_CONTEXT() REPRESENTATION_CONTEXT('2D SPACE',''
  ) );
#1893 = PCURVE('',#1894,#1899);
#1894 = PLANE('',#1895);
#1895 = AXIS2_PLACEMENT_3D('',#1896,#1897,#1898);
#1896 = CARTESIAN_POINT('',(0.,-973.9827533617,2.899150566439E+03));
#1897 = DIRECTION('',(0.,0.124034734589,0.992277876714));
#1898 = DIRECTION('',(1.,0.,-0.));
#1899 = DEFINITIONAL_REPRESENTATION('',(#1900),#1904);
#1900 = CIRCLE('',#1901,12.);
#1901 = AXIS2_PLACEMENT_2D('',#1902,#1903);
#1902 = CARTESIAN_POINT('',(0.,0.));
#1903 = DIRECTION('',(1.,0.));
#1904 = ( GEOMETRIC_REPRESENTATION_CONTEXT(2) 
PARAMETRIC_REPRESENTATION_CONTEXT() REPRESENTATION_CONTEXT('2D SPACE',''
  ) );
#1905 = ORIENTED_EDGE('',*,*,#1906,.F.);
#1906 = EDGE_CURVE('',#1907,#1873,#1909,.T.);
#1907 = VERTEX_POINT('',#1908);
#1908 = CARTESIAN_POINT('',(12.,-979.5643164182,2.854498061986E+03));
#1909 = SEAM_CURVE('',#1910,(#1914,#1921),.PCURVE_S1.);
#1910 = LINE('',#1911,#1912);
#1911 = CARTESIAN_POINT('',(12.,-979.5643164182,2.854498061986E+03));
#1912 = VECTOR('',#1913,1.);
#1913 = DIRECTION('',(0.,0.124034734589,0.992277876714));
#1914 = PCURVE('',#1882,#1915);
#1915 = DEFINITIONAL_REPRESENTATION('',(#1916),#1920);
#1916 = LINE('',#1917,#1918);
#1917 = CARTESIAN_POINT('',(6.28318530718,-0.));
#1918 = VECTOR('',#1919,1.);
#1919 = DIRECTION('',(0.,1.));
#1920 = ( GEOMETRIC_REPRESENTATION_CONTEXT(2) 
PARAMETRIC_REPRESENTATION_CONTEXT() REPRESENTATION_CONTEXT('2D SPACE',''
  ) );
#1921 = PCURVE('',#1882,#1922);
#1922 = DEFINITIONAL_REPRESENTATION('',(#1923),#1927);
#1923 = LINE('',#1924,#1925);
#1924 = CARTESIAN_POINT('',(0.,-0.));
#1925 = VECTOR('',#1926,1.);
#1926 = DIRECTION('',(0.,1.));
#1927 = ( GEOMETRIC_REPRESENTATION_CONTEXT(2) 
PARAMETRIC_REPRESENTATION_CONTEXT() REPRESENTATION_CONTEXT('2D SPACE',''
  ) );
#1928 = ORIENTED_EDGE('',*,*,#1929,.T.);
#1929 = EDGE_CURVE('',#1907,#1907,#1930,.T.);
#1930 = SURFACE_CURVE('',#1931,(#1936,#1943),.PCURVE_S1.);
#1931 = CIRCLE('',#1932,12.);
#1932 = AXIS2_PLACEMENT_3D('',#1933,#1934,#1935);
#1933 = CARTESIAN_POINT('',(0.,-979.5643164182,2.854498061986E+03));
#1934 = DIRECTION('',(0.,0.124034734589,0.992277876714));
#1935 = DIRECTION('',(1.,0.,-0.));
#1936 = PCURVE('',#1882,#1937);
#1937 = DEFINITIONAL_REPRESENTATION('',(#1938),#1942);
#1938 = LINE('',#1939,#1940);
#1939 = CARTESIAN_POINT('',(0.,0.));
#1940 = VECTOR('',#1941,1.);
#1941 = DIRECTION('',(1.,0.));
#1942 = ( GEOMETRIC_REPRESENTATION_CONTEXT(2) 
PARAMETRIC_REPRESENTATION_CONTEXT() REPRESENTATION_CONTEXT('2D SPACE',''
  ) );
#1943 = PCURVE('',#1944,#1949);
#1944 = PLANE('',#1945);
#1945 = AXIS2_PLACEMENT_3D('',#1946,#1947,#1948);
#1946 = CARTESIAN_POINT('',(0.,-979.5643164182,2.854498061986E+03));
#1947 = DIRECTION('',(0.,0.124034734589,0.992277876714));
#1948 = DIRECTION('',(1.,0.,-0.));
#1949 = DEFINITIONAL_REPRESENTATION('',(#1950),#1954);
#1950 = CIRCLE('',#1951,12.);
#1951 = AXIS2_PLACEMENT_2D('',#1952,#1953);
#1952 = CARTESIAN_POINT('',(0.,0.));
#1953 = DIRECTION('',(1.,0.));
#1954 = ( GEOMETRIC_REPRESENTATION_CONTEXT(2) 
PARAMETRIC_REPRESENTATION_CONTEXT() REPRESENTATION_CONTEXT('2D SPACE',''
  ) );
#1955 = ORIENTED_EDGE('',*,*,#1906,.T.);
#1956 = ADVANCED_FACE('',(#1957),#1894,.T.);
#1957 = FACE_BOUND('',#1958,.T.);
#1958 = EDGE_LOOP('',(#1959));
#1959 = ORIENTED_EDGE('',*,*,#1872,.T.);
#1960 = ADVANCED_FACE('',(#1961),#1944,.F.);
#1961 = FACE_BOUND('',#1962,.T.);
#1962 = EDGE_LOOP('',(#1963));
#1963 = ORIENTED_EDGE('',*,*,#1929,.F.);
#1964 = ( GEOMETRIC_REPRESENTATION_CONTEXT(3) 
GLOBAL_UNCERTAINTY_ASSIGNED_CONTEXT((#1968)) 
GLOBAL_UNIT_ASSIGNED_CONTEXT((#1965,#1966,#1967)) REPRESENTATION_CONTEXT
('Context #1','3D Context with UNIT and UNCERTAINTY') );
#1965 = ( LENGTH_UNIT() NAMED_UNIT(*) SI_UNIT(.MILLI.,.METRE.) );
#1966 = ( NAMED_UNIT(*) PLANE_ANGLE_UNIT() SI_UNIT($,.RADIAN.) );
#1967 = ( NAMED_UNIT(*) SI_UNIT($,.STERADIAN.) SOLID_ANGLE_UNIT() );
#1968 = UNCERTAINTY_MEASURE_WITH_UNIT(LENGTH_MEASURE(1.E-07),#1965,
  'distance_accuracy_value','confusion accuracy');
#1969 = CONTEXT_DEPENDENT_SHAPE_REPRESENTATION(#1970,#1972);
#1970 = ( REPRESENTATION_RELATIONSHIP('','',#1535,#10) 
REPRESENTATION_RELATIONSHIP_WITH_TRANSFORMATION(#1971) 
SHAPE_REPRESENTATION_RELATIONSHIP() );
#1971 = ITEM_DEFINED_TRANSFORMATION('','',#11,#27);
#1972 = PRODUCT_DEFINITION_SHAPE('Placement','Placement of an item',
  #1973);
#1973 = NEXT_ASSEMBLY_USAGE_OCCURRENCE('22','=>[0:1:1:5]','',#5,#1530,$
  );
#1974 = PRODUCT_RELATED_PRODUCT_CATEGORY('part',$,(#1532));
#1975 = SHAPE_DEFINITION_REPRESENTATION(#1976,#1982);
#1976 = PRODUCT_DEFINITION_SHAPE('','',#1977);
#1977 = PRODUCT_DEFINITION('design','',#1978,#1981);
#1978 = PRODUCT_DEFINITION_FORMATION('','',#1979);
#1979 = PRODUCT('COMPOUND','COMPOUND','',(#1980));
#1980 = PRODUCT_CONTEXT('',#2,'mechanical');
#1981 = PRODUCT_DEFINITION_CONTEXT('part definition',#2,'design');
#1982 = SHAPE_REPRESENTATION('',(#11,#1983,#6623),#6721);
#1983 = MANIFOLD_SOLID_BREP('',#1984);
#1984 = CLOSED_SHELL('',(#1985,#2713,#2904,#2927,#2955,#3113,#3245,#3294
    ,#3389,#3416,#3548,#3597,#3692,#3719,#3851,#3900,#3995,#4022,#4154,
    #4203,#4298,#4325,#4330,#4862,#4885,#4890,#4913,#4940,#4967,#4974,
    #5001,#5028,#5035,#5062,#5089,#5096,#5123,#5150,#5157,#5162,#5167,
    #5299,#5348,#5443,#5470,#5602,#5651,#5746,#5773,#5905,#5954,#6049,
    #6076,#6208,#6257,#6352,#6379,#6406,#6433,#6440,#6467,#6494,#6501,
    #6528,#6555,#6562,#6589,#6616));
#1985 = ADVANCED_FACE('',(#1986,#2265,#2377,#2489,#2601),#2001,.T.);
#1986 = FACE_BOUND('',#1987,.T.);
#1987 = EDGE_LOOP('',(#1988,#2036,#2066,#2089,#2124,#2174,#2201,#2202,
    #2231));
#1988 = ORIENTED_EDGE('',*,*,#1989,.T.);
#1989 = EDGE_CURVE('',#1990,#1992,#1994,.T.);
#1990 = VERTEX_POINT('',#1991);
#1991 = CARTESIAN_POINT('',(-1.33525E+03,-973.9207359944,
    2.861350981072E+03));
#1992 = VERTEX_POINT('',#1993);
#1993 = CARTESIAN_POINT('',(-1.33999999041E+03,-978.044881404,
    2.866653464787E+03));
#1994 = SURFACE_CURVE('',#1995,(#2000,#2018),.PCURVE_S1.);
#1995 = ELLIPSE('',#1996,6.717514421272,4.75);
#1996 = AXIS2_PLACEMENT_3D('',#1997,#1998,#1999);
#1997 = CARTESIAN_POINT('',(-1.34E+03,-978.6340559088,2.861940146062E+03
    ));
#1998 = DIRECTION('',(0.707106781187,-0.701646415446,8.77058019307E-02)
  );
#1999 = DIRECTION('',(0.707106781187,0.701646415446,-8.77058019307E-02)
  );
#2000 = PCURVE('',#2001,#2006);
#2001 = CYLINDRICAL_SURFACE('',#2002,4.75);
#2002 = AXIS2_PLACEMENT_3D('',#2003,#2004,#2005);
#2003 = CARTESIAN_POINT('',(-1.34E+03,-978.6340559088,2.861940146062E+03
    ));
#2004 = DIRECTION('',(1.,0.,0.));
#2005 = DIRECTION('',(0.,0.124034734589,0.992277876714));
#2006 = DEFINITIONAL_REPRESENTATION('',(#2007),#2017);
#2007 = B_SPLINE_CURVE_WITH_KNOTS('',8,(#2008,#2009,#2010,#2011,#2012,
    #2013,#2014,#2015,#2016),.UNSPECIFIED.,.F.,.F.,(9,9),(0.,
    1.570794307933),.PIECEWISE_BEZIER_KNOTS.);
#2008 = CARTESIAN_POINT('',(4.712388980385,4.75));
#2009 = CARTESIAN_POINT('',(4.908738268876,4.75));
#2010 = CARTESIAN_POINT('',(5.105087557359,4.540711852037));
#2011 = CARTESIAN_POINT('',(5.301436845879,4.12213733403));
#2012 = CARTESIAN_POINT('',(5.497786134303,3.511482204623));
#2013 = CARTESIAN_POINT('',(5.694135422873,2.743192927956));
#2014 = CARTESIAN_POINT('',(5.890484711323,1.865327629172));
#2015 = CARTESIAN_POINT('',(6.086833999826,0.932668709927));
#2016 = CARTESIAN_POINT('',(6.283183288318,9.589593219061E-06));
#2017 = ( GEOMETRIC_REPRESENTATION_CONTEXT(2) 
PARAMETRIC_REPRESENTATION_CONTEXT() REPRESENTATION_CONTEXT('2D SPACE',''
  ) );
#2018 = PCURVE('',#2019,#2024);
#2019 = CYLINDRICAL_SURFACE('',#2020,4.75);
#2020 = AXIS2_PLACEMENT_3D('',#2021,#2022,#2023);
#2021 = CARTESIAN_POINT('',(-1.34E+03,-978.6340559088,2.861940146062E+03
    ));
#2022 = DIRECTION('',(0.,0.992277876714,-0.124034734589));
#2023 = DIRECTION('',(0.,0.124034734589,0.992277876714));
#2024 = DEFINITIONAL_REPRESENTATION('',(#2025),#2035);
#2025 = B_SPLINE_CURVE_WITH_KNOTS('',8,(#2026,#2027,#2028,#2029,#2030,
    #2031,#2032,#2033,#2034),.UNSPECIFIED.,.F.,.F.,(9,9),(0.,
    1.570794307933),.PIECEWISE_BEZIER_KNOTS.);
#2026 = CARTESIAN_POINT('',(1.570796326795,4.75));
#2027 = CARTESIAN_POINT('',(1.374447038303,4.75));
#2028 = CARTESIAN_POINT('',(1.178097749811,4.540711852042));
#2029 = CARTESIAN_POINT('',(0.981748461318,4.122137334012));
#2030 = CARTESIAN_POINT('',(0.785399172831,3.511482204658));
#2031 = CARTESIAN_POINT('',(0.589049884336,2.743192927946));
#2032 = CARTESIAN_POINT('',(0.392700595845,1.865327629178));
#2033 = CARTESIAN_POINT('',(0.196351307353,0.932668709927));
#2034 = CARTESIAN_POINT('',(2.01886173033E-06,9.589593105375E-06));
#2035 = ( GEOMETRIC_REPRESENTATION_CONTEXT(2) 
PARAMETRIC_REPRESENTATION_CONTEXT() REPRESENTATION_CONTEXT('2D SPACE',''
  ) );
#2036 = ORIENTED_EDGE('',*,*,#2037,.T.);
#2037 = EDGE_CURVE('',#1992,#2038,#2040,.T.);
#2038 = VERTEX_POINT('',#2039);
#2039 = CARTESIAN_POINT('',(-1.34E+03,-978.0448909195,2.866653465976E+03
    ));
#2040 = SURFACE_CURVE('',#2041,(#2046,#2056),.PCURVE_S1.);
#2041 = ELLIPSE('',#2042,6.717514421272,4.75);
#2042 = AXIS2_PLACEMENT_3D('',#2043,#2044,#2045);
#2043 = CARTESIAN_POINT('',(-1.34E+03,-978.6340559088,2.861940146062E+03
    ));
#2044 = DIRECTION('',(0.707106781187,-0.701646415446,8.77058019307E-02)
  );
#2045 = DIRECTION('',(0.707106781187,0.701646415446,-8.77058019307E-02)
  );
#2046 = PCURVE('',#2001,#2047);
#2047 = DEFINITIONAL_REPRESENTATION('',(#2048),#2055);
#2048 = B_SPLINE_CURVE_WITH_KNOTS('',5,(#2049,#2050,#2051,#2052,#2053,
    #2054),.UNSPECIFIED.,.F.,.F.,(6,6),(1.570794307933,1.570796326795),
  .PIECEWISE_BEZIER_KNOTS.);
#2049 = CARTESIAN_POINT('',(6.283183288318,9.589593219061E-06));
#2050 = CARTESIAN_POINT('',(6.28318369209,7.671674586733E-06));
#2051 = CARTESIAN_POINT('',(6.283184095863,5.75375571164E-06));
#2052 = CARTESIAN_POINT('',(6.283184499635,3.835837338706E-06));
#2053 = CARTESIAN_POINT('',(6.283184903407,1.917918632333E-06));
#2054 = CARTESIAN_POINT('',(6.28318530718,0.));
#2055 = ( GEOMETRIC_REPRESENTATION_CONTEXT(2) 
PARAMETRIC_REPRESENTATION_CONTEXT() REPRESENTATION_CONTEXT('2D SPACE',''
  ) );
#2056 = PCURVE('',#2019,#2057);
#2057 = DEFINITIONAL_REPRESENTATION('',(#2058),#2065);
#2058 = B_SPLINE_CURVE_WITH_KNOTS('',5,(#2059,#2060,#2061,#2062,#2063,
    #2064),.UNSPECIFIED.,.F.,.F.,(6,6),(1.570794307933,1.570796326795),
  .PIECEWISE_BEZIER_KNOTS.);
#2059 = CARTESIAN_POINT('',(2.01886173033E-06,9.589593105375E-06));
#2060 = CARTESIAN_POINT('',(1.615089386681E-06,7.671674473046E-06));
#2061 = CARTESIAN_POINT('',(1.211316991924E-06,5.753756093893E-06));
#2062 = CARTESIAN_POINT('',(8.075447028854E-07,3.835837236469E-06));
#2063 = CARTESIAN_POINT('',(4.03772343649E-07,1.917918632333E-06));
#2064 = CARTESIAN_POINT('',(0.,0.));
#2065 = ( GEOMETRIC_REPRESENTATION_CONTEXT(2) 
PARAMETRIC_REPRESENTATION_CONTEXT() REPRESENTATION_CONTEXT('2D SPACE',''
  ) );
#2066 = ORIENTED_EDGE('',*,*,#2067,.T.);
#2067 = EDGE_CURVE('',#2038,#2068,#2070,.T.);
#2068 = VERTEX_POINT('',#2069);
#2069 = CARTESIAN_POINT('',(1.34E+03,-978.0448909195,2.866653465976E+03)
  );
#2070 = SEAM_CURVE('',#2071,(#2075,#2082),.PCURVE_S1.);
#2071 = LINE('',#2072,#2073);
#2072 = CARTESIAN_POINT('',(-1.34E+03,-978.0448909195,2.866653465976E+03
    ));
#2073 = VECTOR('',#2074,1.);
#2074 = DIRECTION('',(1.,0.,0.));
#2075 = PCURVE('',#2001,#2076);
#2076 = DEFINITIONAL_REPRESENTATION('',(#2077),#2081);
#2077 = LINE('',#2078,#2079);
#2078 = CARTESIAN_POINT('',(0.,-0.));
#2079 = VECTOR('',#2080,1.);
#2080 = DIRECTION('',(0.,1.));
#2081 = ( GEOMETRIC_REPRESENTATION_CONTEXT(2) 
PARAMETRIC_REPRESENTATION_CONTEXT() REPRESENTATION_CONTEXT('2D SPACE',''
  ) );
#2082 = PCURVE('',#2001,#2083);
#2083 = DEFINITIONAL_REPRESENTATION('',(#2084),#2088);
#2084 = LINE('',#2085,#2086);
#2085 = CARTESIAN_POINT('',(6.28318530718,-0.));
#2086 = VECTOR('',#2087,1.);
#2087 = DIRECTION('',(0.,1.));
#2088 = ( GEOMETRIC_REPRESENTATION_CONTEXT(2) 
PARAMETRIC_REPRESENTATION_CONTEXT() REPRESENTATION_CONTEXT('2D SPACE',''
  ) );
#2089 = ORIENTED_EDGE('',*,*,#2090,.F.);
#2090 = EDGE_CURVE('',#2091,#2068,#2093,.T.);
#2091 = VERTEX_POINT('',#2092);
#2092 = CARTESIAN_POINT('',(1.33999999041E+03,-978.044881404,
    2.866653464787E+03));
#2093 = SURFACE_CURVE('',#2094,(#2099,#2109),.PCURVE_S1.);
#2094 = ELLIPSE('',#2095,6.717514421272,4.75);
#2095 = AXIS2_PLACEMENT_3D('',#2096,#2097,#2098);
#2096 = CARTESIAN_POINT('',(1.34E+03,-978.6340559088,2.861940146062E+03)
  );
#2097 = DIRECTION('',(0.707106781187,0.701646415446,-8.77058019307E-02)
  );
#2098 = DIRECTION('',(0.707106781187,-0.701646415446,8.77058019307E-02)
  );
#2099 = PCURVE('',#2001,#2100);
#2100 = DEFINITIONAL_REPRESENTATION('',(#2101),#2108);
#2101 = B_SPLINE_CURVE_WITH_KNOTS('',5,(#2102,#2103,#2104,#2105,#2106,
    #2107),.UNSPECIFIED.,.F.,.F.,(6,6),(4.712386961523,4.712388980385),
  .PIECEWISE_BEZIER_KNOTS.);
#2102 = CARTESIAN_POINT('',(6.283183288318,2.67999999041E+03));
#2103 = CARTESIAN_POINT('',(6.28318369209,2.679999992328E+03));
#2104 = CARTESIAN_POINT('',(6.283184095863,2.679999994246E+03));
#2105 = CARTESIAN_POINT('',(6.283184499635,2.679999996164E+03));
#2106 = CARTESIAN_POINT('',(6.283184903407,2.679999998082E+03));
#2107 = CARTESIAN_POINT('',(6.28318530718,2.68E+03));
#2108 = ( GEOMETRIC_REPRESENTATION_CONTEXT(2) 
PARAMETRIC_REPRESENTATION_CONTEXT() REPRESENTATION_CONTEXT('2D SPACE',''
  ) );
#2109 = PCURVE('',#2110,#2115);
#2110 = CYLINDRICAL_SURFACE('',#2111,4.75);
#2111 = AXIS2_PLACEMENT_3D('',#2112,#2113,#2114);
#2112 = CARTESIAN_POINT('',(1.34E+03,-978.6340559088,2.861940146062E+03)
  );
#2113 = DIRECTION('',(0.,0.992277876714,-0.124034734589));
#2114 = DIRECTION('',(0.,0.124034734589,0.992277876714));
#2115 = DEFINITIONAL_REPRESENTATION('',(#2116),#2123);
#2116 = B_SPLINE_CURVE_WITH_KNOTS('',5,(#2117,#2118,#2119,#2120,#2121,
    #2122),.UNSPECIFIED.,.F.,.F.,(6,6),(4.712386961523,4.712388980385),
  .PIECEWISE_BEZIER_KNOTS.);
#2117 = CARTESIAN_POINT('',(6.283183288318,9.589593219061E-06));
#2118 = CARTESIAN_POINT('',(6.28318369209,7.671674586311E-06));
#2119 = CARTESIAN_POINT('',(6.283184095863,5.753755611323E-06));
#2120 = CARTESIAN_POINT('',(6.283184499635,3.835837535183E-06));
#2121 = CARTESIAN_POINT('',(6.283184903407,1.917918632754E-06));
#2122 = CARTESIAN_POINT('',(6.28318530718,0.));
#2123 = ( GEOMETRIC_REPRESENTATION_CONTEXT(2) 
PARAMETRIC_REPRESENTATION_CONTEXT() REPRESENTATION_CONTEXT('2D SPACE',''
  ) );
#2124 = ORIENTED_EDGE('',*,*,#2125,.F.);
#2125 = EDGE_CURVE('',#2126,#2091,#2128,.T.);
#2126 = VERTEX_POINT('',#2127);
#2127 = CARTESIAN_POINT('',(1.34E+03,-979.2232208981,2.857226826147E+03)
  );
#2128 = SURFACE_CURVE('',#2129,(#2134,#2154),.PCURVE_S1.);
#2129 = ELLIPSE('',#2130,6.717514421272,4.75);
#2130 = AXIS2_PLACEMENT_3D('',#2131,#2132,#2133);
#2131 = CARTESIAN_POINT('',(1.34E+03,-978.6340559088,2.861940146062E+03)
  );
#2132 = DIRECTION('',(0.707106781187,0.701646415446,-8.77058019307E-02)
  );
#2133 = DIRECTION('',(0.707106781187,-0.701646415446,8.77058019307E-02)
  );
#2134 = PCURVE('',#2001,#2135);
#2135 = DEFINITIONAL_REPRESENTATION('',(#2136),#2153);
#2136 = B_SPLINE_CURVE_WITH_KNOTS('',8,(#2137,#2138,#2139,#2140,#2141,
    #2142,#2143,#2144,#2145,#2146,#2147,#2148,#2149,#2150,#2151,#2152),
  .UNSPECIFIED.,.F.,.F.,(9,7,9),(1.570796074163,3.141591517843,
    4.712386961523),.UNSPECIFIED.);
#2137 = CARTESIAN_POINT('',(3.141592400958,2.6800000012E+03));
#2138 = CARTESIAN_POINT('',(3.337941831418,2.679067341405E+03));
#2139 = CARTESIAN_POINT('',(3.534291261877,2.678134681336E+03));
#2140 = CARTESIAN_POINT('',(3.730640692342,2.677256814521E+03));
#2141 = CARTESIAN_POINT('',(3.926990122796,2.676488523558E+03));
#2142 = CARTESIAN_POINT('',(4.123339553258,2.675877866674E+03));
#2143 = CARTESIAN_POINT('',(4.319688983716,2.67545929057E+03));
#2144 = CARTESIAN_POINT('',(4.516038414178,2.675250001059E+03));
#2145 = CARTESIAN_POINT('',(4.908737275098,2.675249998941E+03));
#2146 = CARTESIAN_POINT('',(5.105086705556,2.675459286336E+03));
#2147 = CARTESIAN_POINT('',(5.301436136,2.675877860444E+03));
#2148 = CARTESIAN_POINT('',(5.497785566484,2.676488515591E+03));
#2149 = CARTESIAN_POINT('',(5.694134996935,2.677256805148E+03));
#2150 = CARTESIAN_POINT('',(5.890484427398,2.678134671025E+03));
#2151 = CARTESIAN_POINT('',(6.086833857858,2.679067330616E+03));
#2152 = CARTESIAN_POINT('',(6.283183288318,2.67999999041E+03));
#2153 = ( GEOMETRIC_REPRESENTATION_CONTEXT(2) 
PARAMETRIC_REPRESENTATION_CONTEXT() REPRESENTATION_CONTEXT('2D SPACE',''
  ) );
#2154 = PCURVE('',#2110,#2155);
#2155 = DEFINITIONAL_REPRESENTATION('',(#2156),#2173);
#2156 = B_SPLINE_CURVE_WITH_KNOTS('',8,(#2157,#2158,#2159,#2160,#2161,
    #2162,#2163,#2164,#2165,#2166,#2167,#2168,#2169,#2170,#2171,#2172),
  .UNSPECIFIED.,.F.,.F.,(9,7,9),(1.570796074163,3.141591517843,
    4.712386961523),.UNSPECIFIED.);
#2157 = CARTESIAN_POINT('',(3.141592400958,-1.200000042445E-06));
#2158 = CARTESIAN_POINT('',(3.337941831418,0.932658594685));
#2159 = CARTESIAN_POINT('',(3.53429126188,1.865318663683));
#2160 = CARTESIAN_POINT('',(3.730640692334,2.743185468731));
#2161 = CARTESIAN_POINT('',(3.926990122804,3.511476450367));
#2162 = CARTESIAN_POINT('',(4.123339553251,4.122133310515));
#2163 = CARTESIAN_POINT('',(4.319688983719,4.54070943086));
#2164 = CARTESIAN_POINT('',(4.516038414178,4.749998940732));
#2165 = CARTESIAN_POINT('',(4.908737275098,4.750001059262));
#2166 = CARTESIAN_POINT('',(5.105086705556,4.540713667918));
#2167 = CARTESIAN_POINT('',(5.301436136037,4.12213954164));
#2168 = CARTESIAN_POINT('',(5.497785566455,3.511484426646));
#2169 = CARTESIAN_POINT('',(5.694134996949,2.743194832137));
#2170 = CARTESIAN_POINT('',(5.890484427395,1.865328977873));
#2171 = CARTESIAN_POINT('',(6.086833857858,0.932669384276));
#2172 = CARTESIAN_POINT('',(6.283183288318,9.589593219061E-06));
#2173 = ( GEOMETRIC_REPRESENTATION_CONTEXT(2) 
PARAMETRIC_REPRESENTATION_CONTEXT() REPRESENTATION_CONTEXT('2D SPACE',''
  ) );
#2174 = ORIENTED_EDGE('',*,*,#2175,.F.);
#2175 = EDGE_CURVE('',#2068,#2126,#2176,.T.);
#2176 = SURFACE_CURVE('',#2177,(#2182,#2189),.PCURVE_S1.);
#2177 = CIRCLE('',#2178,4.75);
#2178 = AXIS2_PLACEMENT_3D('',#2179,#2180,#2181);
#2179 = CARTESIAN_POINT('',(1.34E+03,-978.6340559088,2.861940146062E+03)
  );
#2180 = DIRECTION('',(1.,0.,-0.));
#2181 = DIRECTION('',(0.,0.124034734589,0.992277876714));
#2182 = PCURVE('',#2001,#2183);
#2183 = DEFINITIONAL_REPRESENTATION('',(#2184),#2188);
#2184 = LINE('',#2185,#2186);
#2185 = CARTESIAN_POINT('',(0.,2.68E+03));
#2186 = VECTOR('',#2187,1.);
#2187 = DIRECTION('',(1.,0.));
#2188 = ( GEOMETRIC_REPRESENTATION_CONTEXT(2) 
PARAMETRIC_REPRESENTATION_CONTEXT() REPRESENTATION_CONTEXT('2D SPACE',''
  ) );
#2189 = PCURVE('',#2190,#2195);
#2190 = PLANE('',#2191);
#2191 = AXIS2_PLACEMENT_3D('',#2192,#2193,#2194);
#2192 = CARTESIAN_POINT('',(1.34E+03,-978.6340559088,2.861940146062E+03)
  );
#2193 = DIRECTION('',(1.,0.,0.));
#2194 = DIRECTION('',(0.,0.124034734589,0.992277876714));
#2195 = DEFINITIONAL_REPRESENTATION('',(#2196),#2200);
#2196 = CIRCLE('',#2197,4.75);
#2197 = AXIS2_PLACEMENT_2D('',#2198,#2199);
#2198 = CARTESIAN_POINT('',(0.,0.));
#2199 = DIRECTION('',(1.,0.));
#2200 = ( GEOMETRIC_REPRESENTATION_CONTEXT(2) 
PARAMETRIC_REPRESENTATION_CONTEXT() REPRESENTATION_CONTEXT('2D SPACE',''
  ) );
#2201 = ORIENTED_EDGE('',*,*,#2067,.F.);
#2202 = ORIENTED_EDGE('',*,*,#2203,.T.);
#2203 = EDGE_CURVE('',#2038,#2204,#2206,.T.);
#2204 = VERTEX_POINT('',#2205);
#2205 = CARTESIAN_POINT('',(-1.34E+03,-979.2232208981,2.857226826147E+03
    ));
#2206 = SURFACE_CURVE('',#2207,(#2212,#2219),.PCURVE_S1.);
#2207 = CIRCLE('',#2208,4.75);
#2208 = AXIS2_PLACEMENT_3D('',#2209,#2210,#2211);
#2209 = CARTESIAN_POINT('',(-1.34E+03,-978.6340559088,2.861940146062E+03
    ));
#2210 = DIRECTION('',(1.,0.,-0.));
#2211 = DIRECTION('',(0.,0.124034734589,0.992277876714));
#2212 = PCURVE('',#2001,#2213);
#2213 = DEFINITIONAL_REPRESENTATION('',(#2214),#2218);
#2214 = LINE('',#2215,#2216);
#2215 = CARTESIAN_POINT('',(0.,0.));
#2216 = VECTOR('',#2217,1.);
#2217 = DIRECTION('',(1.,0.));
#2218 = ( GEOMETRIC_REPRESENTATION_CONTEXT(2) 
PARAMETRIC_REPRESENTATION_CONTEXT() REPRESENTATION_CONTEXT('2D SPACE',''
  ) );
#2219 = PCURVE('',#2220,#2225);
#2220 = PLANE('',#2221);
#2221 = AXIS2_PLACEMENT_3D('',#2222,#2223,#2224);
#2222 = CARTESIAN_POINT('',(-1.34E+03,-978.6340559088,2.861940146062E+03
    ));
#2223 = DIRECTION('',(1.,0.,0.));
#2224 = DIRECTION('',(0.,0.124034734589,0.992277876714));
#2225 = DEFINITIONAL_REPRESENTATION('',(#2226),#2230);
#2226 = CIRCLE('',#2227,4.75);
#2227 = AXIS2_PLACEMENT_2D('',#2228,#2229);
#2228 = CARTESIAN_POINT('',(0.,0.));
#2229 = DIRECTION('',(1.,0.));
#2230 = ( GEOMETRIC_REPRESENTATION_CONTEXT(2) 
PARAMETRIC_REPRESENTATION_CONTEXT() REPRESENTATION_CONTEXT('2D SPACE',''
  ) );
#2231 = ORIENTED_EDGE('',*,*,#2232,.T.);
#2232 = EDGE_CURVE('',#2204,#1990,#2233,.T.);
#2233 = SURFACE_CURVE('',#2234,(#2239,#2252),.PCURVE_S1.);
#2234 = ELLIPSE('',#2235,6.717514421272,4.75);
#2235 = AXIS2_PLACEMENT_3D('',#2236,#2237,#2238);
#2236 = CARTESIAN_POINT('',(-1.34E+03,-978.6340559088,2.861940146062E+03
    ));
#2237 = DIRECTION('',(0.707106781187,-0.701646415446,8.77058019307E-02)
  );
#2238 = DIRECTION('',(0.707106781187,0.701646415446,-8.77058019307E-02)
  );
#2239 = PCURVE('',#2001,#2240);
#2240 = DEFINITIONAL_REPRESENTATION('',(#2241),#2251);
#2241 = B_SPLINE_CURVE_WITH_KNOTS('',8,(#2242,#2243,#2244,#2245,#2246,
    #2247,#2248,#2249,#2250),.UNSPECIFIED.,.F.,.F.,(9,9),(4.712388727753
    ,6.28318530718),.PIECEWISE_BEZIER_KNOTS.);
#2242 = CARTESIAN_POINT('',(3.141592400958,-1.200000042445E-06));
#2243 = CARTESIAN_POINT('',(3.337941973387,0.932659269034));
#2244 = CARTESIAN_POINT('',(3.53429154582,1.865320012384));
#2245 = CARTESIAN_POINT('',(3.730641118216,2.743187372931));
#2246 = CARTESIAN_POINT('',(3.926990690681,3.511478672393));
#2247 = CARTESIAN_POINT('',(4.12334026307,4.122135518148));
#2248 = CARTESIAN_POINT('',(4.319689835531,4.540711246747));
#2249 = CARTESIAN_POINT('',(4.516039407956,4.75));
#2250 = CARTESIAN_POINT('',(4.712388980385,4.75));
#2251 = ( GEOMETRIC_REPRESENTATION_CONTEXT(2) 
PARAMETRIC_REPRESENTATION_CONTEXT() REPRESENTATION_CONTEXT('2D SPACE',''
  ) );
#2252 = PCURVE('',#2019,#2253);
#2253 = DEFINITIONAL_REPRESENTATION('',(#2254),#2264);
#2254 = B_SPLINE_CURVE_WITH_KNOTS('',8,(#2255,#2256,#2257,#2258,#2259,
    #2260,#2261,#2262,#2263),.UNSPECIFIED.,.F.,.F.,(9,9),(4.712388727753
    ,6.28318530718),.PIECEWISE_BEZIER_KNOTS.);
#2255 = CARTESIAN_POINT('',(3.141592906221,-1.200000042445E-06));
#2256 = CARTESIAN_POINT('',(2.945243333793,0.932659269034));
#2257 = CARTESIAN_POINT('',(2.748893761363,1.865320012382));
#2258 = CARTESIAN_POINT('',(2.552544188938,2.743187372935));
#2259 = CARTESIAN_POINT('',(2.356194616514,3.511478672386));
#2260 = CARTESIAN_POINT('',(2.159845044077,4.122135518155));
#2261 = CARTESIAN_POINT('',(1.96349547165,4.540711246743));
#2262 = CARTESIAN_POINT('',(1.767145899223,4.75));
#2263 = CARTESIAN_POINT('',(1.570796326795,4.75));
#2264 = ( GEOMETRIC_REPRESENTATION_CONTEXT(2) 
PARAMETRIC_REPRESENTATION_CONTEXT() REPRESENTATION_CONTEXT('2D SPACE',''
  ) );
#2265 = FACE_BOUND('',#2266,.T.);
#2266 = EDGE_LOOP('',(#2267,#2298,#2324,#2353));
#2267 = ORIENTED_EDGE('',*,*,#2268,.F.);
#2268 = EDGE_CURVE('',#2269,#2271,#2273,.T.);
#2269 = VERTEX_POINT('',#2270);
#2270 = CARTESIAN_POINT('',(-1.06E+03,-983.3473758232,2.862529311051E+03
    ));
#2271 = VERTEX_POINT('',#2272);
#2272 = CARTESIAN_POINT('',(-1.06E+03,-973.9207359944,2.861350981072E+03
    ));
#2273 = SURFACE_CURVE('',#2274,(#2279,#2286),.PCURVE_S1.);
#2274 = CIRCLE('',#2275,4.75);
#2275 = AXIS2_PLACEMENT_3D('',#2276,#2277,#2278);
#2276 = CARTESIAN_POINT('',(-1.06E+03,-978.6340559088,2.861940146062E+03
    ));
#2277 = DIRECTION('',(1.,0.,-0.));
#2278 = DIRECTION('',(0.,0.124034734589,0.992277876714));
#2279 = PCURVE('',#2001,#2280);
#2280 = DEFINITIONAL_REPRESENTATION('',(#2281),#2285);
#2281 = LINE('',#2282,#2283);
#2282 = CARTESIAN_POINT('',(0.,280.));
#2283 = VECTOR('',#2284,1.);
#2284 = DIRECTION('',(1.,0.));
#2285 = ( GEOMETRIC_REPRESENTATION_CONTEXT(2) 
PARAMETRIC_REPRESENTATION_CONTEXT() REPRESENTATION_CONTEXT('2D SPACE',''
  ) );
#2286 = PCURVE('',#2287,#2292);
#2287 = PLANE('',#2288);
#2288 = AXIS2_PLACEMENT_3D('',#2289,#2290,#2291);
#2289 = CARTESIAN_POINT('',(-1.06E+03,-992.6499809174,2.830435323476E+03
    ));
#2290 = DIRECTION('',(1.,0.,-0.));
#2291 = DIRECTION('',(0.,0.124034734589,0.992277876714));
#2292 = DEFINITIONAL_REPRESENTATION('',(#2293),#2297);
#2293 = CIRCLE('',#2294,4.75);
#2294 = AXIS2_PLACEMENT_2D('',#2295,#2296);
#2295 = CARTESIAN_POINT('',(33.,-10.));
#2296 = DIRECTION('',(1.,0.));
#2297 = ( GEOMETRIC_REPRESENTATION_CONTEXT(2) 
PARAMETRIC_REPRESENTATION_CONTEXT() REPRESENTATION_CONTEXT('2D SPACE',''
  ) );
#2298 = ORIENTED_EDGE('',*,*,#2299,.T.);
#2299 = EDGE_CURVE('',#2269,#2300,#2302,.T.);
#2300 = VERTEX_POINT('',#2301);
#2301 = CARTESIAN_POINT('',(-1.04E+03,-983.3473758232,2.862529311051E+03
    ));
#2302 = SURFACE_CURVE('',#2303,(#2307,#2313),.PCURVE_S1.);
#2303 = LINE('',#2304,#2305);
#2304 = CARTESIAN_POINT('',(-1.34E+03,-983.3473758232,2.862529311051E+03
    ));
#2305 = VECTOR('',#2306,1.);
#2306 = DIRECTION('',(1.,0.,0.));
#2307 = PCURVE('',#2001,#2308);
#2308 = DEFINITIONAL_REPRESENTATION('',(#2309),#2312);
#2309 = B_SPLINE_CURVE_WITH_KNOTS('',1,(#2310,#2311),.UNSPECIFIED.,.F.,
  .F.,(2,2),(278.,302.),.PIECEWISE_BEZIER_KNOTS.);
#2310 = CARTESIAN_POINT('',(1.570796326795,278.));
#2311 = CARTESIAN_POINT('',(1.570796326795,302.));
#2312 = ( GEOMETRIC_REPRESENTATION_CONTEXT(2) 
PARAMETRIC_REPRESENTATION_CONTEXT() REPRESENTATION_CONTEXT('2D SPACE',''
  ) );
#2313 = PCURVE('',#2314,#2319);
#2314 = PLANE('',#2315);
#2315 = AXIS2_PLACEMENT_3D('',#2316,#2317,#2318);
#2316 = CARTESIAN_POINT('',(-1.06E+03,-988.5568346759,2.863180493408E+03
    ));
#2317 = DIRECTION('',(0.,0.124034734589,0.992277876714));
#2318 = DIRECTION('',(1.,0.,-0.));
#2319 = DEFINITIONAL_REPRESENTATION('',(#2320),#2323);
#2320 = B_SPLINE_CURVE_WITH_KNOTS('',1,(#2321,#2322),.UNSPECIFIED.,.F.,
  .F.,(2,2),(278.,302.),.PIECEWISE_BEZIER_KNOTS.);
#2321 = CARTESIAN_POINT('',(-2.,5.25));
#2322 = CARTESIAN_POINT('',(22.,5.25));
#2323 = ( GEOMETRIC_REPRESENTATION_CONTEXT(2) 
PARAMETRIC_REPRESENTATION_CONTEXT() REPRESENTATION_CONTEXT('2D SPACE',''
  ) );
#2324 = ORIENTED_EDGE('',*,*,#2325,.T.);
#2325 = EDGE_CURVE('',#2300,#2326,#2328,.T.);
#2326 = VERTEX_POINT('',#2327);
#2327 = CARTESIAN_POINT('',(-1.04E+03,-973.9207359944,2.861350981072E+03
    ));
#2328 = SURFACE_CURVE('',#2329,(#2334,#2341),.PCURVE_S1.);
#2329 = CIRCLE('',#2330,4.75);
#2330 = AXIS2_PLACEMENT_3D('',#2331,#2332,#2333);
#2331 = CARTESIAN_POINT('',(-1.04E+03,-978.6340559088,2.861940146062E+03
    ));
#2332 = DIRECTION('',(1.,0.,-0.));
#2333 = DIRECTION('',(0.,0.124034734589,0.992277876714));
#2334 = PCURVE('',#2001,#2335);
#2335 = DEFINITIONAL_REPRESENTATION('',(#2336),#2340);
#2336 = LINE('',#2337,#2338);
#2337 = CARTESIAN_POINT('',(0.,300.));
#2338 = VECTOR('',#2339,1.);
#2339 = DIRECTION('',(1.,0.));
#2340 = ( GEOMETRIC_REPRESENTATION_CONTEXT(2) 
PARAMETRIC_REPRESENTATION_CONTEXT() REPRESENTATION_CONTEXT('2D SPACE',''
  ) );
#2341 = PCURVE('',#2342,#2347);
#2342 = PLANE('',#2343);
#2343 = AXIS2_PLACEMENT_3D('',#2344,#2345,#2346);
#2344 = CARTESIAN_POINT('',(-1.04E+03,-992.6499809174,2.830435323476E+03
    ));
#2345 = DIRECTION('',(1.,0.,-0.));
#2346 = DIRECTION('',(0.,0.124034734589,0.992277876714));
#2347 = DEFINITIONAL_REPRESENTATION('',(#2348),#2352);
#2348 = CIRCLE('',#2349,4.75);
#2349 = AXIS2_PLACEMENT_2D('',#2350,#2351);
#2350 = CARTESIAN_POINT('',(33.,-10.));
#2351 = DIRECTION('',(1.,0.));
#2352 = ( GEOMETRIC_REPRESENTATION_CONTEXT(2) 
PARAMETRIC_REPRESENTATION_CONTEXT() REPRESENTATION_CONTEXT('2D SPACE',''
  ) );
#2353 = ORIENTED_EDGE('',*,*,#2354,.F.);
#2354 = EDGE_CURVE('',#2271,#2326,#2355,.T.);
#2355 = SURFACE_CURVE('',#2356,(#2360,#2366),.PCURVE_S1.);
#2356 = LINE('',#2357,#2358);
#2357 = CARTESIAN_POINT('',(-1.34E+03,-973.9207359944,2.861350981072E+03
    ));
#2358 = VECTOR('',#2359,1.);
#2359 = DIRECTION('',(1.,0.,0.));
#2360 = PCURVE('',#2001,#2361);
#2361 = DEFINITIONAL_REPRESENTATION('',(#2362),#2365);
#2362 = B_SPLINE_CURVE_WITH_KNOTS('',1,(#2363,#2364),.UNSPECIFIED.,.F.,
  .F.,(2,2),(278.,302.),.PIECEWISE_BEZIER_KNOTS.);
#2363 = CARTESIAN_POINT('',(4.712388980385,278.));
#2364 = CARTESIAN_POINT('',(4.712388980385,302.));
#2365 = ( GEOMETRIC_REPRESENTATION_CONTEXT(2) 
PARAMETRIC_REPRESENTATION_CONTEXT() REPRESENTATION_CONTEXT('2D SPACE',''
  ) );
#2366 = PCURVE('',#2367,#2372);
#2367 = PLANE('',#2368);
#2368 = AXIS2_PLACEMENT_3D('',#2369,#2370,#2371);
#2369 = CARTESIAN_POINT('',(-1.06E+03,-988.5568346759,2.863180493408E+03
    ));
#2370 = DIRECTION('',(0.,0.124034734589,0.992277876714));
#2371 = DIRECTION('',(1.,0.,-0.));
#2372 = DEFINITIONAL_REPRESENTATION('',(#2373),#2376);
#2373 = B_SPLINE_CURVE_WITH_KNOTS('',1,(#2374,#2375),.UNSPECIFIED.,.F.,
  .F.,(2,2),(278.,302.),.PIECEWISE_BEZIER_KNOTS.);
#2374 = CARTESIAN_POINT('',(-2.,14.75));
#2375 = CARTESIAN_POINT('',(22.,14.75));
#2376 = ( GEOMETRIC_REPRESENTATION_CONTEXT(2) 
PARAMETRIC_REPRESENTATION_CONTEXT() REPRESENTATION_CONTEXT('2D SPACE',''
  ) );
#2377 = FACE_BOUND('',#2378,.T.);
#2378 = EDGE_LOOP('',(#2379,#2410,#2436,#2465));
#2379 = ORIENTED_EDGE('',*,*,#2380,.F.);
#2380 = EDGE_CURVE('',#2381,#2383,#2385,.T.);
#2381 = VERTEX_POINT('',#2382);
#2382 = CARTESIAN_POINT('',(-360.,-983.3473758232,2.862529311051E+03));
#2383 = VERTEX_POINT('',#2384);
#2384 = CARTESIAN_POINT('',(-360.,-973.9207359944,2.861350981072E+03));
#2385 = SURFACE_CURVE('',#2386,(#2391,#2398),.PCURVE_S1.);
#2386 = CIRCLE('',#2387,4.75);
#2387 = AXIS2_PLACEMENT_3D('',#2388,#2389,#2390);
#2388 = CARTESIAN_POINT('',(-360.,-978.6340559088,2.861940146062E+03));
#2389 = DIRECTION('',(1.,0.,-0.));
#2390 = DIRECTION('',(0.,0.124034734589,0.992277876714));
#2391 = PCURVE('',#2001,#2392);
#2392 = DEFINITIONAL_REPRESENTATION('',(#2393),#2397);
#2393 = LINE('',#2394,#2395);
#2394 = CARTESIAN_POINT('',(0.,980.));
#2395 = VECTOR('',#2396,1.);
#2396 = DIRECTION('',(1.,0.));
#2397 = ( GEOMETRIC_REPRESENTATION_CONTEXT(2) 
PARAMETRIC_REPRESENTATION_CONTEXT() REPRESENTATION_CONTEXT('2D SPACE',''
  ) );
#2398 = PCURVE('',#2399,#2404);
#2399 = PLANE('',#2400);
#2400 = AXIS2_PLACEMENT_3D('',#2401,#2402,#2403);
#2401 = CARTESIAN_POINT('',(-360.,-992.6499809174,2.830435323476E+03));
#2402 = DIRECTION('',(1.,0.,-0.));
#2403 = DIRECTION('',(0.,0.124034734589,0.992277876714));
#2404 = DEFINITIONAL_REPRESENTATION('',(#2405),#2409);
#2405 = CIRCLE('',#2406,4.75);
#2406 = AXIS2_PLACEMENT_2D('',#2407,#2408);
#2407 = CARTESIAN_POINT('',(33.,-10.));
#2408 = DIRECTION('',(1.,0.));
#2409 = ( GEOMETRIC_REPRESENTATION_CONTEXT(2) 
PARAMETRIC_REPRESENTATION_CONTEXT() REPRESENTATION_CONTEXT('2D SPACE',''
  ) );
#2410 = ORIENTED_EDGE('',*,*,#2411,.T.);
#2411 = EDGE_CURVE('',#2381,#2412,#2414,.T.);
#2412 = VERTEX_POINT('',#2413);
#2413 = CARTESIAN_POINT('',(-340.,-983.3473758232,2.862529311051E+03));
#2414 = SURFACE_CURVE('',#2415,(#2419,#2425),.PCURVE_S1.);
#2415 = LINE('',#2416,#2417);
#2416 = CARTESIAN_POINT('',(-1.34E+03,-983.3473758232,2.862529311051E+03
    ));
#2417 = VECTOR('',#2418,1.);
#2418 = DIRECTION('',(1.,0.,0.));
#2419 = PCURVE('',#2001,#2420);
#2420 = DEFINITIONAL_REPRESENTATION('',(#2421),#2424);
#2421 = B_SPLINE_CURVE_WITH_KNOTS('',1,(#2422,#2423),.UNSPECIFIED.,.F.,
  .F.,(2,2),(978.,1.002E+03),.PIECEWISE_BEZIER_KNOTS.);
#2422 = CARTESIAN_POINT('',(1.570796326795,978.));
#2423 = CARTESIAN_POINT('',(1.570796326795,1.002E+03));
#2424 = ( GEOMETRIC_REPRESENTATION_CONTEXT(2) 
PARAMETRIC_REPRESENTATION_CONTEXT() REPRESENTATION_CONTEXT('2D SPACE',''
  ) );
#2425 = PCURVE('',#2426,#2431);
#2426 = PLANE('',#2427);
#2427 = AXIS2_PLACEMENT_3D('',#2428,#2429,#2430);
#2428 = CARTESIAN_POINT('',(-360.,-988.5568346759,2.863180493408E+03));
#2429 = DIRECTION('',(0.,0.124034734589,0.992277876714));
#2430 = DIRECTION('',(1.,0.,-0.));
#2431 = DEFINITIONAL_REPRESENTATION('',(#2432),#2435);
#2432 = B_SPLINE_CURVE_WITH_KNOTS('',1,(#2433,#2434),.UNSPECIFIED.,.F.,
  .F.,(2,2),(978.,1.002E+03),.PIECEWISE_BEZIER_KNOTS.);
#2433 = CARTESIAN_POINT('',(-2.,5.25));
#2434 = CARTESIAN_POINT('',(22.,5.25));
#2435 = ( GEOMETRIC_REPRESENTATION_CONTEXT(2) 
PARAMETRIC_REPRESENTATION_CONTEXT() REPRESENTATION_CONTEXT('2D SPACE',''
  ) );
#2436 = ORIENTED_EDGE('',*,*,#2437,.T.);
#2437 = EDGE_CURVE('',#2412,#2438,#2440,.T.);
#2438 = VERTEX_POINT('',#2439);
#2439 = CARTESIAN_POINT('',(-340.,-973.9207359944,2.861350981072E+03));
#2440 = SURFACE_CURVE('',#2441,(#2446,#2453),.PCURVE_S1.);
#2441 = CIRCLE('',#2442,4.75);
#2442 = AXIS2_PLACEMENT_3D('',#2443,#2444,#2445);
#2443 = CARTESIAN_POINT('',(-340.,-978.6340559088,2.861940146062E+03));
#2444 = DIRECTION('',(1.,0.,-0.));
#2445 = DIRECTION('',(0.,0.124034734589,0.992277876714));
#2446 = PCURVE('',#2001,#2447);
#2447 = DEFINITIONAL_REPRESENTATION('',(#2448),#2452);
#2448 = LINE('',#2449,#2450);
#2449 = CARTESIAN_POINT('',(0.,1.E+03));
#2450 = VECTOR('',#2451,1.);
#2451 = DIRECTION('',(1.,0.));
#2452 = ( GEOMETRIC_REPRESENTATION_CONTEXT(2) 
PARAMETRIC_REPRESENTATION_CONTEXT() REPRESENTATION_CONTEXT('2D SPACE',''
  ) );
#2453 = PCURVE('',#2454,#2459);
#2454 = PLANE('',#2455);
#2455 = AXIS2_PLACEMENT_3D('',#2456,#2457,#2458);
#2456 = CARTESIAN_POINT('',(-340.,-992.6499809174,2.830435323476E+03));
#2457 = DIRECTION('',(1.,0.,-0.));
#2458 = DIRECTION('',(0.,0.124034734589,0.992277876714));
#2459 = DEFINITIONAL_REPRESENTATION('',(#2460),#2464);
#2460 = CIRCLE('',#2461,4.75);
#2461 = AXIS2_PLACEMENT_2D('',#2462,#2463);
#2462 = CARTESIAN_POINT('',(33.,-10.));
#2463 = DIRECTION('',(1.,0.));
#2464 = ( GEOMETRIC_REPRESENTATION_CONTEXT(2) 
PARAMETRIC_REPRESENTATION_CONTEXT() REPRESENTATION_CONTEXT('2D SPACE',''
  ) );
#2465 = ORIENTED_EDGE('',*,*,#2466,.F.);
#2466 = EDGE_CURVE('',#2383,#2438,#2467,.T.);
#2467 = SURFACE_CURVE('',#2468,(#2472,#2478),.PCURVE_S1.);
#2468 = LINE('',#2469,#2470);
#2469 = CARTESIAN_POINT('',(-1.34E+03,-973.9207359944,2.861350981072E+03
    ));
#2470 = VECTOR('',#2471,1.);
#2471 = DIRECTION('',(1.,0.,0.));
#2472 = PCURVE('',#2001,#2473);
#2473 = DEFINITIONAL_REPRESENTATION('',(#2474),#2477);
#2474 = B_SPLINE_CURVE_WITH_KNOTS('',1,(#2475,#2476),.UNSPECIFIED.,.F.,
  .F.,(2,2),(978.,1.002E+03),.PIECEWISE_BEZIER_KNOTS.);
#2475 = CARTESIAN_POINT('',(4.712388980385,978.));
#2476 = CARTESIAN_POINT('',(4.712388980385,1.002E+03));
#2477 = ( GEOMETRIC_REPRESENTATION_CONTEXT(2) 
PARAMETRIC_REPRESENTATION_CONTEXT() REPRESENTATION_CONTEXT('2D SPACE',''
  ) );
#2478 = PCURVE('',#2479,#2484);
#2479 = PLANE('',#2480);
#2480 = AXIS2_PLACEMENT_3D('',#2481,#2482,#2483);
#2481 = CARTESIAN_POINT('',(-360.,-988.5568346759,2.863180493408E+03));
#2482 = DIRECTION('',(0.,0.124034734589,0.992277876714));
#2483 = DIRECTION('',(1.,0.,-0.));
#2484 = DEFINITIONAL_REPRESENTATION('',(#2485),#2488);
#2485 = B_SPLINE_CURVE_WITH_KNOTS('',1,(#2486,#2487),.UNSPECIFIED.,.F.,
  .F.,(2,2),(978.,1.002E+03),.PIECEWISE_BEZIER_KNOTS.);
#2486 = CARTESIAN_POINT('',(-2.,14.75));
#2487 = CARTESIAN_POINT('',(22.,14.75));
#2488 = ( GEOMETRIC_REPRESENTATION_CONTEXT(2) 
PARAMETRIC_REPRESENTATION_CONTEXT() REPRESENTATION_CONTEXT('2D SPACE',''
  ) );
#2489 = FACE_BOUND('',#2490,.T.);
#2490 = EDGE_LOOP('',(#2491,#2522,#2548,#2577));
#2491 = ORIENTED_EDGE('',*,*,#2492,.F.);
#2492 = EDGE_CURVE('',#2493,#2495,#2497,.T.);
#2493 = VERTEX_POINT('',#2494);
#2494 = CARTESIAN_POINT('',(340.,-983.3473758232,2.862529311051E+03));
#2495 = VERTEX_POINT('',#2496);
#2496 = CARTESIAN_POINT('',(340.,-973.9207359944,2.861350981072E+03));
#2497 = SURFACE_CURVE('',#2498,(#2503,#2510),.PCURVE_S1.);
#2498 = CIRCLE('',#2499,4.75);
#2499 = AXIS2_PLACEMENT_3D('',#2500,#2501,#2502);
#2500 = CARTESIAN_POINT('',(340.,-978.6340559088,2.861940146062E+03));
#2501 = DIRECTION('',(1.,0.,-0.));
#2502 = DIRECTION('',(0.,0.124034734589,0.992277876714));
#2503 = PCURVE('',#2001,#2504);
#2504 = DEFINITIONAL_REPRESENTATION('',(#2505),#2509);
#2505 = LINE('',#2506,#2507);
#2506 = CARTESIAN_POINT('',(0.,1.68E+03));
#2507 = VECTOR('',#2508,1.);
#2508 = DIRECTION('',(1.,0.));
#2509 = ( GEOMETRIC_REPRESENTATION_CONTEXT(2) 
PARAMETRIC_REPRESENTATION_CONTEXT() REPRESENTATION_CONTEXT('2D SPACE',''
  ) );
#2510 = PCURVE('',#2511,#2516);
#2511 = PLANE('',#2512);
#2512 = AXIS2_PLACEMENT_3D('',#2513,#2514,#2515);
#2513 = CARTESIAN_POINT('',(340.,-992.6499809174,2.830435323476E+03));
#2514 = DIRECTION('',(1.,0.,-0.));
#2515 = DIRECTION('',(0.,0.124034734589,0.992277876714));
#2516 = DEFINITIONAL_REPRESENTATION('',(#2517),#2521);
#2517 = CIRCLE('',#2518,4.75);
#2518 = AXIS2_PLACEMENT_2D('',#2519,#2520);
#2519 = CARTESIAN_POINT('',(33.,-10.));
#2520 = DIRECTION('',(1.,0.));
#2521 = ( GEOMETRIC_REPRESENTATION_CONTEXT(2) 
PARAMETRIC_REPRESENTATION_CONTEXT() REPRESENTATION_CONTEXT('2D SPACE',''
  ) );
#2522 = ORIENTED_EDGE('',*,*,#2523,.T.);
#2523 = EDGE_CURVE('',#2493,#2524,#2526,.T.);
#2524 = VERTEX_POINT('',#2525);
#2525 = CARTESIAN_POINT('',(360.,-983.3473758232,2.862529311051E+03));
#2526 = SURFACE_CURVE('',#2527,(#2531,#2537),.PCURVE_S1.);
#2527 = LINE('',#2528,#2529);
#2528 = CARTESIAN_POINT('',(-1.34E+03,-983.3473758232,2.862529311051E+03
    ));
#2529 = VECTOR('',#2530,1.);
#2530 = DIRECTION('',(1.,0.,0.));
#2531 = PCURVE('',#2001,#2532);
#2532 = DEFINITIONAL_REPRESENTATION('',(#2533),#2536);
#2533 = B_SPLINE_CURVE_WITH_KNOTS('',1,(#2534,#2535),.UNSPECIFIED.,.F.,
  .F.,(2,2),(1.678E+03,1.702E+03),.PIECEWISE_BEZIER_KNOTS.);
#2534 = CARTESIAN_POINT('',(1.570796326795,1.678E+03));
#2535 = CARTESIAN_POINT('',(1.570796326795,1.702E+03));
#2536 = ( GEOMETRIC_REPRESENTATION_CONTEXT(2) 
PARAMETRIC_REPRESENTATION_CONTEXT() REPRESENTATION_CONTEXT('2D SPACE',''
  ) );
#2537 = PCURVE('',#2538,#2543);
#2538 = PLANE('',#2539);
#2539 = AXIS2_PLACEMENT_3D('',#2540,#2541,#2542);
#2540 = CARTESIAN_POINT('',(340.,-988.5568346759,2.863180493408E+03));
#2541 = DIRECTION('',(0.,0.124034734589,0.992277876714));
#2542 = DIRECTION('',(1.,0.,-0.));
#2543 = DEFINITIONAL_REPRESENTATION('',(#2544),#2547);
#2544 = B_SPLINE_CURVE_WITH_KNOTS('',1,(#2545,#2546),.UNSPECIFIED.,.F.,
  .F.,(2,2),(1.678E+03,1.702E+03),.PIECEWISE_BEZIER_KNOTS.);
#2545 = CARTESIAN_POINT('',(-2.,5.25));
#2546 = CARTESIAN_POINT('',(22.,5.25));
#2547 = ( GEOMETRIC_REPRESENTATION_CONTEXT(2) 
PARAMETRIC_REPRESENTATION_CONTEXT() REPRESENTATION_CONTEXT('2D SPACE',''
  ) );
#2548 = ORIENTED_EDGE('',*,*,#2549,.T.);
#2549 = EDGE_CURVE('',#2524,#2550,#2552,.T.);
#2550 = VERTEX_POINT('',#2551);
#2551 = CARTESIAN_POINT('',(360.,-973.9207359944,2.861350981072E+03));
#2552 = SURFACE_CURVE('',#2553,(#2558,#2565),.PCURVE_S1.);
#2553 = CIRCLE('',#2554,4.75);
#2554 = AXIS2_PLACEMENT_3D('',#2555,#2556,#2557);
#2555 = CARTESIAN_POINT('',(360.,-978.6340559088,2.861940146062E+03));
#2556 = DIRECTION('',(1.,0.,-0.));
#2557 = DIRECTION('',(0.,0.124034734589,0.992277876714));
#2558 = PCURVE('',#2001,#2559);
#2559 = DEFINITIONAL_REPRESENTATION('',(#2560),#2564);
#2560 = LINE('',#2561,#2562);
#2561 = CARTESIAN_POINT('',(0.,1.7E+03));
#2562 = VECTOR('',#2563,1.);
#2563 = DIRECTION('',(1.,0.));
#2564 = ( GEOMETRIC_REPRESENTATION_CONTEXT(2) 
PARAMETRIC_REPRESENTATION_CONTEXT() REPRESENTATION_CONTEXT('2D SPACE',''
  ) );
#2565 = PCURVE('',#2566,#2571);
#2566 = PLANE('',#2567);
#2567 = AXIS2_PLACEMENT_3D('',#2568,#2569,#2570);
#2568 = CARTESIAN_POINT('',(360.,-992.6499809174,2.830435323476E+03));
#2569 = DIRECTION('',(1.,0.,-0.));
#2570 = DIRECTION('',(0.,0.124034734589,0.992277876714));
#2571 = DEFINITIONAL_REPRESENTATION('',(#2572),#2576);
#2572 = CIRCLE('',#2573,4.75);
#2573 = AXIS2_PLACEMENT_2D('',#2574,#2575);
#2574 = CARTESIAN_POINT('',(33.,-10.));
#2575 = DIRECTION('',(1.,0.));
#2576 = ( GEOMETRIC_REPRESENTATION_CONTEXT(2) 
PARAMETRIC_REPRESENTATION_CONTEXT() REPRESENTATION_CONTEXT('2D SPACE',''
  ) );
#2577 = ORIENTED_EDGE('',*,*,#2578,.F.);
#2578 = EDGE_CURVE('',#2495,#2550,#2579,.T.);
#2579 = SURFACE_CURVE('',#2580,(#2584,#2590),.PCURVE_S1.);
#2580 = LINE('',#2581,#2582);
#2581 = CARTESIAN_POINT('',(-1.34E+03,-973.9207359944,2.861350981072E+03
    ));
#2582 = VECTOR('',#2583,1.);
#2583 = DIRECTION('',(1.,0.,0.));
#2584 = PCURVE('',#2001,#2585);
#2585 = DEFINITIONAL_REPRESENTATION('',(#2586),#2589);
#2586 = B_SPLINE_CURVE_WITH_KNOTS('',1,(#2587,#2588),.UNSPECIFIED.,.F.,
  .F.,(2,2),(1.678E+03,1.702E+03),.PIECEWISE_BEZIER_KNOTS.);
#2587 = CARTESIAN_POINT('',(4.712388980385,1.678E+03));
#2588 = CARTESIAN_POINT('',(4.712388980385,1.702E+03));
#2589 = ( GEOMETRIC_REPRESENTATION_CONTEXT(2) 
PARAMETRIC_REPRESENTATION_CONTEXT() REPRESENTATION_CONTEXT('2D SPACE',''
  ) );
#2590 = PCURVE('',#2591,#2596);
#2591 = PLANE('',#2592);
#2592 = AXIS2_PLACEMENT_3D('',#2593,#2594,#2595);
#2593 = CARTESIAN_POINT('',(340.,-988.5568346759,2.863180493408E+03));
#2594 = DIRECTION('',(0.,0.124034734589,0.992277876714));
#2595 = DIRECTION('',(1.,0.,-0.));
#2596 = DEFINITIONAL_REPRESENTATION('',(#2597),#2600);
#2597 = B_SPLINE_CURVE_WITH_KNOTS('',1,(#2598,#2599),.UNSPECIFIED.,.F.,
  .F.,(2,2),(1.678E+03,1.702E+03),.PIECEWISE_BEZIER_KNOTS.);
#2598 = CARTESIAN_POINT('',(-2.,14.75));
#2599 = CARTESIAN_POINT('',(22.,14.75));
#2600 = ( GEOMETRIC_REPRESENTATION_CONTEXT(2) 
PARAMETRIC_REPRESENTATION_CONTEXT() REPRESENTATION_CONTEXT('2D SPACE',''
  ) );
#2601 = FACE_BOUND('',#2602,.T.);
#2602 = EDGE_LOOP('',(#2603,#2634,#2660,#2689));
#2603 = ORIENTED_EDGE('',*,*,#2604,.F.);
#2604 = EDGE_CURVE('',#2605,#2607,#2609,.T.);
#2605 = VERTEX_POINT('',#2606);
#2606 = CARTESIAN_POINT('',(1.04E+03,-983.3473758232,2.862529311051E+03)
  );
#2607 = VERTEX_POINT('',#2608);
#2608 = CARTESIAN_POINT('',(1.04E+03,-973.9207359944,2.861350981072E+03)
  );
#2609 = SURFACE_CURVE('',#2610,(#2615,#2622),.PCURVE_S1.);
#2610 = CIRCLE('',#2611,4.75);
#2611 = AXIS2_PLACEMENT_3D('',#2612,#2613,#2614);
#2612 = CARTESIAN_POINT('',(1.04E+03,-978.6340559088,2.861940146062E+03)
  );
#2613 = DIRECTION('',(1.,0.,-0.));
#2614 = DIRECTION('',(0.,0.124034734589,0.992277876714));
#2615 = PCURVE('',#2001,#2616);
#2616 = DEFINITIONAL_REPRESENTATION('',(#2617),#2621);
#2617 = LINE('',#2618,#2619);
#2618 = CARTESIAN_POINT('',(0.,2.38E+03));
#2619 = VECTOR('',#2620,1.);
#2620 = DIRECTION('',(1.,0.));
#2621 = ( GEOMETRIC_REPRESENTATION_CONTEXT(2) 
PARAMETRIC_REPRESENTATION_CONTEXT() REPRESENTATION_CONTEXT('2D SPACE',''
  ) );
#2622 = PCURVE('',#2623,#2628);
#2623 = PLANE('',#2624);
#2624 = AXIS2_PLACEMENT_3D('',#2625,#2626,#2627);
#2625 = CARTESIAN_POINT('',(1.04E+03,-992.6499809174,2.830435323476E+03)
  );
#2626 = DIRECTION('',(1.,0.,-0.));
#2627 = DIRECTION('',(0.,0.124034734589,0.992277876714));
#2628 = DEFINITIONAL_REPRESENTATION('',(#2629),#2633);
#2629 = CIRCLE('',#2630,4.75);
#2630 = AXIS2_PLACEMENT_2D('',#2631,#2632);
#2631 = CARTESIAN_POINT('',(33.,-10.));
#2632 = DIRECTION('',(1.,0.));
#2633 = ( GEOMETRIC_REPRESENTATION_CONTEXT(2) 
PARAMETRIC_REPRESENTATION_CONTEXT() REPRESENTATION_CONTEXT('2D SPACE',''
  ) );
#2634 = ORIENTED_EDGE('',*,*,#2635,.T.);
#2635 = EDGE_CURVE('',#2605,#2636,#2638,.T.);
#2636 = VERTEX_POINT('',#2637);
#2637 = CARTESIAN_POINT('',(1.06E+03,-983.3473758232,2.862529311051E+03)
  );
#2638 = SURFACE_CURVE('',#2639,(#2643,#2649),.PCURVE_S1.);
#2639 = LINE('',#2640,#2641);
#2640 = CARTESIAN_POINT('',(-1.34E+03,-983.3473758232,2.862529311051E+03
    ));
#2641 = VECTOR('',#2642,1.);
#2642 = DIRECTION('',(1.,0.,0.));
#2643 = PCURVE('',#2001,#2644);
#2644 = DEFINITIONAL_REPRESENTATION('',(#2645),#2648);
#2645 = B_SPLINE_CURVE_WITH_KNOTS('',1,(#2646,#2647),.UNSPECIFIED.,.F.,
  .F.,(2,2),(2.378E+03,2.402E+03),.PIECEWISE_BEZIER_KNOTS.);
#2646 = CARTESIAN_POINT('',(1.570796326795,2.378E+03));
#2647 = CARTESIAN_POINT('',(1.570796326795,2.402E+03));
#2648 = ( GEOMETRIC_REPRESENTATION_CONTEXT(2) 
PARAMETRIC_REPRESENTATION_CONTEXT() REPRESENTATION_CONTEXT('2D SPACE',''
  ) );
#2649 = PCURVE('',#2650,#2655);
#2650 = PLANE('',#2651);
#2651 = AXIS2_PLACEMENT_3D('',#2652,#2653,#2654);
#2652 = CARTESIAN_POINT('',(1.04E+03,-988.5568346759,2.863180493408E+03)
  );
#2653 = DIRECTION('',(0.,0.124034734589,0.992277876714));
#2654 = DIRECTION('',(1.,0.,-0.));
#2655 = DEFINITIONAL_REPRESENTATION('',(#2656),#2659);
#2656 = B_SPLINE_CURVE_WITH_KNOTS('',1,(#2657,#2658),.UNSPECIFIED.,.F.,
  .F.,(2,2),(2.378E+03,2.402E+03),.PIECEWISE_BEZIER_KNOTS.);
#2657 = CARTESIAN_POINT('',(-2.,5.25));
#2658 = CARTESIAN_POINT('',(22.,5.25));
#2659 = ( GEOMETRIC_REPRESENTATION_CONTEXT(2) 
PARAMETRIC_REPRESENTATION_CONTEXT() REPRESENTATION_CONTEXT('2D SPACE',''
  ) );
#2660 = ORIENTED_EDGE('',*,*,#2661,.T.);
#2661 = EDGE_CURVE('',#2636,#2662,#2664,.T.);
#2662 = VERTEX_POINT('',#2663);
#2663 = CARTESIAN_POINT('',(1.06E+03,-973.9207359944,2.861350981072E+03)
  );
#2664 = SURFACE_CURVE('',#2665,(#2670,#2677),.PCURVE_S1.);
#2665 = CIRCLE('',#2666,4.75);
#2666 = AXIS2_PLACEMENT_3D('',#2667,#2668,#2669);
#2667 = CARTESIAN_POINT('',(1.06E+03,-978.6340559088,2.861940146062E+03)
  );
#2668 = DIRECTION('',(1.,0.,-0.));
#2669 = DIRECTION('',(0.,0.124034734589,0.992277876714));
#2670 = PCURVE('',#2001,#2671);
#2671 = DEFINITIONAL_REPRESENTATION('',(#2672),#2676);
#2672 = LINE('',#2673,#2674);
#2673 = CARTESIAN_POINT('',(0.,2.4E+03));
#2674 = VECTOR('',#2675,1.);
#2675 = DIRECTION('',(1.,0.));
#2676 = ( GEOMETRIC_REPRESENTATION_CONTEXT(2) 
PARAMETRIC_REPRESENTATION_CONTEXT() REPRESENTATION_CONTEXT('2D SPACE',''
  ) );
#2677 = PCURVE('',#2678,#2683);
#2678 = PLANE('',#2679);
#2679 = AXIS2_PLACEMENT_3D('',#2680,#2681,#2682);
#2680 = CARTESIAN_POINT('',(1.06E+03,-992.6499809174,2.830435323476E+03)
  );
#2681 = DIRECTION('',(1.,0.,-0.));
#2682 = DIRECTION('',(0.,0.124034734589,0.992277876714));
#2683 = DEFINITIONAL_REPRESENTATION('',(#2684),#2688);
#2684 = CIRCLE('',#2685,4.75);
#2685 = AXIS2_PLACEMENT_2D('',#2686,#2687);
#2686 = CARTESIAN_POINT('',(33.,-10.));
#2687 = DIRECTION('',(1.,0.));
#2688 = ( GEOMETRIC_REPRESENTATION_CONTEXT(2) 
PARAMETRIC_REPRESENTATION_CONTEXT() REPRESENTATION_CONTEXT('2D SPACE',''
  ) );
#2689 = ORIENTED_EDGE('',*,*,#2690,.F.);
#2690 = EDGE_CURVE('',#2607,#2662,#2691,.T.);
#2691 = SURFACE_CURVE('',#2692,(#2696,#2702),.PCURVE_S1.);
#2692 = LINE('',#2693,#2694);
#2693 = CARTESIAN_POINT('',(-1.34E+03,-973.9207359944,2.861350981072E+03
    ));
#2694 = VECTOR('',#2695,1.);
#2695 = DIRECTION('',(1.,0.,0.));
#2696 = PCURVE('',#2001,#2697);
#2697 = DEFINITIONAL_REPRESENTATION('',(#2698),#2701);
#2698 = B_SPLINE_CURVE_WITH_KNOTS('',1,(#2699,#2700),.UNSPECIFIED.,.F.,
  .F.,(2,2),(2.378E+03,2.402E+03),.PIECEWISE_BEZIER_KNOTS.);
#2699 = CARTESIAN_POINT('',(4.712388980385,2.378E+03));
#2700 = CARTESIAN_POINT('',(4.712388980385,2.402E+03));
#2701 = ( GEOMETRIC_REPRESENTATION_CONTEXT(2) 
PARAMETRIC_REPRESENTATION_CONTEXT() REPRESENTATION_CONTEXT('2D SPACE',''
  ) );
#2702 = PCURVE('',#2703,#2708);
#2703 = PLANE('',#2704);
#2704 = AXIS2_PLACEMENT_3D('',#2705,#2706,#2707);
#2705 = CARTESIAN_POINT('',(1.04E+03,-988.5568346759,2.863180493408E+03)
  );
#2706 = DIRECTION('',(0.,0.124034734589,0.992277876714));
#2707 = DIRECTION('',(1.,0.,-0.));
#2708 = DEFINITIONAL_REPRESENTATION('',(#2709),#2712);
#2709 = B_SPLINE_CURVE_WITH_KNOTS('',1,(#2710,#2711),.UNSPECIFIED.,.F.,
  .F.,(2,2),(2.378E+03,2.402E+03),.PIECEWISE_BEZIER_KNOTS.);
#2710 = CARTESIAN_POINT('',(-2.,14.75));
#2711 = CARTESIAN_POINT('',(22.,14.75));
#2712 = ( GEOMETRIC_REPRESENTATION_CONTEXT(2) 
PARAMETRIC_REPRESENTATION_CONTEXT() REPRESENTATION_CONTEXT('2D SPACE',''
  ) );
#2713 = ADVANCED_FACE('',(#2714),#2019,.T.);
#2714 = FACE_BOUND('',#2715,.T.);
#2715 = EDGE_LOOP('',(#2716,#2739,#2768,#2809,#2845,#2873,#2874,#2875,
    #2876,#2877));
#2716 = ORIENTED_EDGE('',*,*,#2717,.T.);
#2717 = EDGE_CURVE('',#2038,#2718,#2720,.T.);
#2718 = VERTEX_POINT('',#2719);
#2719 = CARTESIAN_POINT('',(-1.34E+03,966.81974743923,2.623545386181E+03
    ));
#2720 = SEAM_CURVE('',#2721,(#2725,#2732),.PCURVE_S1.);
#2721 = LINE('',#2722,#2723);
#2722 = CARTESIAN_POINT('',(-1.34E+03,-978.0448909195,2.866653465976E+03
    ));
#2723 = VECTOR('',#2724,1.);
#2724 = DIRECTION('',(0.,0.992277876714,-0.124034734589));
#2725 = PCURVE('',#2019,#2726);
#2726 = DEFINITIONAL_REPRESENTATION('',(#2727),#2731);
#2727 = LINE('',#2728,#2729);
#2728 = CARTESIAN_POINT('',(6.28318530718,-0.));
#2729 = VECTOR('',#2730,1.);
#2730 = DIRECTION('',(0.,1.));
#2731 = ( GEOMETRIC_REPRESENTATION_CONTEXT(2) 
PARAMETRIC_REPRESENTATION_CONTEXT() REPRESENTATION_CONTEXT('2D SPACE',''
  ) );
#2732 = PCURVE('',#2019,#2733);
#2733 = DEFINITIONAL_REPRESENTATION('',(#2734),#2738);
#2734 = LINE('',#2735,#2736);
#2735 = CARTESIAN_POINT('',(0.,-0.));
#2736 = VECTOR('',#2737,1.);
#2737 = DIRECTION('',(0.,1.));
#2738 = ( GEOMETRIC_REPRESENTATION_CONTEXT(2) 
PARAMETRIC_REPRESENTATION_CONTEXT() REPRESENTATION_CONTEXT('2D SPACE',''
  ) );
#2739 = ORIENTED_EDGE('',*,*,#2740,.F.);
#2740 = EDGE_CURVE('',#2741,#2718,#2743,.T.);
#2741 = VERTEX_POINT('',#2742);
#2742 = CARTESIAN_POINT('',(-1.34E+03,965.64141746063,2.614118746353E+03
    ));
#2743 = SURFACE_CURVE('',#2744,(#2749,#2756),.PCURVE_S1.);
#2744 = CIRCLE('',#2745,4.75);
#2745 = AXIS2_PLACEMENT_3D('',#2746,#2747,#2748);
#2746 = CARTESIAN_POINT('',(-1.34E+03,966.23058244993,2.618832066267E+03
    ));
#2747 = DIRECTION('',(-0.,0.992277876714,-0.124034734589));
#2748 = DIRECTION('',(0.,0.124034734589,0.992277876714));
#2749 = PCURVE('',#2019,#2750);
#2750 = DEFINITIONAL_REPRESENTATION('',(#2751),#2755);
#2751 = LINE('',#2752,#2753);
#2752 = CARTESIAN_POINT('',(0.,1.96E+03));
#2753 = VECTOR('',#2754,1.);
#2754 = DIRECTION('',(1.,0.));
#2755 = ( GEOMETRIC_REPRESENTATION_CONTEXT(2) 
PARAMETRIC_REPRESENTATION_CONTEXT() REPRESENTATION_CONTEXT('2D SPACE',''
  ) );
#2756 = PCURVE('',#2757,#2762);
#2757 = PLANE('',#2758);
#2758 = AXIS2_PLACEMENT_3D('',#2759,#2760,#2761);
#2759 = CARTESIAN_POINT('',(-1.34E+03,966.23058244993,2.618832066267E+03
    ));
#2760 = DIRECTION('',(0.,0.992277876714,-0.124034734589));
#2761 = DIRECTION('',(0.,0.124034734589,0.992277876714));
#2762 = DEFINITIONAL_REPRESENTATION('',(#2763),#2767);
#2763 = CIRCLE('',#2764,4.75);
#2764 = AXIS2_PLACEMENT_2D('',#2765,#2766);
#2765 = CARTESIAN_POINT('',(0.,0.));
#2766 = DIRECTION('',(1.,0.));
#2767 = ( GEOMETRIC_REPRESENTATION_CONTEXT(2) 
PARAMETRIC_REPRESENTATION_CONTEXT() REPRESENTATION_CONTEXT('2D SPACE',''
  ) );
#2768 = ORIENTED_EDGE('',*,*,#2769,.F.);
#2769 = EDGE_CURVE('',#2770,#2741,#2772,.T.);
#2770 = VERTEX_POINT('',#2771);
#2771 = CARTESIAN_POINT('',(-1.33525E+03,961.51726253554,
    2.619421231256E+03));
#2772 = SURFACE_CURVE('',#2773,(#2778,#2791),.PCURVE_S1.);
#2773 = ELLIPSE('',#2774,6.717514421272,4.75);
#2774 = AXIS2_PLACEMENT_3D('',#2775,#2776,#2777);
#2775 = CARTESIAN_POINT('',(-1.34E+03,966.23058244993,2.618832066267E+03
    ));
#2776 = DIRECTION('',(0.707106781187,0.701646415446,-8.77058019307E-02)
  );
#2777 = DIRECTION('',(0.707106781187,-0.701646415446,8.77058019307E-02)
  );
#2778 = PCURVE('',#2019,#2779);
#2779 = DEFINITIONAL_REPRESENTATION('',(#2780),#2790);
#2780 = B_SPLINE_CURVE_WITH_KNOTS('',8,(#2781,#2782,#2783,#2784,#2785,
    #2786,#2787,#2788,#2789),.UNSPECIFIED.,.F.,.F.,(9,9),(0.,
    1.570796579426),.PIECEWISE_BEZIER_KNOTS.);
#2781 = CARTESIAN_POINT('',(1.570796326795,1.95525E+03));
#2782 = CARTESIAN_POINT('',(1.767145899223,1.95525E+03));
#2783 = CARTESIAN_POINT('',(1.96349547165,1.955459288753E+03));
#2784 = CARTESIAN_POINT('',(2.159845044079,1.955877864484E+03));
#2785 = CARTESIAN_POINT('',(2.356194616494,1.956488521321E+03));
#2786 = CARTESIAN_POINT('',(2.552544188937,1.957256812626E+03));
#2787 = CARTESIAN_POINT('',(2.748893761363,1.958134679987E+03));
#2788 = CARTESIAN_POINT('',(2.945243333793,1.959067340731E+03));
#2789 = CARTESIAN_POINT('',(3.141592906221,1.9600000012E+03));
#2790 = ( GEOMETRIC_REPRESENTATION_CONTEXT(2) 
PARAMETRIC_REPRESENTATION_CONTEXT() REPRESENTATION_CONTEXT('2D SPACE',''
  ) );
#2791 = PCURVE('',#2792,#2797);
#2792 = CYLINDRICAL_SURFACE('',#2793,4.75);
#2793 = AXIS2_PLACEMENT_3D('',#2794,#2795,#2796);
#2794 = CARTESIAN_POINT('',(-1.34E+03,966.23058244993,2.618832066267E+03
    ));
#2795 = DIRECTION('',(1.,0.,0.));
#2796 = DIRECTION('',(0.,0.124034734589,0.992277876714));
#2797 = DEFINITIONAL_REPRESENTATION('',(#2798),#2808);
#2798 = B_SPLINE_CURVE_WITH_KNOTS('',8,(#2799,#2800,#2801,#2802,#2803,
    #2804,#2805,#2806,#2807),.UNSPECIFIED.,.F.,.F.,(9,9),(0.,
    1.570796579426),.PIECEWISE_BEZIER_KNOTS.);
#2799 = CARTESIAN_POINT('',(1.570796326795,4.75));
#2800 = CARTESIAN_POINT('',(1.767145899223,4.75));
#2801 = CARTESIAN_POINT('',(1.963495471649,4.540711246746));
#2802 = CARTESIAN_POINT('',(2.159845044081,4.122135518141));
#2803 = CARTESIAN_POINT('',(2.356194616501,3.511478672392));
#2804 = CARTESIAN_POINT('',(2.55254418894,2.743187372917));
#2805 = CARTESIAN_POINT('',(2.748893761362,1.865320012386));
#2806 = CARTESIAN_POINT('',(2.945243333793,0.932659269034));
#2807 = CARTESIAN_POINT('',(3.141592906221,-1.200000042445E-06));
#2808 = ( GEOMETRIC_REPRESENTATION_CONTEXT(2) 
PARAMETRIC_REPRESENTATION_CONTEXT() REPRESENTATION_CONTEXT('2D SPACE',''
  ) );
#2809 = ORIENTED_EDGE('',*,*,#2810,.F.);
#2810 = EDGE_CURVE('',#2811,#2770,#2813,.T.);
#2811 = VERTEX_POINT('',#2812);
#2812 = CARTESIAN_POINT('',(-1.33999999041E+03,966.81973792369,
    2.623545387371E+03));
#2813 = SURFACE_CURVE('',#2814,(#2819,#2832),.PCURVE_S1.);
#2814 = ELLIPSE('',#2815,6.717514421272,4.75);
#2815 = AXIS2_PLACEMENT_3D('',#2816,#2817,#2818);
#2816 = CARTESIAN_POINT('',(-1.34E+03,966.23058244993,2.618832066267E+03
    ));
#2817 = DIRECTION('',(0.707106781187,0.701646415446,-8.77058019307E-02)
  );
#2818 = DIRECTION('',(0.707106781187,-0.701646415446,8.77058019307E-02)
  );
#2819 = PCURVE('',#2019,#2820);
#2820 = DEFINITIONAL_REPRESENTATION('',(#2821),#2831);
#2821 = B_SPLINE_CURVE_WITH_KNOTS('',8,(#2822,#2823,#2824,#2825,#2826,
    #2827,#2828,#2829,#2830),.UNSPECIFIED.,.F.,.F.,(9,9),(4.712390999246
    ,6.28318530718),.PIECEWISE_BEZIER_KNOTS.);
#2822 = CARTESIAN_POINT('',(2.01886173033E-06,1.95999999041E+03));
#2823 = CARTESIAN_POINT('',(0.196351307353,1.95906733129E+03));
#2824 = CARTESIAN_POINT('',(0.392700595845,1.958134672372E+03));
#2825 = CARTESIAN_POINT('',(0.589049884336,1.95725680706E+03));
#2826 = CARTESIAN_POINT('',(0.785399172827,1.956488517806E+03));
#2827 = CARTESIAN_POINT('',(0.981748461319,1.955877862657E+03));
#2828 = CARTESIAN_POINT('',(1.178097749812,1.95545928815E+03));
#2829 = CARTESIAN_POINT('',(1.374447038303,1.95525E+03));
#2830 = CARTESIAN_POINT('',(1.570796326795,1.95525E+03));
#2831 = ( GEOMETRIC_REPRESENTATION_CONTEXT(2) 
PARAMETRIC_REPRESENTATION_CONTEXT() REPRESENTATION_CONTEXT('2D SPACE',''
  ) );
#2832 = PCURVE('',#2792,#2833);
#2833 = DEFINITIONAL_REPRESENTATION('',(#2834),#2844);
#2834 = B_SPLINE_CURVE_WITH_KNOTS('',8,(#2835,#2836,#2837,#2838,#2839,
    #2840,#2841,#2842,#2843),.UNSPECIFIED.,.F.,.F.,(9,9),(4.712390999246
    ,6.28318530718),.PIECEWISE_BEZIER_KNOTS.);
#2835 = CARTESIAN_POINT('',(2.018861706396E-06,9.589593219061E-06));
#2836 = CARTESIAN_POINT('',(0.196351307353,0.932668709927));
#2837 = CARTESIAN_POINT('',(0.392700595845,1.865327629172));
#2838 = CARTESIAN_POINT('',(0.589049884339,2.743192927945));
#2839 = CARTESIAN_POINT('',(0.785399172821,3.511482204634));
#2840 = CARTESIAN_POINT('',(0.981748461321,4.122137334014));
#2841 = CARTESIAN_POINT('',(1.17809774981,4.540711852039));
#2842 = CARTESIAN_POINT('',(1.374447038303,4.75));
#2843 = CARTESIAN_POINT('',(1.570796326795,4.75));
#2844 = ( GEOMETRIC_REPRESENTATION_CONTEXT(2) 
PARAMETRIC_REPRESENTATION_CONTEXT() REPRESENTATION_CONTEXT('2D SPACE',''
  ) );
#2845 = ORIENTED_EDGE('',*,*,#2846,.F.);
#2846 = EDGE_CURVE('',#2718,#2811,#2847,.T.);
#2847 = SURFACE_CURVE('',#2848,(#2853,#2863),.PCURVE_S1.);
#2848 = ELLIPSE('',#2849,6.717514421272,4.75);
#2849 = AXIS2_PLACEMENT_3D('',#2850,#2851,#2852);
#2850 = CARTESIAN_POINT('',(-1.34E+03,966.23058244993,2.618832066267E+03
    ));
#2851 = DIRECTION('',(0.707106781187,0.701646415446,-8.77058019307E-02)
  );
#2852 = DIRECTION('',(0.707106781187,-0.701646415446,8.77058019307E-02)
  );
#2853 = PCURVE('',#2019,#2854);
#2854 = DEFINITIONAL_REPRESENTATION('',(#2855),#2862);
#2855 = B_SPLINE_CURVE_WITH_KNOTS('',5,(#2856,#2857,#2858,#2859,#2860,
    #2861),.UNSPECIFIED.,.F.,.F.,(6,6),(4.712388980385,4.712390999246),
  .PIECEWISE_BEZIER_KNOTS.);
#2856 = CARTESIAN_POINT('',(0.,1.96E+03));
#2857 = CARTESIAN_POINT('',(4.037723435601E-07,1.959999998082E+03));
#2858 = CARTESIAN_POINT('',(8.075447031354E-07,1.959999996164E+03));
#2859 = CARTESIAN_POINT('',(1.211316991674E-06,1.959999994246E+03));
#2860 = CARTESIAN_POINT('',(1.61508938677E-06,1.959999992328E+03));
#2861 = CARTESIAN_POINT('',(2.01886173033E-06,1.95999999041E+03));
#2862 = ( GEOMETRIC_REPRESENTATION_CONTEXT(2) 
PARAMETRIC_REPRESENTATION_CONTEXT() REPRESENTATION_CONTEXT('2D SPACE',''
  ) );
#2863 = PCURVE('',#2792,#2864);
#2864 = DEFINITIONAL_REPRESENTATION('',(#2865),#2872);
#2865 = B_SPLINE_CURVE_WITH_KNOTS('',5,(#2866,#2867,#2868,#2869,#2870,
    #2871),.UNSPECIFIED.,.F.,.F.,(6,6),(4.712388980385,4.712390999246),
  .PIECEWISE_BEZIER_KNOTS.);
#2866 = CARTESIAN_POINT('',(0.,0.));
#2867 = CARTESIAN_POINT('',(4.037723435601E-07,1.917918631911E-06));
#2868 = CARTESIAN_POINT('',(8.075446816119E-07,3.835837339893E-06));
#2869 = CARTESIAN_POINT('',(1.211317072149E-06,5.753755710452E-06));
#2870 = CARTESIAN_POINT('',(1.615089362836E-06,7.671674587155E-06));
#2871 = CARTESIAN_POINT('',(2.018861706396E-06,9.589593219061E-06));
#2872 = ( GEOMETRIC_REPRESENTATION_CONTEXT(2) 
PARAMETRIC_REPRESENTATION_CONTEXT() REPRESENTATION_CONTEXT('2D SPACE',''
  ) );
#2873 = ORIENTED_EDGE('',*,*,#2717,.F.);
#2874 = ORIENTED_EDGE('',*,*,#2037,.F.);
#2875 = ORIENTED_EDGE('',*,*,#1989,.F.);
#2876 = ORIENTED_EDGE('',*,*,#2232,.F.);
#2877 = ORIENTED_EDGE('',*,*,#2878,.T.);
#2878 = EDGE_CURVE('',#2204,#2038,#2879,.T.);
#2879 = SURFACE_CURVE('',#2880,(#2885,#2892),.PCURVE_S1.);
#2880 = CIRCLE('',#2881,4.75);
#2881 = AXIS2_PLACEMENT_3D('',#2882,#2883,#2884);
#2882 = CARTESIAN_POINT('',(-1.34E+03,-978.6340559088,2.861940146062E+03
    ));
#2883 = DIRECTION('',(-0.,0.992277876714,-0.124034734589));
#2884 = DIRECTION('',(0.,0.124034734589,0.992277876714));
#2885 = PCURVE('',#2019,#2886);
#2886 = DEFINITIONAL_REPRESENTATION('',(#2887),#2891);
#2887 = LINE('',#2888,#2889);
#2888 = CARTESIAN_POINT('',(0.,0.));
#2889 = VECTOR('',#2890,1.);
#2890 = DIRECTION('',(1.,0.));
#2891 = ( GEOMETRIC_REPRESENTATION_CONTEXT(2) 
PARAMETRIC_REPRESENTATION_CONTEXT() REPRESENTATION_CONTEXT('2D SPACE',''
  ) );
#2892 = PCURVE('',#2893,#2898);
#2893 = PLANE('',#2894);
#2894 = AXIS2_PLACEMENT_3D('',#2895,#2896,#2897);
#2895 = CARTESIAN_POINT('',(-1.34E+03,-978.6340559088,2.861940146062E+03
    ));
#2896 = DIRECTION('',(0.,0.992277876714,-0.124034734589));
#2897 = DIRECTION('',(0.,0.124034734589,0.992277876714));
#2898 = DEFINITIONAL_REPRESENTATION('',(#2899),#2903);
#2899 = CIRCLE('',#2900,4.75);
#2900 = AXIS2_PLACEMENT_2D('',#2901,#2902);
#2901 = CARTESIAN_POINT('',(0.,0.));
#2902 = DIRECTION('',(1.,0.));
#2903 = ( GEOMETRIC_REPRESENTATION_CONTEXT(2) 
PARAMETRIC_REPRESENTATION_CONTEXT() REPRESENTATION_CONTEXT('2D SPACE',''
  ) );
#2904 = ADVANCED_FACE('',(#2905),#2220,.F.);
#2905 = FACE_BOUND('',#2906,.F.);
#2906 = EDGE_LOOP('',(#2907,#2926));
#2907 = ORIENTED_EDGE('',*,*,#2908,.T.);
#2908 = EDGE_CURVE('',#2204,#2038,#2909,.T.);
#2909 = SURFACE_CURVE('',#2910,(#2914,#2920),.PCURVE_S1.);
#2910 = LINE('',#2911,#2912);
#2911 = CARTESIAN_POINT('',(-1.34E+03,-978.6340559088,2.861940146062E+03
    ));
#2912 = VECTOR('',#2913,1.);
#2913 = DIRECTION('',(0.,0.124034734589,0.992277876714));
#2914 = PCURVE('',#2220,#2915);
#2915 = DEFINITIONAL_REPRESENTATION('',(#2916),#2919);
#2916 = B_SPLINE_CURVE_WITH_KNOTS('',1,(#2917,#2918),.UNSPECIFIED.,.F.,
  .F.,(2,2),(-4.75,4.75),.PIECEWISE_BEZIER_KNOTS.);
#2917 = CARTESIAN_POINT('',(-4.75,0.));
#2918 = CARTESIAN_POINT('',(4.75,0.));
#2919 = ( GEOMETRIC_REPRESENTATION_CONTEXT(2) 
PARAMETRIC_REPRESENTATION_CONTEXT() REPRESENTATION_CONTEXT('2D SPACE',''
  ) );
#2920 = PCURVE('',#2893,#2921);
#2921 = DEFINITIONAL_REPRESENTATION('',(#2922),#2925);
#2922 = B_SPLINE_CURVE_WITH_KNOTS('',1,(#2923,#2924),.UNSPECIFIED.,.F.,
  .F.,(2,2),(-4.75,4.75),.PIECEWISE_BEZIER_KNOTS.);
#2923 = CARTESIAN_POINT('',(-4.75,0.));
#2924 = CARTESIAN_POINT('',(4.75,0.));
#2925 = ( GEOMETRIC_REPRESENTATION_CONTEXT(2) 
PARAMETRIC_REPRESENTATION_CONTEXT() REPRESENTATION_CONTEXT('2D SPACE',''
  ) );
#2926 = ORIENTED_EDGE('',*,*,#2203,.T.);
#2927 = ADVANCED_FACE('',(#2928),#2190,.T.);
#2928 = FACE_BOUND('',#2929,.T.);
#2929 = EDGE_LOOP('',(#2930,#2954));
#2930 = ORIENTED_EDGE('',*,*,#2931,.T.);
#2931 = EDGE_CURVE('',#2126,#2068,#2932,.T.);
#2932 = SURFACE_CURVE('',#2933,(#2937,#2943),.PCURVE_S1.);
#2933 = LINE('',#2934,#2935);
#2934 = CARTESIAN_POINT('',(1.34E+03,-978.6340559088,2.861940146062E+03)
  );
#2935 = VECTOR('',#2936,1.);
#2936 = DIRECTION('',(0.,0.124034734589,0.992277876714));
#2937 = PCURVE('',#2190,#2938);
#2938 = DEFINITIONAL_REPRESENTATION('',(#2939),#2942);
#2939 = B_SPLINE_CURVE_WITH_KNOTS('',1,(#2940,#2941),.UNSPECIFIED.,.F.,
  .F.,(2,2),(-4.75,4.75),.PIECEWISE_BEZIER_KNOTS.);
#2940 = CARTESIAN_POINT('',(-4.75,0.));
#2941 = CARTESIAN_POINT('',(4.75,0.));
#2942 = ( GEOMETRIC_REPRESENTATION_CONTEXT(2) 
PARAMETRIC_REPRESENTATION_CONTEXT() REPRESENTATION_CONTEXT('2D SPACE',''
  ) );
#2943 = PCURVE('',#2944,#2949);
#2944 = PLANE('',#2945);
#2945 = AXIS2_PLACEMENT_3D('',#2946,#2947,#2948);
#2946 = CARTESIAN_POINT('',(1.34E+03,-978.6340559088,2.861940146062E+03)
  );
#2947 = DIRECTION('',(0.,0.992277876714,-0.124034734589));
#2948 = DIRECTION('',(0.,0.124034734589,0.992277876714));
#2949 = DEFINITIONAL_REPRESENTATION('',(#2950),#2953);
#2950 = B_SPLINE_CURVE_WITH_KNOTS('',1,(#2951,#2952),.UNSPECIFIED.,.F.,
  .F.,(2,2),(-4.75,4.75),.PIECEWISE_BEZIER_KNOTS.);
#2951 = CARTESIAN_POINT('',(-4.75,0.));
#2952 = CARTESIAN_POINT('',(4.75,0.));
#2953 = ( GEOMETRIC_REPRESENTATION_CONTEXT(2) 
PARAMETRIC_REPRESENTATION_CONTEXT() REPRESENTATION_CONTEXT('2D SPACE',''
  ) );
#2954 = ORIENTED_EDGE('',*,*,#2175,.T.);
#2955 = ADVANCED_FACE('',(#2956),#2110,.T.);
#2956 = FACE_BOUND('',#2957,.T.);
#2957 = EDGE_LOOP('',(#2958,#2989,#3010,#3032,#3033,#3034,#3035,#3065));
#2958 = ORIENTED_EDGE('',*,*,#2959,.F.);
#2959 = EDGE_CURVE('',#2960,#2962,#2964,.T.);
#2960 = VERTEX_POINT('',#2961);
#2961 = CARTESIAN_POINT('',(1.34E+03,966.81974743923,2.623545386181E+03)
  );
#2962 = VERTEX_POINT('',#2963);
#2963 = CARTESIAN_POINT('',(1.34E+03,965.64141746063,2.614118746353E+03)
  );
#2964 = SURFACE_CURVE('',#2965,(#2970,#2977),.PCURVE_S1.);
#2965 = CIRCLE('',#2966,4.75);
#2966 = AXIS2_PLACEMENT_3D('',#2967,#2968,#2969);
#2967 = CARTESIAN_POINT('',(1.34E+03,966.23058244993,2.618832066267E+03)
  );
#2968 = DIRECTION('',(-0.,0.992277876714,-0.124034734589));
#2969 = DIRECTION('',(0.,0.124034734589,0.992277876714));
#2970 = PCURVE('',#2110,#2971);
#2971 = DEFINITIONAL_REPRESENTATION('',(#2972),#2976);
#2972 = LINE('',#2973,#2974);
#2973 = CARTESIAN_POINT('',(0.,1.96E+03));
#2974 = VECTOR('',#2975,1.);
#2975 = DIRECTION('',(1.,0.));
#2976 = ( GEOMETRIC_REPRESENTATION_CONTEXT(2) 
PARAMETRIC_REPRESENTATION_CONTEXT() REPRESENTATION_CONTEXT('2D SPACE',''
  ) );
#2977 = PCURVE('',#2978,#2983);
#2978 = PLANE('',#2979);
#2979 = AXIS2_PLACEMENT_3D('',#2980,#2981,#2982);
#2980 = CARTESIAN_POINT('',(1.34E+03,966.23058244993,2.618832066267E+03)
  );
#2981 = DIRECTION('',(0.,0.992277876714,-0.124034734589));
#2982 = DIRECTION('',(0.,0.124034734589,0.992277876714));
#2983 = DEFINITIONAL_REPRESENTATION('',(#2984),#2988);
#2984 = CIRCLE('',#2985,4.75);
#2985 = AXIS2_PLACEMENT_2D('',#2986,#2987);
#2986 = CARTESIAN_POINT('',(0.,0.));
#2987 = DIRECTION('',(1.,0.));
#2988 = ( GEOMETRIC_REPRESENTATION_CONTEXT(2) 
PARAMETRIC_REPRESENTATION_CONTEXT() REPRESENTATION_CONTEXT('2D SPACE',''
  ) );
#2989 = ORIENTED_EDGE('',*,*,#2990,.F.);
#2990 = EDGE_CURVE('',#2068,#2960,#2991,.T.);
#2991 = SEAM_CURVE('',#2992,(#2996,#3003),.PCURVE_S1.);
#2992 = LINE('',#2993,#2994);
#2993 = CARTESIAN_POINT('',(1.34E+03,-978.0448909195,2.866653465976E+03)
  );
#2994 = VECTOR('',#2995,1.);
#2995 = DIRECTION('',(0.,0.992277876714,-0.124034734589));
#2996 = PCURVE('',#2110,#2997);
#2997 = DEFINITIONAL_REPRESENTATION('',(#2998),#3002);
#2998 = LINE('',#2999,#3000);
#2999 = CARTESIAN_POINT('',(6.28318530718,-0.));
#3000 = VECTOR('',#3001,1.);
#3001 = DIRECTION('',(0.,1.));
#3002 = ( GEOMETRIC_REPRESENTATION_CONTEXT(2) 
PARAMETRIC_REPRESENTATION_CONTEXT() REPRESENTATION_CONTEXT('2D SPACE',''
  ) );
#3003 = PCURVE('',#2110,#3004);
#3004 = DEFINITIONAL_REPRESENTATION('',(#3005),#3009);
#3005 = LINE('',#3006,#3007);
#3006 = CARTESIAN_POINT('',(0.,-0.));
#3007 = VECTOR('',#3008,1.);
#3008 = DIRECTION('',(0.,1.));
#3009 = ( GEOMETRIC_REPRESENTATION_CONTEXT(2) 
PARAMETRIC_REPRESENTATION_CONTEXT() REPRESENTATION_CONTEXT('2D SPACE',''
  ) );
#3010 = ORIENTED_EDGE('',*,*,#3011,.T.);
#3011 = EDGE_CURVE('',#2068,#2126,#3012,.T.);
#3012 = SURFACE_CURVE('',#3013,(#3018,#3025),.PCURVE_S1.);
#3013 = CIRCLE('',#3014,4.75);
#3014 = AXIS2_PLACEMENT_3D('',#3015,#3016,#3017);
#3015 = CARTESIAN_POINT('',(1.34E+03,-978.6340559088,2.861940146062E+03)
  );
#3016 = DIRECTION('',(-0.,0.992277876714,-0.124034734589));
#3017 = DIRECTION('',(0.,0.124034734589,0.992277876714));
#3018 = PCURVE('',#2110,#3019);
#3019 = DEFINITIONAL_REPRESENTATION('',(#3020),#3024);
#3020 = LINE('',#3021,#3022);
#3021 = CARTESIAN_POINT('',(0.,0.));
#3022 = VECTOR('',#3023,1.);
#3023 = DIRECTION('',(1.,0.));
#3024 = ( GEOMETRIC_REPRESENTATION_CONTEXT(2) 
PARAMETRIC_REPRESENTATION_CONTEXT() REPRESENTATION_CONTEXT('2D SPACE',''
  ) );
#3025 = PCURVE('',#2944,#3026);
#3026 = DEFINITIONAL_REPRESENTATION('',(#3027),#3031);
#3027 = CIRCLE('',#3028,4.75);
#3028 = AXIS2_PLACEMENT_2D('',#3029,#3030);
#3029 = CARTESIAN_POINT('',(0.,0.));
#3030 = DIRECTION('',(1.,0.));
#3031 = ( GEOMETRIC_REPRESENTATION_CONTEXT(2) 
PARAMETRIC_REPRESENTATION_CONTEXT() REPRESENTATION_CONTEXT('2D SPACE',''
  ) );
#3032 = ORIENTED_EDGE('',*,*,#2125,.T.);
#3033 = ORIENTED_EDGE('',*,*,#2090,.T.);
#3034 = ORIENTED_EDGE('',*,*,#2990,.T.);
#3035 = ORIENTED_EDGE('',*,*,#3036,.T.);
#3036 = EDGE_CURVE('',#2960,#3037,#3039,.T.);
#3037 = VERTEX_POINT('',#3038);
#3038 = CARTESIAN_POINT('',(1.33999999041E+03,966.81973792369,
    2.623545387371E+03));
#3039 = SURFACE_CURVE('',#3040,(#3045,#3055),.PCURVE_S1.);
#3040 = ELLIPSE('',#3041,6.717514421272,4.75);
#3041 = AXIS2_PLACEMENT_3D('',#3042,#3043,#3044);
#3042 = CARTESIAN_POINT('',(1.34E+03,966.23058244993,2.618832066267E+03)
  );
#3043 = DIRECTION('',(0.707106781187,-0.701646415446,8.77058019307E-02)
  );
#3044 = DIRECTION('',(0.707106781187,0.701646415446,-8.77058019307E-02)
  );
#3045 = PCURVE('',#2110,#3046);
#3046 = DEFINITIONAL_REPRESENTATION('',(#3047),#3054);
#3047 = B_SPLINE_CURVE_WITH_KNOTS('',5,(#3048,#3049,#3050,#3051,#3052,
    #3053),.UNSPECIFIED.,.F.,.F.,(6,6),(1.570796326795,1.570798345657),
  .PIECEWISE_BEZIER_KNOTS.);
#3048 = CARTESIAN_POINT('',(6.28318530718,1.96E+03));
#3049 = CARTESIAN_POINT('',(6.283184903407,1.959999998082E+03));
#3050 = CARTESIAN_POINT('',(6.283184499635,1.959999996164E+03));
#3051 = CARTESIAN_POINT('',(6.283184095863,1.959999994246E+03));
#3052 = CARTESIAN_POINT('',(6.28318369209,1.959999992328E+03));
#3053 = CARTESIAN_POINT('',(6.283183288318,1.95999999041E+03));
#3054 = ( GEOMETRIC_REPRESENTATION_CONTEXT(2) 
PARAMETRIC_REPRESENTATION_CONTEXT() REPRESENTATION_CONTEXT('2D SPACE',''
  ) );
#3055 = PCURVE('',#2792,#3056);
#3056 = DEFINITIONAL_REPRESENTATION('',(#3057),#3064);
#3057 = B_SPLINE_CURVE_WITH_KNOTS('',5,(#3058,#3059,#3060,#3061,#3062,
    #3063),.UNSPECIFIED.,.F.,.F.,(6,6),(1.570796326795,1.570798345657),
  .PIECEWISE_BEZIER_KNOTS.);
#3058 = CARTESIAN_POINT('',(0.,2.68E+03));
#3059 = CARTESIAN_POINT('',(4.037723436934E-07,2.679999998082E+03));
#3060 = CARTESIAN_POINT('',(8.075447443742E-07,2.679999996164E+03));
#3061 = CARTESIAN_POINT('',(1.21131697068E-06,2.679999994246E+03));
#3062 = CARTESIAN_POINT('',(1.615089386637E-06,2.679999992328E+03));
#3063 = CARTESIAN_POINT('',(2.01886173033E-06,2.67999999041E+03));
#3064 = ( GEOMETRIC_REPRESENTATION_CONTEXT(2) 
PARAMETRIC_REPRESENTATION_CONTEXT() REPRESENTATION_CONTEXT('2D SPACE',''
  ) );
#3065 = ORIENTED_EDGE('',*,*,#3066,.T.);
#3066 = EDGE_CURVE('',#3037,#2962,#3067,.T.);
#3067 = SURFACE_CURVE('',#3068,(#3073,#3093),.PCURVE_S1.);
#3068 = ELLIPSE('',#3069,6.717514421272,4.75);
#3069 = AXIS2_PLACEMENT_3D('',#3070,#3071,#3072);
#3070 = CARTESIAN_POINT('',(1.34E+03,966.23058244993,2.618832066267E+03)
  );
#3071 = DIRECTION('',(0.707106781187,-0.701646415446,8.77058019307E-02)
  );
#3072 = DIRECTION('',(0.707106781187,0.701646415446,-8.77058019307E-02)
  );
#3073 = PCURVE('',#2110,#3074);
#3074 = DEFINITIONAL_REPRESENTATION('',(#3075),#3092);
#3075 = B_SPLINE_CURVE_WITH_KNOTS('',8,(#3076,#3077,#3078,#3079,#3080,
    #3081,#3082,#3083,#3084,#3085,#3086,#3087,#3088,#3089,#3090,#3091),
  .UNSPECIFIED.,.F.,.F.,(9,7,9),(1.570798345657,3.141593789336,
    4.712389233016),.UNSPECIFIED.);
#3076 = CARTESIAN_POINT('',(6.283183288318,1.95999999041E+03));
#3077 = CARTESIAN_POINT('',(6.086833857858,1.959067330616E+03));
#3078 = CARTESIAN_POINT('',(5.8904844274,1.958134671023E+03));
#3079 = CARTESIAN_POINT('',(5.694134996895,1.957256805158E+03));
#3080 = CARTESIAN_POINT('',(5.497785566513,1.95648851558E+03));
#3081 = CARTESIAN_POINT('',(5.301436135982,1.955877860446E+03));
#3082 = CARTESIAN_POINT('',(5.105086705563,1.955459286334E+03));
#3083 = CARTESIAN_POINT('',(4.908737275098,1.955249998941E+03));
#3084 = CARTESIAN_POINT('',(4.516038414178,1.955250001059E+03));
#3085 = CARTESIAN_POINT('',(4.319688983718,1.955459290568E+03));
#3086 = CARTESIAN_POINT('',(4.123339553247,1.955877866684E+03));
#3087 = CARTESIAN_POINT('',(3.926990122807,1.956488523556E+03));
#3088 = CARTESIAN_POINT('',(3.730640692324,1.957256814525E+03));
#3089 = CARTESIAN_POINT('',(3.534291261879,1.958134681336E+03));
#3090 = CARTESIAN_POINT('',(3.337941831418,1.959067341405E+03));
#3091 = CARTESIAN_POINT('',(3.141592400958,1.9600000012E+03));
#3092 = ( GEOMETRIC_REPRESENTATION_CONTEXT(2) 
PARAMETRIC_REPRESENTATION_CONTEXT() REPRESENTATION_CONTEXT('2D SPACE',''
  ) );
#3093 = PCURVE('',#2792,#3094);
#3094 = DEFINITIONAL_REPRESENTATION('',(#3095),#3112);
#3095 = B_SPLINE_CURVE_WITH_KNOTS('',8,(#3096,#3097,#3098,#3099,#3100,
    #3101,#3102,#3103,#3104,#3105,#3106,#3107,#3108,#3109,#3110,#3111),
  .UNSPECIFIED.,.F.,.F.,(9,7,9),(1.570798345657,3.141593789336,
    4.712389233016),.UNSPECIFIED.);
#3096 = CARTESIAN_POINT('',(2.01886173033E-06,2.67999999041E+03));
#3097 = CARTESIAN_POINT('',(0.196351449322,2.679067330616E+03));
#3098 = CARTESIAN_POINT('',(0.392700879782,2.678134671021E+03));
#3099 = CARTESIAN_POINT('',(0.589050310238,2.677256805165E+03));
#3100 = CARTESIAN_POINT('',(0.7853997407,2.676488515576E+03));
#3101 = CARTESIAN_POINT('',(0.98174917116,2.675877860455E+03));
#3102 = CARTESIAN_POINT('',(1.178098601621,2.675459286331E+03));
#3103 = CARTESIAN_POINT('',(1.374448032082,2.675249998941E+03));
#3104 = CARTESIAN_POINT('',(1.767146893002,2.675250001059E+03));
#3105 = CARTESIAN_POINT('',(1.963496323463,2.675459290567E+03));
#3106 = CARTESIAN_POINT('',(2.159845753909,2.675877866691E+03));
#3107 = CARTESIAN_POINT('',(2.356195184397,2.676488523528E+03));
#3108 = CARTESIAN_POINT('',(2.552544614826,2.677256814534E+03));
#3109 = CARTESIAN_POINT('',(2.748894045304,2.678134681334E+03));
#3110 = CARTESIAN_POINT('',(2.945243475761,2.679067341405E+03));
#3111 = CARTESIAN_POINT('',(3.141592906221,2.6800000012E+03));
#3112 = ( GEOMETRIC_REPRESENTATION_CONTEXT(2) 
PARAMETRIC_REPRESENTATION_CONTEXT() REPRESENTATION_CONTEXT('2D SPACE',''
  ) );
#3113 = ADVANCED_FACE('',(#3114),#2287,.F.);
#3114 = FACE_BOUND('',#3115,.F.);
#3115 = EDGE_LOOP('',(#3116,#3139,#3167,#3195,#3223,#3244));
#3116 = ORIENTED_EDGE('',*,*,#3117,.F.);
#3117 = EDGE_CURVE('',#3118,#2269,#3120,.T.);
#3118 = VERTEX_POINT('',#3119);
#3119 = CARTESIAN_POINT('',(-1.06E+03,-988.5568346759,2.863180493408E+03
    ));
#3120 = SURFACE_CURVE('',#3121,(#3125,#3132),.PCURVE_S1.);
#3121 = LINE('',#3122,#3123);
#3122 = CARTESIAN_POINT('',(-1.06E+03,-988.5568346759,2.863180493408E+03
    ));
#3123 = VECTOR('',#3124,1.);
#3124 = DIRECTION('',(0.,0.992277876714,-0.124034734589));
#3125 = PCURVE('',#2287,#3126);
#3126 = DEFINITIONAL_REPRESENTATION('',(#3127),#3131);
#3127 = LINE('',#3128,#3129);
#3128 = CARTESIAN_POINT('',(33.,0.));
#3129 = VECTOR('',#3130,1.);
#3130 = DIRECTION('',(0.,-1.));
#3131 = ( GEOMETRIC_REPRESENTATION_CONTEXT(2) 
PARAMETRIC_REPRESENTATION_CONTEXT() REPRESENTATION_CONTEXT('2D SPACE',''
  ) );
#3132 = PCURVE('',#2314,#3133);
#3133 = DEFINITIONAL_REPRESENTATION('',(#3134),#3138);
#3134 = LINE('',#3135,#3136);
#3135 = CARTESIAN_POINT('',(0.,0.));
#3136 = VECTOR('',#3137,1.);
#3137 = DIRECTION('',(0.,1.));
#3138 = ( GEOMETRIC_REPRESENTATION_CONTEXT(2) 
PARAMETRIC_REPRESENTATION_CONTEXT() REPRESENTATION_CONTEXT('2D SPACE',''
  ) );
#3139 = ORIENTED_EDGE('',*,*,#3140,.F.);
#3140 = EDGE_CURVE('',#3141,#3118,#3143,.T.);
#3141 = VERTEX_POINT('',#3142);
#3142 = CARTESIAN_POINT('',(-1.06E+03,-992.6499809174,2.830435323476E+03
    ));
#3143 = SURFACE_CURVE('',#3144,(#3148,#3155),.PCURVE_S1.);
#3144 = LINE('',#3145,#3146);
#3145 = CARTESIAN_POINT('',(-1.06E+03,-992.6499809174,2.830435323476E+03
    ));
#3146 = VECTOR('',#3147,1.);
#3147 = DIRECTION('',(0.,0.124034734589,0.992277876714));
#3148 = PCURVE('',#2287,#3149);
#3149 = DEFINITIONAL_REPRESENTATION('',(#3150),#3154);
#3150 = LINE('',#3151,#3152);
#3151 = CARTESIAN_POINT('',(0.,0.));
#3152 = VECTOR('',#3153,1.);
#3153 = DIRECTION('',(1.,0.));
#3154 = ( GEOMETRIC_REPRESENTATION_CONTEXT(2) 
PARAMETRIC_REPRESENTATION_CONTEXT() REPRESENTATION_CONTEXT('2D SPACE',''
  ) );
#3155 = PCURVE('',#3156,#3161);
#3156 = PLANE('',#3157);
#3157 = AXIS2_PLACEMENT_3D('',#3158,#3159,#3160);
#3158 = CARTESIAN_POINT('',(-1.06E+03,-992.6499809174,2.830435323476E+03
    ));
#3159 = DIRECTION('',(0.,0.992277876714,-0.124034734589));
#3160 = DIRECTION('',(0.,0.124034734589,0.992277876714));
#3161 = DEFINITIONAL_REPRESENTATION('',(#3162),#3166);
#3162 = LINE('',#3163,#3164);
#3163 = CARTESIAN_POINT('',(0.,0.));
#3164 = VECTOR('',#3165,1.);
#3165 = DIRECTION('',(1.,0.));
#3166 = ( GEOMETRIC_REPRESENTATION_CONTEXT(2) 
PARAMETRIC_REPRESENTATION_CONTEXT() REPRESENTATION_CONTEXT('2D SPACE',''
  ) );
#3167 = ORIENTED_EDGE('',*,*,#3168,.T.);
#3168 = EDGE_CURVE('',#3141,#3169,#3171,.T.);
#3169 = VERTEX_POINT('',#3170);
#3170 = CARTESIAN_POINT('',(-1.06E+03,-972.8044233831,2.827954628784E+03
    ));
#3171 = SURFACE_CURVE('',#3172,(#3176,#3183),.PCURVE_S1.);
#3172 = LINE('',#3173,#3174);
#3173 = CARTESIAN_POINT('',(-1.06E+03,-992.6499809174,2.830435323476E+03
    ));
#3174 = VECTOR('',#3175,1.);
#3175 = DIRECTION('',(0.,0.992277876714,-0.124034734589));
#3176 = PCURVE('',#2287,#3177);
#3177 = DEFINITIONAL_REPRESENTATION('',(#3178),#3182);
#3178 = LINE('',#3179,#3180);
#3179 = CARTESIAN_POINT('',(0.,0.));
#3180 = VECTOR('',#3181,1.);
#3181 = DIRECTION('',(0.,-1.));
#3182 = ( GEOMETRIC_REPRESENTATION_CONTEXT(2) 
PARAMETRIC_REPRESENTATION_CONTEXT() REPRESENTATION_CONTEXT('2D SPACE',''
  ) );
#3183 = PCURVE('',#3184,#3189);
#3184 = PLANE('',#3185);
#3185 = AXIS2_PLACEMENT_3D('',#3186,#3187,#3188);
#3186 = CARTESIAN_POINT('',(-1.06E+03,-992.6499809174,2.830435323476E+03
    ));
#3187 = DIRECTION('',(0.,0.124034734589,0.992277876714));
#3188 = DIRECTION('',(1.,0.,-0.));
#3189 = DEFINITIONAL_REPRESENTATION('',(#3190),#3194);
#3190 = LINE('',#3191,#3192);
#3191 = CARTESIAN_POINT('',(0.,0.));
#3192 = VECTOR('',#3193,1.);
#3193 = DIRECTION('',(0.,1.));
#3194 = ( GEOMETRIC_REPRESENTATION_CONTEXT(2) 
PARAMETRIC_REPRESENTATION_CONTEXT() REPRESENTATION_CONTEXT('2D SPACE',''
  ) );
#3195 = ORIENTED_EDGE('',*,*,#3196,.T.);
#3196 = EDGE_CURVE('',#3169,#3197,#3199,.T.);
#3197 = VERTEX_POINT('',#3198);
#3198 = CARTESIAN_POINT('',(-1.06E+03,-968.7112771417,2.860699798716E+03
    ));
#3199 = SURFACE_CURVE('',#3200,(#3204,#3211),.PCURVE_S1.);
#3200 = LINE('',#3201,#3202);
#3201 = CARTESIAN_POINT('',(-1.06E+03,-972.8044233831,2.827954628784E+03
    ));
#3202 = VECTOR('',#3203,1.);
#3203 = DIRECTION('',(0.,0.124034734589,0.992277876714));
#3204 = PCURVE('',#2287,#3205);
#3205 = DEFINITIONAL_REPRESENTATION('',(#3206),#3210);
#3206 = LINE('',#3207,#3208);
#3207 = CARTESIAN_POINT('',(0.,-20.));
#3208 = VECTOR('',#3209,1.);
#3209 = DIRECTION('',(1.,0.));
#3210 = ( GEOMETRIC_REPRESENTATION_CONTEXT(2) 
PARAMETRIC_REPRESENTATION_CONTEXT() REPRESENTATION_CONTEXT('2D SPACE',''
  ) );
#3211 = PCURVE('',#3212,#3217);
#3212 = PLANE('',#3213);
#3213 = AXIS2_PLACEMENT_3D('',#3214,#3215,#3216);
#3214 = CARTESIAN_POINT('',(-1.06E+03,-972.8044233831,2.827954628784E+03
    ));
#3215 = DIRECTION('',(0.,0.992277876714,-0.124034734589));
#3216 = DIRECTION('',(0.,0.124034734589,0.992277876714));
#3217 = DEFINITIONAL_REPRESENTATION('',(#3218),#3222);
#3218 = LINE('',#3219,#3220);
#3219 = CARTESIAN_POINT('',(0.,0.));
#3220 = VECTOR('',#3221,1.);
#3221 = DIRECTION('',(1.,0.));
#3222 = ( GEOMETRIC_REPRESENTATION_CONTEXT(2) 
PARAMETRIC_REPRESENTATION_CONTEXT() REPRESENTATION_CONTEXT('2D SPACE',''
  ) );
#3223 = ORIENTED_EDGE('',*,*,#3224,.F.);
#3224 = EDGE_CURVE('',#2271,#3197,#3225,.T.);
#3225 = SURFACE_CURVE('',#3226,(#3230,#3237),.PCURVE_S1.);
#3226 = LINE('',#3227,#3228);
#3227 = CARTESIAN_POINT('',(-1.06E+03,-988.5568346759,2.863180493408E+03
    ));
#3228 = VECTOR('',#3229,1.);
#3229 = DIRECTION('',(0.,0.992277876714,-0.124034734589));
#3230 = PCURVE('',#2287,#3231);
#3231 = DEFINITIONAL_REPRESENTATION('',(#3232),#3236);
#3232 = LINE('',#3233,#3234);
#3233 = CARTESIAN_POINT('',(33.,0.));
#3234 = VECTOR('',#3235,1.);
#3235 = DIRECTION('',(0.,-1.));
#3236 = ( GEOMETRIC_REPRESENTATION_CONTEXT(2) 
PARAMETRIC_REPRESENTATION_CONTEXT() REPRESENTATION_CONTEXT('2D SPACE',''
  ) );
#3237 = PCURVE('',#2367,#3238);
#3238 = DEFINITIONAL_REPRESENTATION('',(#3239),#3243);
#3239 = LINE('',#3240,#3241);
#3240 = CARTESIAN_POINT('',(0.,0.));
#3241 = VECTOR('',#3242,1.);
#3242 = DIRECTION('',(0.,1.));
#3243 = ( GEOMETRIC_REPRESENTATION_CONTEXT(2) 
PARAMETRIC_REPRESENTATION_CONTEXT() REPRESENTATION_CONTEXT('2D SPACE',''
  ) );
#3244 = ORIENTED_EDGE('',*,*,#2268,.F.);
#3245 = ADVANCED_FACE('',(#3246),#2367,.T.);
#3246 = FACE_BOUND('',#3247,.T.);
#3247 = EDGE_LOOP('',(#3248,#3249,#3250,#3273));
#3248 = ORIENTED_EDGE('',*,*,#3224,.F.);
#3249 = ORIENTED_EDGE('',*,*,#2354,.T.);
#3250 = ORIENTED_EDGE('',*,*,#3251,.T.);
#3251 = EDGE_CURVE('',#2326,#3252,#3254,.T.);
#3252 = VERTEX_POINT('',#3253);
#3253 = CARTESIAN_POINT('',(-1.04E+03,-968.7112771417,2.860699798716E+03
    ));
#3254 = SURFACE_CURVE('',#3255,(#3259,#3266),.PCURVE_S1.);
#3255 = LINE('',#3256,#3257);
#3256 = CARTESIAN_POINT('',(-1.04E+03,-988.5568346759,2.863180493408E+03
    ));
#3257 = VECTOR('',#3258,1.);
#3258 = DIRECTION('',(0.,0.992277876714,-0.124034734589));
#3259 = PCURVE('',#2367,#3260);
#3260 = DEFINITIONAL_REPRESENTATION('',(#3261),#3265);
#3261 = LINE('',#3262,#3263);
#3262 = CARTESIAN_POINT('',(20.,0.));
#3263 = VECTOR('',#3264,1.);
#3264 = DIRECTION('',(0.,1.));
#3265 = ( GEOMETRIC_REPRESENTATION_CONTEXT(2) 
PARAMETRIC_REPRESENTATION_CONTEXT() REPRESENTATION_CONTEXT('2D SPACE',''
  ) );
#3266 = PCURVE('',#2342,#3267);
#3267 = DEFINITIONAL_REPRESENTATION('',(#3268),#3272);
#3268 = LINE('',#3269,#3270);
#3269 = CARTESIAN_POINT('',(33.,0.));
#3270 = VECTOR('',#3271,1.);
#3271 = DIRECTION('',(0.,-1.));
#3272 = ( GEOMETRIC_REPRESENTATION_CONTEXT(2) 
PARAMETRIC_REPRESENTATION_CONTEXT() REPRESENTATION_CONTEXT('2D SPACE',''
  ) );
#3273 = ORIENTED_EDGE('',*,*,#3274,.F.);
#3274 = EDGE_CURVE('',#3197,#3252,#3275,.T.);
#3275 = SURFACE_CURVE('',#3276,(#3280,#3287),.PCURVE_S1.);
#3276 = LINE('',#3277,#3278);
#3277 = CARTESIAN_POINT('',(-1.06E+03,-968.7112771417,2.860699798716E+03
    ));
#3278 = VECTOR('',#3279,1.);
#3279 = DIRECTION('',(1.,0.,-0.));
#3280 = PCURVE('',#2367,#3281);
#3281 = DEFINITIONAL_REPRESENTATION('',(#3282),#3286);
#3282 = LINE('',#3283,#3284);
#3283 = CARTESIAN_POINT('',(0.,20.));
#3284 = VECTOR('',#3285,1.);
#3285 = DIRECTION('',(1.,0.));
#3286 = ( GEOMETRIC_REPRESENTATION_CONTEXT(2) 
PARAMETRIC_REPRESENTATION_CONTEXT() REPRESENTATION_CONTEXT('2D SPACE',''
  ) );
#3287 = PCURVE('',#3212,#3288);
#3288 = DEFINITIONAL_REPRESENTATION('',(#3289),#3293);
#3289 = LINE('',#3290,#3291);
#3290 = CARTESIAN_POINT('',(33.,0.));
#3291 = VECTOR('',#3292,1.);
#3292 = DIRECTION('',(0.,1.));
#3293 = ( GEOMETRIC_REPRESENTATION_CONTEXT(2) 
PARAMETRIC_REPRESENTATION_CONTEXT() REPRESENTATION_CONTEXT('2D SPACE',''
  ) );
#3294 = ADVANCED_FACE('',(#3295),#2342,.T.);
#3295 = FACE_BOUND('',#3296,.T.);
#3296 = EDGE_LOOP('',(#3297,#3320,#3343,#3366,#3387,#3388));
#3297 = ORIENTED_EDGE('',*,*,#3298,.F.);
#3298 = EDGE_CURVE('',#3299,#2300,#3301,.T.);
#3299 = VERTEX_POINT('',#3300);
#3300 = CARTESIAN_POINT('',(-1.04E+03,-988.5568346759,2.863180493408E+03
    ));
#3301 = SURFACE_CURVE('',#3302,(#3306,#3313),.PCURVE_S1.);
#3302 = LINE('',#3303,#3304);
#3303 = CARTESIAN_POINT('',(-1.04E+03,-988.5568346759,2.863180493408E+03
    ));
#3304 = VECTOR('',#3305,1.);
#3305 = DIRECTION('',(0.,0.992277876714,-0.124034734589));
#3306 = PCURVE('',#2342,#3307);
#3307 = DEFINITIONAL_REPRESENTATION('',(#3308),#3312);
#3308 = LINE('',#3309,#3310);
#3309 = CARTESIAN_POINT('',(33.,0.));
#3310 = VECTOR('',#3311,1.);
#3311 = DIRECTION('',(0.,-1.));
#3312 = ( GEOMETRIC_REPRESENTATION_CONTEXT(2) 
PARAMETRIC_REPRESENTATION_CONTEXT() REPRESENTATION_CONTEXT('2D SPACE',''
  ) );
#3313 = PCURVE('',#2314,#3314);
#3314 = DEFINITIONAL_REPRESENTATION('',(#3315),#3319);
#3315 = LINE('',#3316,#3317);
#3316 = CARTESIAN_POINT('',(20.,0.));
#3317 = VECTOR('',#3318,1.);
#3318 = DIRECTION('',(0.,1.));
#3319 = ( GEOMETRIC_REPRESENTATION_CONTEXT(2) 
PARAMETRIC_REPRESENTATION_CONTEXT() REPRESENTATION_CONTEXT('2D SPACE',''
  ) );
#3320 = ORIENTED_EDGE('',*,*,#3321,.F.);
#3321 = EDGE_CURVE('',#3322,#3299,#3324,.T.);
#3322 = VERTEX_POINT('',#3323);
#3323 = CARTESIAN_POINT('',(-1.04E+03,-992.6499809174,2.830435323476E+03
    ));
#3324 = SURFACE_CURVE('',#3325,(#3329,#3336),.PCURVE_S1.);
#3325 = LINE('',#3326,#3327);
#3326 = CARTESIAN_POINT('',(-1.04E+03,-992.6499809174,2.830435323476E+03
    ));
#3327 = VECTOR('',#3328,1.);
#3328 = DIRECTION('',(0.,0.124034734589,0.992277876714));
#3329 = PCURVE('',#2342,#3330);
#3330 = DEFINITIONAL_REPRESENTATION('',(#3331),#3335);
#3331 = LINE('',#3332,#3333);
#3332 = CARTESIAN_POINT('',(0.,0.));
#3333 = VECTOR('',#3334,1.);
#3334 = DIRECTION('',(1.,0.));
#3335 = ( GEOMETRIC_REPRESENTATION_CONTEXT(2) 
PARAMETRIC_REPRESENTATION_CONTEXT() REPRESENTATION_CONTEXT('2D SPACE',''
  ) );
#3336 = PCURVE('',#3156,#3337);
#3337 = DEFINITIONAL_REPRESENTATION('',(#3338),#3342);
#3338 = LINE('',#3339,#3340);
#3339 = CARTESIAN_POINT('',(0.,20.));
#3340 = VECTOR('',#3341,1.);
#3341 = DIRECTION('',(1.,0.));
#3342 = ( GEOMETRIC_REPRESENTATION_CONTEXT(2) 
PARAMETRIC_REPRESENTATION_CONTEXT() REPRESENTATION_CONTEXT('2D SPACE',''
  ) );
#3343 = ORIENTED_EDGE('',*,*,#3344,.T.);
#3344 = EDGE_CURVE('',#3322,#3345,#3347,.T.);
#3345 = VERTEX_POINT('',#3346);
#3346 = CARTESIAN_POINT('',(-1.04E+03,-972.8044233831,2.827954628784E+03
    ));
#3347 = SURFACE_CURVE('',#3348,(#3352,#3359),.PCURVE_S1.);
#3348 = LINE('',#3349,#3350);
#3349 = CARTESIAN_POINT('',(-1.04E+03,-992.6499809174,2.830435323476E+03
    ));
#3350 = VECTOR('',#3351,1.);
#3351 = DIRECTION('',(0.,0.992277876714,-0.124034734589));
#3352 = PCURVE('',#2342,#3353);
#3353 = DEFINITIONAL_REPRESENTATION('',(#3354),#3358);
#3354 = LINE('',#3355,#3356);
#3355 = CARTESIAN_POINT('',(0.,0.));
#3356 = VECTOR('',#3357,1.);
#3357 = DIRECTION('',(0.,-1.));
#3358 = ( GEOMETRIC_REPRESENTATION_CONTEXT(2) 
PARAMETRIC_REPRESENTATION_CONTEXT() REPRESENTATION_CONTEXT('2D SPACE',''
  ) );
#3359 = PCURVE('',#3184,#3360);
#3360 = DEFINITIONAL_REPRESENTATION('',(#3361),#3365);
#3361 = LINE('',#3362,#3363);
#3362 = CARTESIAN_POINT('',(20.,0.));
#3363 = VECTOR('',#3364,1.);
#3364 = DIRECTION('',(0.,1.));
#3365 = ( GEOMETRIC_REPRESENTATION_CONTEXT(2) 
PARAMETRIC_REPRESENTATION_CONTEXT() REPRESENTATION_CONTEXT('2D SPACE',''
  ) );
#3366 = ORIENTED_EDGE('',*,*,#3367,.T.);
#3367 = EDGE_CURVE('',#3345,#3252,#3368,.T.);
#3368 = SURFACE_CURVE('',#3369,(#3373,#3380),.PCURVE_S1.);
#3369 = LINE('',#3370,#3371);
#3370 = CARTESIAN_POINT('',(-1.04E+03,-972.8044233831,2.827954628784E+03
    ));
#3371 = VECTOR('',#3372,1.);
#3372 = DIRECTION('',(0.,0.124034734589,0.992277876714));
#3373 = PCURVE('',#2342,#3374);
#3374 = DEFINITIONAL_REPRESENTATION('',(#3375),#3379);
#3375 = LINE('',#3376,#3377);
#3376 = CARTESIAN_POINT('',(0.,-20.));
#3377 = VECTOR('',#3378,1.);
#3378 = DIRECTION('',(1.,0.));
#3379 = ( GEOMETRIC_REPRESENTATION_CONTEXT(2) 
PARAMETRIC_REPRESENTATION_CONTEXT() REPRESENTATION_CONTEXT('2D SPACE',''
  ) );
#3380 = PCURVE('',#3212,#3381);
#3381 = DEFINITIONAL_REPRESENTATION('',(#3382),#3386);
#3382 = LINE('',#3383,#3384);
#3383 = CARTESIAN_POINT('',(0.,20.));
#3384 = VECTOR('',#3385,1.);
#3385 = DIRECTION('',(1.,0.));
#3386 = ( GEOMETRIC_REPRESENTATION_CONTEXT(2) 
PARAMETRIC_REPRESENTATION_CONTEXT() REPRESENTATION_CONTEXT('2D SPACE',''
  ) );
#3387 = ORIENTED_EDGE('',*,*,#3251,.F.);
#3388 = ORIENTED_EDGE('',*,*,#2325,.F.);
#3389 = ADVANCED_FACE('',(#3390),#2314,.T.);
#3390 = FACE_BOUND('',#3391,.T.);
#3391 = EDGE_LOOP('',(#3392,#3393,#3414,#3415));
#3392 = ORIENTED_EDGE('',*,*,#3117,.F.);
#3393 = ORIENTED_EDGE('',*,*,#3394,.T.);
#3394 = EDGE_CURVE('',#3118,#3299,#3395,.T.);
#3395 = SURFACE_CURVE('',#3396,(#3400,#3407),.PCURVE_S1.);
#3396 = LINE('',#3397,#3398);
#3397 = CARTESIAN_POINT('',(-1.06E+03,-988.5568346759,2.863180493408E+03
    ));
#3398 = VECTOR('',#3399,1.);
#3399 = DIRECTION('',(1.,0.,-0.));
#3400 = PCURVE('',#2314,#3401);
#3401 = DEFINITIONAL_REPRESENTATION('',(#3402),#3406);
#3402 = LINE('',#3403,#3404);
#3403 = CARTESIAN_POINT('',(0.,0.));
#3404 = VECTOR('',#3405,1.);
#3405 = DIRECTION('',(1.,0.));
#3406 = ( GEOMETRIC_REPRESENTATION_CONTEXT(2) 
PARAMETRIC_REPRESENTATION_CONTEXT() REPRESENTATION_CONTEXT('2D SPACE',''
  ) );
#3407 = PCURVE('',#3156,#3408);
#3408 = DEFINITIONAL_REPRESENTATION('',(#3409),#3413);
#3409 = LINE('',#3410,#3411);
#3410 = CARTESIAN_POINT('',(33.,0.));
#3411 = VECTOR('',#3412,1.);
#3412 = DIRECTION('',(0.,1.));
#3413 = ( GEOMETRIC_REPRESENTATION_CONTEXT(2) 
PARAMETRIC_REPRESENTATION_CONTEXT() REPRESENTATION_CONTEXT('2D SPACE',''
  ) );
#3414 = ORIENTED_EDGE('',*,*,#3298,.T.);
#3415 = ORIENTED_EDGE('',*,*,#2299,.F.);
#3416 = ADVANCED_FACE('',(#3417),#2399,.F.);
#3417 = FACE_BOUND('',#3418,.F.);
#3418 = EDGE_LOOP('',(#3419,#3442,#3470,#3498,#3526,#3547));
#3419 = ORIENTED_EDGE('',*,*,#3420,.F.);
#3420 = EDGE_CURVE('',#3421,#2381,#3423,.T.);
#3421 = VERTEX_POINT('',#3422);
#3422 = CARTESIAN_POINT('',(-360.,-988.5568346759,2.863180493408E+03));
#3423 = SURFACE_CURVE('',#3424,(#3428,#3435),.PCURVE_S1.);
#3424 = LINE('',#3425,#3426);
#3425 = CARTESIAN_POINT('',(-360.,-988.5568346759,2.863180493408E+03));
#3426 = VECTOR('',#3427,1.);
#3427 = DIRECTION('',(0.,0.992277876714,-0.124034734589));
#3428 = PCURVE('',#2399,#3429);
#3429 = DEFINITIONAL_REPRESENTATION('',(#3430),#3434);
#3430 = LINE('',#3431,#3432);
#3431 = CARTESIAN_POINT('',(33.,0.));
#3432 = VECTOR('',#3433,1.);
#3433 = DIRECTION('',(0.,-1.));
#3434 = ( GEOMETRIC_REPRESENTATION_CONTEXT(2) 
PARAMETRIC_REPRESENTATION_CONTEXT() REPRESENTATION_CONTEXT('2D SPACE',''
  ) );
#3435 = PCURVE('',#2426,#3436);
#3436 = DEFINITIONAL_REPRESENTATION('',(#3437),#3441);
#3437 = LINE('',#3438,#3439);
#3438 = CARTESIAN_POINT('',(0.,0.));
#3439 = VECTOR('',#3440,1.);
#3440 = DIRECTION('',(0.,1.));
#3441 = ( GEOMETRIC_REPRESENTATION_CONTEXT(2) 
PARAMETRIC_REPRESENTATION_CONTEXT() REPRESENTATION_CONTEXT('2D SPACE',''
  ) );
#3442 = ORIENTED_EDGE('',*,*,#3443,.F.);
#3443 = EDGE_CURVE('',#3444,#3421,#3446,.T.);
#3444 = VERTEX_POINT('',#3445);
#3445 = CARTESIAN_POINT('',(-360.,-992.6499809174,2.830435323476E+03));
#3446 = SURFACE_CURVE('',#3447,(#3451,#3458),.PCURVE_S1.);
#3447 = LINE('',#3448,#3449);
#3448 = CARTESIAN_POINT('',(-360.,-992.6499809174,2.830435323476E+03));
#3449 = VECTOR('',#3450,1.);
#3450 = DIRECTION('',(0.,0.124034734589,0.992277876714));
#3451 = PCURVE('',#2399,#3452);
#3452 = DEFINITIONAL_REPRESENTATION('',(#3453),#3457);
#3453 = LINE('',#3454,#3455);
#3454 = CARTESIAN_POINT('',(0.,0.));
#3455 = VECTOR('',#3456,1.);
#3456 = DIRECTION('',(1.,0.));
#3457 = ( GEOMETRIC_REPRESENTATION_CONTEXT(2) 
PARAMETRIC_REPRESENTATION_CONTEXT() REPRESENTATION_CONTEXT('2D SPACE',''
  ) );
#3458 = PCURVE('',#3459,#3464);
#3459 = PLANE('',#3460);
#3460 = AXIS2_PLACEMENT_3D('',#3461,#3462,#3463);
#3461 = CARTESIAN_POINT('',(-360.,-992.6499809174,2.830435323476E+03));
#3462 = DIRECTION('',(0.,0.992277876714,-0.124034734589));
#3463 = DIRECTION('',(0.,0.124034734589,0.992277876714));
#3464 = DEFINITIONAL_REPRESENTATION('',(#3465),#3469);
#3465 = LINE('',#3466,#3467);
#3466 = CARTESIAN_POINT('',(0.,0.));
#3467 = VECTOR('',#3468,1.);
#3468 = DIRECTION('',(1.,0.));
#3469 = ( GEOMETRIC_REPRESENTATION_CONTEXT(2) 
PARAMETRIC_REPRESENTATION_CONTEXT() REPRESENTATION_CONTEXT('2D SPACE',''
  ) );
#3470 = ORIENTED_EDGE('',*,*,#3471,.T.);
#3471 = EDGE_CURVE('',#3444,#3472,#3474,.T.);
#3472 = VERTEX_POINT('',#3473);
#3473 = CARTESIAN_POINT('',(-360.,-972.8044233831,2.827954628784E+03));
#3474 = SURFACE_CURVE('',#3475,(#3479,#3486),.PCURVE_S1.);
#3475 = LINE('',#3476,#3477);
#3476 = CARTESIAN_POINT('',(-360.,-992.6499809174,2.830435323476E+03));
#3477 = VECTOR('',#3478,1.);
#3478 = DIRECTION('',(0.,0.992277876714,-0.124034734589));
#3479 = PCURVE('',#2399,#3480);
#3480 = DEFINITIONAL_REPRESENTATION('',(#3481),#3485);
#3481 = LINE('',#3482,#3483);
#3482 = CARTESIAN_POINT('',(0.,0.));
#3483 = VECTOR('',#3484,1.);
#3484 = DIRECTION('',(0.,-1.));
#3485 = ( GEOMETRIC_REPRESENTATION_CONTEXT(2) 
PARAMETRIC_REPRESENTATION_CONTEXT() REPRESENTATION_CONTEXT('2D SPACE',''
  ) );
#3486 = PCURVE('',#3487,#3492);
#3487 = PLANE('',#3488);
#3488 = AXIS2_PLACEMENT_3D('',#3489,#3490,#3491);
#3489 = CARTESIAN_POINT('',(-360.,-992.6499809174,2.830435323476E+03));
#3490 = DIRECTION('',(0.,0.124034734589,0.992277876714));
#3491 = DIRECTION('',(1.,0.,-0.));
#3492 = DEFINITIONAL_REPRESENTATION('',(#3493),#3497);
#3493 = LINE('',#3494,#3495);
#3494 = CARTESIAN_POINT('',(0.,0.));
#3495 = VECTOR('',#3496,1.);
#3496 = DIRECTION('',(0.,1.));
#3497 = ( GEOMETRIC_REPRESENTATION_CONTEXT(2) 
PARAMETRIC_REPRESENTATION_CONTEXT() REPRESENTATION_CONTEXT('2D SPACE',''
  ) );
#3498 = ORIENTED_EDGE('',*,*,#3499,.T.);
#3499 = EDGE_CURVE('',#3472,#3500,#3502,.T.);
#3500 = VERTEX_POINT('',#3501);
#3501 = CARTESIAN_POINT('',(-360.,-968.7112771417,2.860699798716E+03));
#3502 = SURFACE_CURVE('',#3503,(#3507,#3514),.PCURVE_S1.);
#3503 = LINE('',#3504,#3505);
#3504 = CARTESIAN_POINT('',(-360.,-972.8044233831,2.827954628784E+03));
#3505 = VECTOR('',#3506,1.);
#3506 = DIRECTION('',(0.,0.124034734589,0.992277876714));
#3507 = PCURVE('',#2399,#3508);
#3508 = DEFINITIONAL_REPRESENTATION('',(#3509),#3513);
#3509 = LINE('',#3510,#3511);
#3510 = CARTESIAN_POINT('',(0.,-20.));
#3511 = VECTOR('',#3512,1.);
#3512 = DIRECTION('',(1.,0.));
#3513 = ( GEOMETRIC_REPRESENTATION_CONTEXT(2) 
PARAMETRIC_REPRESENTATION_CONTEXT() REPRESENTATION_CONTEXT('2D SPACE',''
  ) );
#3514 = PCURVE('',#3515,#3520);
#3515 = PLANE('',#3516);
#3516 = AXIS2_PLACEMENT_3D('',#3517,#3518,#3519);
#3517 = CARTESIAN_POINT('',(-360.,-972.8044233831,2.827954628784E+03));
#3518 = DIRECTION('',(0.,0.992277876714,-0.124034734589));
#3519 = DIRECTION('',(0.,0.124034734589,0.992277876714));
#3520 = DEFINITIONAL_REPRESENTATION('',(#3521),#3525);
#3521 = LINE('',#3522,#3523);
#3522 = CARTESIAN_POINT('',(0.,0.));
#3523 = VECTOR('',#3524,1.);
#3524 = DIRECTION('',(1.,0.));
#3525 = ( GEOMETRIC_REPRESENTATION_CONTEXT(2) 
PARAMETRIC_REPRESENTATION_CONTEXT() REPRESENTATION_CONTEXT('2D SPACE',''
  ) );
#3526 = ORIENTED_EDGE('',*,*,#3527,.F.);
#3527 = EDGE_CURVE('',#2383,#3500,#3528,.T.);
#3528 = SURFACE_CURVE('',#3529,(#3533,#3540),.PCURVE_S1.);
#3529 = LINE('',#3530,#3531);
#3530 = CARTESIAN_POINT('',(-360.,-988.5568346759,2.863180493408E+03));
#3531 = VECTOR('',#3532,1.);
#3532 = DIRECTION('',(0.,0.992277876714,-0.124034734589));
#3533 = PCURVE('',#2399,#3534);
#3534 = DEFINITIONAL_REPRESENTATION('',(#3535),#3539);
#3535 = LINE('',#3536,#3537);
#3536 = CARTESIAN_POINT('',(33.,0.));
#3537 = VECTOR('',#3538,1.);
#3538 = DIRECTION('',(0.,-1.));
#3539 = ( GEOMETRIC_REPRESENTATION_CONTEXT(2) 
PARAMETRIC_REPRESENTATION_CONTEXT() REPRESENTATION_CONTEXT('2D SPACE',''
  ) );
#3540 = PCURVE('',#2479,#3541);
#3541 = DEFINITIONAL_REPRESENTATION('',(#3542),#3546);
#3542 = LINE('',#3543,#3544);
#3543 = CARTESIAN_POINT('',(0.,0.));
#3544 = VECTOR('',#3545,1.);
#3545 = DIRECTION('',(0.,1.));
#3546 = ( GEOMETRIC_REPRESENTATION_CONTEXT(2) 
PARAMETRIC_REPRESENTATION_CONTEXT() REPRESENTATION_CONTEXT('2D SPACE',''
  ) );
#3547 = ORIENTED_EDGE('',*,*,#2380,.F.);
#3548 = ADVANCED_FACE('',(#3549),#2479,.T.);
#3549 = FACE_BOUND('',#3550,.T.);
#3550 = EDGE_LOOP('',(#3551,#3552,#3553,#3576));
#3551 = ORIENTED_EDGE('',*,*,#3527,.F.);
#3552 = ORIENTED_EDGE('',*,*,#2466,.T.);
#3553 = ORIENTED_EDGE('',*,*,#3554,.T.);
#3554 = EDGE_CURVE('',#2438,#3555,#3557,.T.);
#3555 = VERTEX_POINT('',#3556);
#3556 = CARTESIAN_POINT('',(-340.,-968.7112771417,2.860699798716E+03));
#3557 = SURFACE_CURVE('',#3558,(#3562,#3569),.PCURVE_S1.);
#3558 = LINE('',#3559,#3560);
#3559 = CARTESIAN_POINT('',(-340.,-988.5568346759,2.863180493408E+03));
#3560 = VECTOR('',#3561,1.);
#3561 = DIRECTION('',(0.,0.992277876714,-0.124034734589));
#3562 = PCURVE('',#2479,#3563);
#3563 = DEFINITIONAL_REPRESENTATION('',(#3564),#3568);
#3564 = LINE('',#3565,#3566);
#3565 = CARTESIAN_POINT('',(20.,0.));
#3566 = VECTOR('',#3567,1.);
#3567 = DIRECTION('',(0.,1.));
#3568 = ( GEOMETRIC_REPRESENTATION_CONTEXT(2) 
PARAMETRIC_REPRESENTATION_CONTEXT() REPRESENTATION_CONTEXT('2D SPACE',''
  ) );
#3569 = PCURVE('',#2454,#3570);
#3570 = DEFINITIONAL_REPRESENTATION('',(#3571),#3575);
#3571 = LINE('',#3572,#3573);
#3572 = CARTESIAN_POINT('',(33.,0.));
#3573 = VECTOR('',#3574,1.);
#3574 = DIRECTION('',(0.,-1.));
#3575 = ( GEOMETRIC_REPRESENTATION_CONTEXT(2) 
PARAMETRIC_REPRESENTATION_CONTEXT() REPRESENTATION_CONTEXT('2D SPACE',''
  ) );
#3576 = ORIENTED_EDGE('',*,*,#3577,.F.);
#3577 = EDGE_CURVE('',#3500,#3555,#3578,.T.);
#3578 = SURFACE_CURVE('',#3579,(#3583,#3590),.PCURVE_S1.);
#3579 = LINE('',#3580,#3581);
#3580 = CARTESIAN_POINT('',(-360.,-968.7112771417,2.860699798716E+03));
#3581 = VECTOR('',#3582,1.);
#3582 = DIRECTION('',(1.,0.,-0.));
#3583 = PCURVE('',#2479,#3584);
#3584 = DEFINITIONAL_REPRESENTATION('',(#3585),#3589);
#3585 = LINE('',#3586,#3587);
#3586 = CARTESIAN_POINT('',(0.,20.));
#3587 = VECTOR('',#3588,1.);
#3588 = DIRECTION('',(1.,0.));
#3589 = ( GEOMETRIC_REPRESENTATION_CONTEXT(2) 
PARAMETRIC_REPRESENTATION_CONTEXT() REPRESENTATION_CONTEXT('2D SPACE',''
  ) );
#3590 = PCURVE('',#3515,#3591);
#3591 = DEFINITIONAL_REPRESENTATION('',(#3592),#3596);
#3592 = LINE('',#3593,#3594);
#3593 = CARTESIAN_POINT('',(33.,0.));
#3594 = VECTOR('',#3595,1.);
#3595 = DIRECTION('',(0.,1.));
#3596 = ( GEOMETRIC_REPRESENTATION_CONTEXT(2) 
PARAMETRIC_REPRESENTATION_CONTEXT() REPRESENTATION_CONTEXT('2D SPACE',''
  ) );
#3597 = ADVANCED_FACE('',(#3598),#2454,.T.);
#3598 = FACE_BOUND('',#3599,.T.);
#3599 = EDGE_LOOP('',(#3600,#3623,#3646,#3669,#3690,#3691));
#3600 = ORIENTED_EDGE('',*,*,#3601,.F.);
#3601 = EDGE_CURVE('',#3602,#2412,#3604,.T.);
#3602 = VERTEX_POINT('',#3603);
#3603 = CARTESIAN_POINT('',(-340.,-988.5568346759,2.863180493408E+03));
#3604 = SURFACE_CURVE('',#3605,(#3609,#3616),.PCURVE_S1.);
#3605 = LINE('',#3606,#3607);
#3606 = CARTESIAN_POINT('',(-340.,-988.5568346759,2.863180493408E+03));
#3607 = VECTOR('',#3608,1.);
#3608 = DIRECTION('',(0.,0.992277876714,-0.124034734589));
#3609 = PCURVE('',#2454,#3610);
#3610 = DEFINITIONAL_REPRESENTATION('',(#3611),#3615);
#3611 = LINE('',#3612,#3613);
#3612 = CARTESIAN_POINT('',(33.,0.));
#3613 = VECTOR('',#3614,1.);
#3614 = DIRECTION('',(0.,-1.));
#3615 = ( GEOMETRIC_REPRESENTATION_CONTEXT(2) 
PARAMETRIC_REPRESENTATION_CONTEXT() REPRESENTATION_CONTEXT('2D SPACE',''
  ) );
#3616 = PCURVE('',#2426,#3617);
#3617 = DEFINITIONAL_REPRESENTATION('',(#3618),#3622);
#3618 = LINE('',#3619,#3620);
#3619 = CARTESIAN_POINT('',(20.,0.));
#3620 = VECTOR('',#3621,1.);
#3621 = DIRECTION('',(0.,1.));
#3622 = ( GEOMETRIC_REPRESENTATION_CONTEXT(2) 
PARAMETRIC_REPRESENTATION_CONTEXT() REPRESENTATION_CONTEXT('2D SPACE',''
  ) );
#3623 = ORIENTED_EDGE('',*,*,#3624,.F.);
#3624 = EDGE_CURVE('',#3625,#3602,#3627,.T.);
#3625 = VERTEX_POINT('',#3626);
#3626 = CARTESIAN_POINT('',(-340.,-992.6499809174,2.830435323476E+03));
#3627 = SURFACE_CURVE('',#3628,(#3632,#3639),.PCURVE_S1.);
#3628 = LINE('',#3629,#3630);
#3629 = CARTESIAN_POINT('',(-340.,-992.6499809174,2.830435323476E+03));
#3630 = VECTOR('',#3631,1.);
#3631 = DIRECTION('',(0.,0.124034734589,0.992277876714));
#3632 = PCURVE('',#2454,#3633);
#3633 = DEFINITIONAL_REPRESENTATION('',(#3634),#3638);
#3634 = LINE('',#3635,#3636);
#3635 = CARTESIAN_POINT('',(0.,0.));
#3636 = VECTOR('',#3637,1.);
#3637 = DIRECTION('',(1.,0.));
#3638 = ( GEOMETRIC_REPRESENTATION_CONTEXT(2) 
PARAMETRIC_REPRESENTATION_CONTEXT() REPRESENTATION_CONTEXT('2D SPACE',''
  ) );
#3639 = PCURVE('',#3459,#3640);
#3640 = DEFINITIONAL_REPRESENTATION('',(#3641),#3645);
#3641 = LINE('',#3642,#3643);
#3642 = CARTESIAN_POINT('',(0.,20.));
#3643 = VECTOR('',#3644,1.);
#3644 = DIRECTION('',(1.,0.));
#3645 = ( GEOMETRIC_REPRESENTATION_CONTEXT(2) 
PARAMETRIC_REPRESENTATION_CONTEXT() REPRESENTATION_CONTEXT('2D SPACE',''
  ) );
#3646 = ORIENTED_EDGE('',*,*,#3647,.T.);
#3647 = EDGE_CURVE('',#3625,#3648,#3650,.T.);
#3648 = VERTEX_POINT('',#3649);
#3649 = CARTESIAN_POINT('',(-340.,-972.8044233831,2.827954628784E+03));
#3650 = SURFACE_CURVE('',#3651,(#3655,#3662),.PCURVE_S1.);
#3651 = LINE('',#3652,#3653);
#3652 = CARTESIAN_POINT('',(-340.,-992.6499809174,2.830435323476E+03));
#3653 = VECTOR('',#3654,1.);
#3654 = DIRECTION('',(0.,0.992277876714,-0.124034734589));
#3655 = PCURVE('',#2454,#3656);
#3656 = DEFINITIONAL_REPRESENTATION('',(#3657),#3661);
#3657 = LINE('',#3658,#3659);
#3658 = CARTESIAN_POINT('',(0.,0.));
#3659 = VECTOR('',#3660,1.);
#3660 = DIRECTION('',(0.,-1.));
#3661 = ( GEOMETRIC_REPRESENTATION_CONTEXT(2) 
PARAMETRIC_REPRESENTATION_CONTEXT() REPRESENTATION_CONTEXT('2D SPACE',''
  ) );
#3662 = PCURVE('',#3487,#3663);
#3663 = DEFINITIONAL_REPRESENTATION('',(#3664),#3668);
#3664 = LINE('',#3665,#3666);
#3665 = CARTESIAN_POINT('',(20.,0.));
#3666 = VECTOR('',#3667,1.);
#3667 = DIRECTION('',(0.,1.));
#3668 = ( GEOMETRIC_REPRESENTATION_CONTEXT(2) 
PARAMETRIC_REPRESENTATION_CONTEXT() REPRESENTATION_CONTEXT('2D SPACE',''
  ) );
#3669 = ORIENTED_EDGE('',*,*,#3670,.T.);
#3670 = EDGE_CURVE('',#3648,#3555,#3671,.T.);
#3671 = SURFACE_CURVE('',#3672,(#3676,#3683),.PCURVE_S1.);
#3672 = LINE('',#3673,#3674);
#3673 = CARTESIAN_POINT('',(-340.,-972.8044233831,2.827954628784E+03));
#3674 = VECTOR('',#3675,1.);
#3675 = DIRECTION('',(0.,0.124034734589,0.992277876714));
#3676 = PCURVE('',#2454,#3677);
#3677 = DEFINITIONAL_REPRESENTATION('',(#3678),#3682);
#3678 = LINE('',#3679,#3680);
#3679 = CARTESIAN_POINT('',(0.,-20.));
#3680 = VECTOR('',#3681,1.);
#3681 = DIRECTION('',(1.,0.));
#3682 = ( GEOMETRIC_REPRESENTATION_CONTEXT(2) 
PARAMETRIC_REPRESENTATION_CONTEXT() REPRESENTATION_CONTEXT('2D SPACE',''
  ) );
#3683 = PCURVE('',#3515,#3684);
#3684 = DEFINITIONAL_REPRESENTATION('',(#3685),#3689);
#3685 = LINE('',#3686,#3687);
#3686 = CARTESIAN_POINT('',(0.,20.));
#3687 = VECTOR('',#3688,1.);
#3688 = DIRECTION('',(1.,0.));
#3689 = ( GEOMETRIC_REPRESENTATION_CONTEXT(2) 
PARAMETRIC_REPRESENTATION_CONTEXT() REPRESENTATION_CONTEXT('2D SPACE',''
  ) );
#3690 = ORIENTED_EDGE('',*,*,#3554,.F.);
#3691 = ORIENTED_EDGE('',*,*,#2437,.F.);
#3692 = ADVANCED_FACE('',(#3693),#2426,.T.);
#3693 = FACE_BOUND('',#3694,.T.);
#3694 = EDGE_LOOP('',(#3695,#3696,#3717,#3718));
#3695 = ORIENTED_EDGE('',*,*,#3420,.F.);
#3696 = ORIENTED_EDGE('',*,*,#3697,.T.);
#3697 = EDGE_CURVE('',#3421,#3602,#3698,.T.);
#3698 = SURFACE_CURVE('',#3699,(#3703,#3710),.PCURVE_S1.);
#3699 = LINE('',#3700,#3701);
#3700 = CARTESIAN_POINT('',(-360.,-988.5568346759,2.863180493408E+03));
#3701 = VECTOR('',#3702,1.);
#3702 = DIRECTION('',(1.,0.,-0.));
#3703 = PCURVE('',#2426,#3704);
#3704 = DEFINITIONAL_REPRESENTATION('',(#3705),#3709);
#3705 = LINE('',#3706,#3707);
#3706 = CARTESIAN_POINT('',(0.,0.));
#3707 = VECTOR('',#3708,1.);
#3708 = DIRECTION('',(1.,0.));
#3709 = ( GEOMETRIC_REPRESENTATION_CONTEXT(2) 
PARAMETRIC_REPRESENTATION_CONTEXT() REPRESENTATION_CONTEXT('2D SPACE',''
  ) );
#3710 = PCURVE('',#3459,#3711);
#3711 = DEFINITIONAL_REPRESENTATION('',(#3712),#3716);
#3712 = LINE('',#3713,#3714);
#3713 = CARTESIAN_POINT('',(33.,0.));
#3714 = VECTOR('',#3715,1.);
#3715 = DIRECTION('',(0.,1.));
#3716 = ( GEOMETRIC_REPRESENTATION_CONTEXT(2) 
PARAMETRIC_REPRESENTATION_CONTEXT() REPRESENTATION_CONTEXT('2D SPACE',''
  ) );
#3717 = ORIENTED_EDGE('',*,*,#3601,.T.);
#3718 = ORIENTED_EDGE('',*,*,#2411,.F.);
#3719 = ADVANCED_FACE('',(#3720),#2511,.F.);
#3720 = FACE_BOUND('',#3721,.F.);
#3721 = EDGE_LOOP('',(#3722,#3745,#3773,#3801,#3829,#3850));
#3722 = ORIENTED_EDGE('',*,*,#3723,.F.);
#3723 = EDGE_CURVE('',#3724,#2493,#3726,.T.);
#3724 = VERTEX_POINT('',#3725);
#3725 = CARTESIAN_POINT('',(340.,-988.5568346759,2.863180493408E+03));
#3726 = SURFACE_CURVE('',#3727,(#3731,#3738),.PCURVE_S1.);
#3727 = LINE('',#3728,#3729);
#3728 = CARTESIAN_POINT('',(340.,-988.5568346759,2.863180493408E+03));
#3729 = VECTOR('',#3730,1.);
#3730 = DIRECTION('',(0.,0.992277876714,-0.124034734589));
#3731 = PCURVE('',#2511,#3732);
#3732 = DEFINITIONAL_REPRESENTATION('',(#3733),#3737);
#3733 = LINE('',#3734,#3735);
#3734 = CARTESIAN_POINT('',(33.,0.));
#3735 = VECTOR('',#3736,1.);
#3736 = DIRECTION('',(0.,-1.));
#3737 = ( GEOMETRIC_REPRESENTATION_CONTEXT(2) 
PARAMETRIC_REPRESENTATION_CONTEXT() REPRESENTATION_CONTEXT('2D SPACE',''
  ) );
#3738 = PCURVE('',#2538,#3739);
#3739 = DEFINITIONAL_REPRESENTATION('',(#3740),#3744);
#3740 = LINE('',#3741,#3742);
#3741 = CARTESIAN_POINT('',(0.,0.));
#3742 = VECTOR('',#3743,1.);
#3743 = DIRECTION('',(0.,1.));
#3744 = ( GEOMETRIC_REPRESENTATION_CONTEXT(2) 
PARAMETRIC_REPRESENTATION_CONTEXT() REPRESENTATION_CONTEXT('2D SPACE',''
  ) );
#3745 = ORIENTED_EDGE('',*,*,#3746,.F.);
#3746 = EDGE_CURVE('',#3747,#3724,#3749,.T.);
#3747 = VERTEX_POINT('',#3748);
#3748 = CARTESIAN_POINT('',(340.,-992.6499809174,2.830435323476E+03));
#3749 = SURFACE_CURVE('',#3750,(#3754,#3761),.PCURVE_S1.);
#3750 = LINE('',#3751,#3752);
#3751 = CARTESIAN_POINT('',(340.,-992.6499809174,2.830435323476E+03));
#3752 = VECTOR('',#3753,1.);
#3753 = DIRECTION('',(0.,0.124034734589,0.992277876714));
#3754 = PCURVE('',#2511,#3755);
#3755 = DEFINITIONAL_REPRESENTATION('',(#3756),#3760);
#3756 = LINE('',#3757,#3758);
#3757 = CARTESIAN_POINT('',(0.,0.));
#3758 = VECTOR('',#3759,1.);
#3759 = DIRECTION('',(1.,0.));
#3760 = ( GEOMETRIC_REPRESENTATION_CONTEXT(2) 
PARAMETRIC_REPRESENTATION_CONTEXT() REPRESENTATION_CONTEXT('2D SPACE',''
  ) );
#3761 = PCURVE('',#3762,#3767);
#3762 = PLANE('',#3763);
#3763 = AXIS2_PLACEMENT_3D('',#3764,#3765,#3766);
#3764 = CARTESIAN_POINT('',(340.,-992.6499809174,2.830435323476E+03));
#3765 = DIRECTION('',(0.,0.992277876714,-0.124034734589));
#3766 = DIRECTION('',(0.,0.124034734589,0.992277876714));
#3767 = DEFINITIONAL_REPRESENTATION('',(#3768),#3772);
#3768 = LINE('',#3769,#3770);
#3769 = CARTESIAN_POINT('',(0.,0.));
#3770 = VECTOR('',#3771,1.);
#3771 = DIRECTION('',(1.,0.));
#3772 = ( GEOMETRIC_REPRESENTATION_CONTEXT(2) 
PARAMETRIC_REPRESENTATION_CONTEXT() REPRESENTATION_CONTEXT('2D SPACE',''
  ) );
#3773 = ORIENTED_EDGE('',*,*,#3774,.T.);
#3774 = EDGE_CURVE('',#3747,#3775,#3777,.T.);
#3775 = VERTEX_POINT('',#3776);
#3776 = CARTESIAN_POINT('',(340.,-972.8044233831,2.827954628784E+03));
#3777 = SURFACE_CURVE('',#3778,(#3782,#3789),.PCURVE_S1.);
#3778 = LINE('',#3779,#3780);
#3779 = CARTESIAN_POINT('',(340.,-992.6499809174,2.830435323476E+03));
#3780 = VECTOR('',#3781,1.);
#3781 = DIRECTION('',(0.,0.992277876714,-0.124034734589));
#3782 = PCURVE('',#2511,#3783);
#3783 = DEFINITIONAL_REPRESENTATION('',(#3784),#3788);
#3784 = LINE('',#3785,#3786);
#3785 = CARTESIAN_POINT('',(0.,0.));
#3786 = VECTOR('',#3787,1.);
#3787 = DIRECTION('',(0.,-1.));
#3788 = ( GEOMETRIC_REPRESENTATION_CONTEXT(2) 
PARAMETRIC_REPRESENTATION_CONTEXT() REPRESENTATION_CONTEXT('2D SPACE',''
  ) );
#3789 = PCURVE('',#3790,#3795);
#3790 = PLANE('',#3791);
#3791 = AXIS2_PLACEMENT_3D('',#3792,#3793,#3794);
#3792 = CARTESIAN_POINT('',(340.,-992.6499809174,2.830435323476E+03));
#3793 = DIRECTION('',(0.,0.124034734589,0.992277876714));
#3794 = DIRECTION('',(1.,0.,-0.));
#3795 = DEFINITIONAL_REPRESENTATION('',(#3796),#3800);
#3796 = LINE('',#3797,#3798);
#3797 = CARTESIAN_POINT('',(0.,0.));
#3798 = VECTOR('',#3799,1.);
#3799 = DIRECTION('',(0.,1.));
#3800 = ( GEOMETRIC_REPRESENTATION_CONTEXT(2) 
PARAMETRIC_REPRESENTATION_CONTEXT() REPRESENTATION_CONTEXT('2D SPACE',''
  ) );
#3801 = ORIENTED_EDGE('',*,*,#3802,.T.);
#3802 = EDGE_CURVE('',#3775,#3803,#3805,.T.);
#3803 = VERTEX_POINT('',#3804);
#3804 = CARTESIAN_POINT('',(340.,-968.7112771417,2.860699798716E+03));
#3805 = SURFACE_CURVE('',#3806,(#3810,#3817),.PCURVE_S1.);
#3806 = LINE('',#3807,#3808);
#3807 = CARTESIAN_POINT('',(340.,-972.8044233831,2.827954628784E+03));
#3808 = VECTOR('',#3809,1.);
#3809 = DIRECTION('',(0.,0.124034734589,0.992277876714));
#3810 = PCURVE('',#2511,#3811);
#3811 = DEFINITIONAL_REPRESENTATION('',(#3812),#3816);
#3812 = LINE('',#3813,#3814);
#3813 = CARTESIAN_POINT('',(0.,-20.));
#3814 = VECTOR('',#3815,1.);
#3815 = DIRECTION('',(1.,0.));
#3816 = ( GEOMETRIC_REPRESENTATION_CONTEXT(2) 
PARAMETRIC_REPRESENTATION_CONTEXT() REPRESENTATION_CONTEXT('2D SPACE',''
  ) );
#3817 = PCURVE('',#3818,#3823);
#3818 = PLANE('',#3819);
#3819 = AXIS2_PLACEMENT_3D('',#3820,#3821,#3822);
#3820 = CARTESIAN_POINT('',(340.,-972.8044233831,2.827954628784E+03));
#3821 = DIRECTION('',(0.,0.992277876714,-0.124034734589));
#3822 = DIRECTION('',(0.,0.124034734589,0.992277876714));
#3823 = DEFINITIONAL_REPRESENTATION('',(#3824),#3828);
#3824 = LINE('',#3825,#3826);
#3825 = CARTESIAN_POINT('',(0.,0.));
#3826 = VECTOR('',#3827,1.);
#3827 = DIRECTION('',(1.,0.));
#3828 = ( GEOMETRIC_REPRESENTATION_CONTEXT(2) 
PARAMETRIC_REPRESENTATION_CONTEXT() REPRESENTATION_CONTEXT('2D SPACE',''
  ) );
#3829 = ORIENTED_EDGE('',*,*,#3830,.F.);
#3830 = EDGE_CURVE('',#2495,#3803,#3831,.T.);
#3831 = SURFACE_CURVE('',#3832,(#3836,#3843),.PCURVE_S1.);
#3832 = LINE('',#3833,#3834);
#3833 = CARTESIAN_POINT('',(340.,-988.5568346759,2.863180493408E+03));
#3834 = VECTOR('',#3835,1.);
#3835 = DIRECTION('',(0.,0.992277876714,-0.124034734589));
#3836 = PCURVE('',#2511,#3837);
#3837 = DEFINITIONAL_REPRESENTATION('',(#3838),#3842);
#3838 = LINE('',#3839,#3840);
#3839 = CARTESIAN_POINT('',(33.,0.));
#3840 = VECTOR('',#3841,1.);
#3841 = DIRECTION('',(0.,-1.));
#3842 = ( GEOMETRIC_REPRESENTATION_CONTEXT(2) 
PARAMETRIC_REPRESENTATION_CONTEXT() REPRESENTATION_CONTEXT('2D SPACE',''
  ) );
#3843 = PCURVE('',#2591,#3844);
#3844 = DEFINITIONAL_REPRESENTATION('',(#3845),#3849);
#3845 = LINE('',#3846,#3847);
#3846 = CARTESIAN_POINT('',(0.,0.));
#3847 = VECTOR('',#3848,1.);
#3848 = DIRECTION('',(0.,1.));
#3849 = ( GEOMETRIC_REPRESENTATION_CONTEXT(2) 
PARAMETRIC_REPRESENTATION_CONTEXT() REPRESENTATION_CONTEXT('2D SPACE',''
  ) );
#3850 = ORIENTED_EDGE('',*,*,#2492,.F.);
#3851 = ADVANCED_FACE('',(#3852),#2591,.T.);
#3852 = FACE_BOUND('',#3853,.T.);
#3853 = EDGE_LOOP('',(#3854,#3855,#3856,#3879));
#3854 = ORIENTED_EDGE('',*,*,#3830,.F.);
#3855 = ORIENTED_EDGE('',*,*,#2578,.T.);
#3856 = ORIENTED_EDGE('',*,*,#3857,.T.);
#3857 = EDGE_CURVE('',#2550,#3858,#3860,.T.);
#3858 = VERTEX_POINT('',#3859);
#3859 = CARTESIAN_POINT('',(360.,-968.7112771417,2.860699798716E+03));
#3860 = SURFACE_CURVE('',#3861,(#3865,#3872),.PCURVE_S1.);
#3861 = LINE('',#3862,#3863);
#3862 = CARTESIAN_POINT('',(360.,-988.5568346759,2.863180493408E+03));
#3863 = VECTOR('',#3864,1.);
#3864 = DIRECTION('',(0.,0.992277876714,-0.124034734589));
#3865 = PCURVE('',#2591,#3866);
#3866 = DEFINITIONAL_REPRESENTATION('',(#3867),#3871);
#3867 = LINE('',#3868,#3869);
#3868 = CARTESIAN_POINT('',(20.,0.));
#3869 = VECTOR('',#3870,1.);
#3870 = DIRECTION('',(0.,1.));
#3871 = ( GEOMETRIC_REPRESENTATION_CONTEXT(2) 
PARAMETRIC_REPRESENTATION_CONTEXT() REPRESENTATION_CONTEXT('2D SPACE',''
  ) );
#3872 = PCURVE('',#2566,#3873);
#3873 = DEFINITIONAL_REPRESENTATION('',(#3874),#3878);
#3874 = LINE('',#3875,#3876);
#3875 = CARTESIAN_POINT('',(33.,0.));
#3876 = VECTOR('',#3877,1.);
#3877 = DIRECTION('',(0.,-1.));
#3878 = ( GEOMETRIC_REPRESENTATION_CONTEXT(2) 
PARAMETRIC_REPRESENTATION_CONTEXT() REPRESENTATION_CONTEXT('2D SPACE',''
  ) );
#3879 = ORIENTED_EDGE('',*,*,#3880,.F.);
#3880 = EDGE_CURVE('',#3803,#3858,#3881,.T.);
#3881 = SURFACE_CURVE('',#3882,(#3886,#3893),.PCURVE_S1.);
#3882 = LINE('',#3883,#3884);
#3883 = CARTESIAN_POINT('',(340.,-968.7112771417,2.860699798716E+03));
#3884 = VECTOR('',#3885,1.);
#3885 = DIRECTION('',(1.,0.,-0.));
#3886 = PCURVE('',#2591,#3887);
#3887 = DEFINITIONAL_REPRESENTATION('',(#3888),#3892);
#3888 = LINE('',#3889,#3890);
#3889 = CARTESIAN_POINT('',(0.,20.));
#3890 = VECTOR('',#3891,1.);
#3891 = DIRECTION('',(1.,0.));
#3892 = ( GEOMETRIC_REPRESENTATION_CONTEXT(2) 
PARAMETRIC_REPRESENTATION_CONTEXT() REPRESENTATION_CONTEXT('2D SPACE',''
  ) );
#3893 = PCURVE('',#3818,#3894);
#3894 = DEFINITIONAL_REPRESENTATION('',(#3895),#3899);
#3895 = LINE('',#3896,#3897);
#3896 = CARTESIAN_POINT('',(33.,0.));
#3897 = VECTOR('',#3898,1.);
#3898 = DIRECTION('',(0.,1.));
#3899 = ( GEOMETRIC_REPRESENTATION_CONTEXT(2) 
PARAMETRIC_REPRESENTATION_CONTEXT() REPRESENTATION_CONTEXT('2D SPACE',''
  ) );
#3900 = ADVANCED_FACE('',(#3901),#2566,.T.);
#3901 = FACE_BOUND('',#3902,.T.);
#3902 = EDGE_LOOP('',(#3903,#3926,#3949,#3972,#3993,#3994));
#3903 = ORIENTED_EDGE('',*,*,#3904,.F.);
#3904 = EDGE_CURVE('',#3905,#2524,#3907,.T.);
#3905 = VERTEX_POINT('',#3906);
#3906 = CARTESIAN_POINT('',(360.,-988.5568346759,2.863180493408E+03));
#3907 = SURFACE_CURVE('',#3908,(#3912,#3919),.PCURVE_S1.);
#3908 = LINE('',#3909,#3910);
#3909 = CARTESIAN_POINT('',(360.,-988.5568346759,2.863180493408E+03));
#3910 = VECTOR('',#3911,1.);
#3911 = DIRECTION('',(0.,0.992277876714,-0.124034734589));
#3912 = PCURVE('',#2566,#3913);
#3913 = DEFINITIONAL_REPRESENTATION('',(#3914),#3918);
#3914 = LINE('',#3915,#3916);
#3915 = CARTESIAN_POINT('',(33.,0.));
#3916 = VECTOR('',#3917,1.);
#3917 = DIRECTION('',(0.,-1.));
#3918 = ( GEOMETRIC_REPRESENTATION_CONTEXT(2) 
PARAMETRIC_REPRESENTATION_CONTEXT() REPRESENTATION_CONTEXT('2D SPACE',''
  ) );
#3919 = PCURVE('',#2538,#3920);
#3920 = DEFINITIONAL_REPRESENTATION('',(#3921),#3925);
#3921 = LINE('',#3922,#3923);
#3922 = CARTESIAN_POINT('',(20.,0.));
#3923 = VECTOR('',#3924,1.);
#3924 = DIRECTION('',(0.,1.));
#3925 = ( GEOMETRIC_REPRESENTATION_CONTEXT(2) 
PARAMETRIC_REPRESENTATION_CONTEXT() REPRESENTATION_CONTEXT('2D SPACE',''
  ) );
#3926 = ORIENTED_EDGE('',*,*,#3927,.F.);
#3927 = EDGE_CURVE('',#3928,#3905,#3930,.T.);
#3928 = VERTEX_POINT('',#3929);
#3929 = CARTESIAN_POINT('',(360.,-992.6499809174,2.830435323476E+03));
#3930 = SURFACE_CURVE('',#3931,(#3935,#3942),.PCURVE_S1.);
#3931 = LINE('',#3932,#3933);
#3932 = CARTESIAN_POINT('',(360.,-992.6499809174,2.830435323476E+03));
#3933 = VECTOR('',#3934,1.);
#3934 = DIRECTION('',(0.,0.124034734589,0.992277876714));
#3935 = PCURVE('',#2566,#3936);
#3936 = DEFINITIONAL_REPRESENTATION('',(#3937),#3941);
#3937 = LINE('',#3938,#3939);
#3938 = CARTESIAN_POINT('',(0.,0.));
#3939 = VECTOR('',#3940,1.);
#3940 = DIRECTION('',(1.,0.));
#3941 = ( GEOMETRIC_REPRESENTATION_CONTEXT(2) 
PARAMETRIC_REPRESENTATION_CONTEXT() REPRESENTATION_CONTEXT('2D SPACE',''
  ) );
#3942 = PCURVE('',#3762,#3943);
#3943 = DEFINITIONAL_REPRESENTATION('',(#3944),#3948);
#3944 = LINE('',#3945,#3946);
#3945 = CARTESIAN_POINT('',(0.,20.));
#3946 = VECTOR('',#3947,1.);
#3947 = DIRECTION('',(1.,0.));
#3948 = ( GEOMETRIC_REPRESENTATION_CONTEXT(2) 
PARAMETRIC_REPRESENTATION_CONTEXT() REPRESENTATION_CONTEXT('2D SPACE',''
  ) );
#3949 = ORIENTED_EDGE('',*,*,#3950,.T.);
#3950 = EDGE_CURVE('',#3928,#3951,#3953,.T.);
#3951 = VERTEX_POINT('',#3952);
#3952 = CARTESIAN_POINT('',(360.,-972.8044233831,2.827954628784E+03));
#3953 = SURFACE_CURVE('',#3954,(#3958,#3965),.PCURVE_S1.);
#3954 = LINE('',#3955,#3956);
#3955 = CARTESIAN_POINT('',(360.,-992.6499809174,2.830435323476E+03));
#3956 = VECTOR('',#3957,1.);
#3957 = DIRECTION('',(0.,0.992277876714,-0.124034734589));
#3958 = PCURVE('',#2566,#3959);
#3959 = DEFINITIONAL_REPRESENTATION('',(#3960),#3964);
#3960 = LINE('',#3961,#3962);
#3961 = CARTESIAN_POINT('',(0.,0.));
#3962 = VECTOR('',#3963,1.);
#3963 = DIRECTION('',(0.,-1.));
#3964 = ( GEOMETRIC_REPRESENTATION_CONTEXT(2) 
PARAMETRIC_REPRESENTATION_CONTEXT() REPRESENTATION_CONTEXT('2D SPACE',''
  ) );
#3965 = PCURVE('',#3790,#3966);
#3966 = DEFINITIONAL_REPRESENTATION('',(#3967),#3971);
#3967 = LINE('',#3968,#3969);
#3968 = CARTESIAN_POINT('',(20.,0.));
#3969 = VECTOR('',#3970,1.);
#3970 = DIRECTION('',(0.,1.));
#3971 = ( GEOMETRIC_REPRESENTATION_CONTEXT(2) 
PARAMETRIC_REPRESENTATION_CONTEXT() REPRESENTATION_CONTEXT('2D SPACE',''
  ) );
#3972 = ORIENTED_EDGE('',*,*,#3973,.T.);
#3973 = EDGE_CURVE('',#3951,#3858,#3974,.T.);
#3974 = SURFACE_CURVE('',#3975,(#3979,#3986),.PCURVE_S1.);
#3975 = LINE('',#3976,#3977);
#3976 = CARTESIAN_POINT('',(360.,-972.8044233831,2.827954628784E+03));
#3977 = VECTOR('',#3978,1.);
#3978 = DIRECTION('',(0.,0.124034734589,0.992277876714));
#3979 = PCURVE('',#2566,#3980);
#3980 = DEFINITIONAL_REPRESENTATION('',(#3981),#3985);
#3981 = LINE('',#3982,#3983);
#3982 = CARTESIAN_POINT('',(0.,-20.));
#3983 = VECTOR('',#3984,1.);
#3984 = DIRECTION('',(1.,0.));
#3985 = ( GEOMETRIC_REPRESENTATION_CONTEXT(2) 
PARAMETRIC_REPRESENTATION_CONTEXT() REPRESENTATION_CONTEXT('2D SPACE',''
  ) );
#3986 = PCURVE('',#3818,#3987);
#3987 = DEFINITIONAL_REPRESENTATION('',(#3988),#3992);
#3988 = LINE('',#3989,#3990);
#3989 = CARTESIAN_POINT('',(0.,20.));
#3990 = VECTOR('',#3991,1.);
#3991 = DIRECTION('',(1.,0.));
#3992 = ( GEOMETRIC_REPRESENTATION_CONTEXT(2) 
PARAMETRIC_REPRESENTATION_CONTEXT() REPRESENTATION_CONTEXT('2D SPACE',''
  ) );
#3993 = ORIENTED_EDGE('',*,*,#3857,.F.);
#3994 = ORIENTED_EDGE('',*,*,#2549,.F.);
#3995 = ADVANCED_FACE('',(#3996),#2538,.T.);
#3996 = FACE_BOUND('',#3997,.T.);
#3997 = EDGE_LOOP('',(#3998,#3999,#4020,#4021));
#3998 = ORIENTED_EDGE('',*,*,#3723,.F.);
#3999 = ORIENTED_EDGE('',*,*,#4000,.T.);
#4000 = EDGE_CURVE('',#3724,#3905,#4001,.T.);
#4001 = SURFACE_CURVE('',#4002,(#4006,#4013),.PCURVE_S1.);
#4002 = LINE('',#4003,#4004);
#4003 = CARTESIAN_POINT('',(340.,-988.5568346759,2.863180493408E+03));
#4004 = VECTOR('',#4005,1.);
#4005 = DIRECTION('',(1.,0.,-0.));
#4006 = PCURVE('',#2538,#4007);
#4007 = DEFINITIONAL_REPRESENTATION('',(#4008),#4012);
#4008 = LINE('',#4009,#4010);
#4009 = CARTESIAN_POINT('',(0.,0.));
#4010 = VECTOR('',#4011,1.);
#4011 = DIRECTION('',(1.,0.));
#4012 = ( GEOMETRIC_REPRESENTATION_CONTEXT(2) 
PARAMETRIC_REPRESENTATION_CONTEXT() REPRESENTATION_CONTEXT('2D SPACE',''
  ) );
#4013 = PCURVE('',#3762,#4014);
#4014 = DEFINITIONAL_REPRESENTATION('',(#4015),#4019);
#4015 = LINE('',#4016,#4017);
#4016 = CARTESIAN_POINT('',(33.,0.));
#4017 = VECTOR('',#4018,1.);
#4018 = DIRECTION('',(0.,1.));
#4019 = ( GEOMETRIC_REPRESENTATION_CONTEXT(2) 
PARAMETRIC_REPRESENTATION_CONTEXT() REPRESENTATION_CONTEXT('2D SPACE',''
  ) );
#4020 = ORIENTED_EDGE('',*,*,#3904,.T.);
#4021 = ORIENTED_EDGE('',*,*,#2523,.F.);
#4022 = ADVANCED_FACE('',(#4023),#2623,.F.);
#4023 = FACE_BOUND('',#4024,.F.);
#4024 = EDGE_LOOP('',(#4025,#4048,#4076,#4104,#4132,#4153));
#4025 = ORIENTED_EDGE('',*,*,#4026,.F.);
#4026 = EDGE_CURVE('',#4027,#2605,#4029,.T.);
#4027 = VERTEX_POINT('',#4028);
#4028 = CARTESIAN_POINT('',(1.04E+03,-988.5568346759,2.863180493408E+03)
  );
#4029 = SURFACE_CURVE('',#4030,(#4034,#4041),.PCURVE_S1.);
#4030 = LINE('',#4031,#4032);
#4031 = CARTESIAN_POINT('',(1.04E+03,-988.5568346759,2.863180493408E+03)
  );
#4032 = VECTOR('',#4033,1.);
#4033 = DIRECTION('',(0.,0.992277876714,-0.124034734589));
#4034 = PCURVE('',#2623,#4035);
#4035 = DEFINITIONAL_REPRESENTATION('',(#4036),#4040);
#4036 = LINE('',#4037,#4038);
#4037 = CARTESIAN_POINT('',(33.,0.));
#4038 = VECTOR('',#4039,1.);
#4039 = DIRECTION('',(0.,-1.));
#4040 = ( GEOMETRIC_REPRESENTATION_CONTEXT(2) 
PARAMETRIC_REPRESENTATION_CONTEXT() REPRESENTATION_CONTEXT('2D SPACE',''
  ) );
#4041 = PCURVE('',#2650,#4042);
#4042 = DEFINITIONAL_REPRESENTATION('',(#4043),#4047);
#4043 = LINE('',#4044,#4045);
#4044 = CARTESIAN_POINT('',(0.,0.));
#4045 = VECTOR('',#4046,1.);
#4046 = DIRECTION('',(0.,1.));
#4047 = ( GEOMETRIC_REPRESENTATION_CONTEXT(2) 
PARAMETRIC_REPRESENTATION_CONTEXT() REPRESENTATION_CONTEXT('2D SPACE',''
  ) );
#4048 = ORIENTED_EDGE('',*,*,#4049,.F.);
#4049 = EDGE_CURVE('',#4050,#4027,#4052,.T.);
#4050 = VERTEX_POINT('',#4051);
#4051 = CARTESIAN_POINT('',(1.04E+03,-992.6499809174,2.830435323476E+03)
  );
#4052 = SURFACE_CURVE('',#4053,(#4057,#4064),.PCURVE_S1.);
#4053 = LINE('',#4054,#4055);
#4054 = CARTESIAN_POINT('',(1.04E+03,-992.6499809174,2.830435323476E+03)
  );
#4055 = VECTOR('',#4056,1.);
#4056 = DIRECTION('',(0.,0.124034734589,0.992277876714));
#4057 = PCURVE('',#2623,#4058);
#4058 = DEFINITIONAL_REPRESENTATION('',(#4059),#4063);
#4059 = LINE('',#4060,#4061);
#4060 = CARTESIAN_POINT('',(0.,0.));
#4061 = VECTOR('',#4062,1.);
#4062 = DIRECTION('',(1.,0.));
#4063 = ( GEOMETRIC_REPRESENTATION_CONTEXT(2) 
PARAMETRIC_REPRESENTATION_CONTEXT() REPRESENTATION_CONTEXT('2D SPACE',''
  ) );
#4064 = PCURVE('',#4065,#4070);
#4065 = PLANE('',#4066);
#4066 = AXIS2_PLACEMENT_3D('',#4067,#4068,#4069);
#4067 = CARTESIAN_POINT('',(1.04E+03,-992.6499809174,2.830435323476E+03)
  );
#4068 = DIRECTION('',(0.,0.992277876714,-0.124034734589));
#4069 = DIRECTION('',(0.,0.124034734589,0.992277876714));
#4070 = DEFINITIONAL_REPRESENTATION('',(#4071),#4075);
#4071 = LINE('',#4072,#4073);
#4072 = CARTESIAN_POINT('',(0.,0.));
#4073 = VECTOR('',#4074,1.);
#4074 = DIRECTION('',(1.,0.));
#4075 = ( GEOMETRIC_REPRESENTATION_CONTEXT(2) 
PARAMETRIC_REPRESENTATION_CONTEXT() REPRESENTATION_CONTEXT('2D SPACE',''
  ) );
#4076 = ORIENTED_EDGE('',*,*,#4077,.T.);
#4077 = EDGE_CURVE('',#4050,#4078,#4080,.T.);
#4078 = VERTEX_POINT('',#4079);
#4079 = CARTESIAN_POINT('',(1.04E+03,-972.8044233831,2.827954628784E+03)
  );
#4080 = SURFACE_CURVE('',#4081,(#4085,#4092),.PCURVE_S1.);
#4081 = LINE('',#4082,#4083);
#4082 = CARTESIAN_POINT('',(1.04E+03,-992.6499809174,2.830435323476E+03)
  );
#4083 = VECTOR('',#4084,1.);
#4084 = DIRECTION('',(0.,0.992277876714,-0.124034734589));
#4085 = PCURVE('',#2623,#4086);
#4086 = DEFINITIONAL_REPRESENTATION('',(#4087),#4091);
#4087 = LINE('',#4088,#4089);
#4088 = CARTESIAN_POINT('',(0.,0.));
#4089 = VECTOR('',#4090,1.);
#4090 = DIRECTION('',(0.,-1.));
#4091 = ( GEOMETRIC_REPRESENTATION_CONTEXT(2) 
PARAMETRIC_REPRESENTATION_CONTEXT() REPRESENTATION_CONTEXT('2D SPACE',''
  ) );
#4092 = PCURVE('',#4093,#4098);
#4093 = PLANE('',#4094);
#4094 = AXIS2_PLACEMENT_3D('',#4095,#4096,#4097);
#4095 = CARTESIAN_POINT('',(1.04E+03,-992.6499809174,2.830435323476E+03)
  );
#4096 = DIRECTION('',(0.,0.124034734589,0.992277876714));
#4097 = DIRECTION('',(1.,0.,-0.));
#4098 = DEFINITIONAL_REPRESENTATION('',(#4099),#4103);
#4099 = LINE('',#4100,#4101);
#4100 = CARTESIAN_POINT('',(0.,0.));
#4101 = VECTOR('',#4102,1.);
#4102 = DIRECTION('',(0.,1.));
#4103 = ( GEOMETRIC_REPRESENTATION_CONTEXT(2) 
PARAMETRIC_REPRESENTATION_CONTEXT() REPRESENTATION_CONTEXT('2D SPACE',''
  ) );
#4104 = ORIENTED_EDGE('',*,*,#4105,.T.);
#4105 = EDGE_CURVE('',#4078,#4106,#4108,.T.);
#4106 = VERTEX_POINT('',#4107);
#4107 = CARTESIAN_POINT('',(1.04E+03,-968.7112771417,2.860699798716E+03)
  );
#4108 = SURFACE_CURVE('',#4109,(#4113,#4120),.PCURVE_S1.);
#4109 = LINE('',#4110,#4111);
#4110 = CARTESIAN_POINT('',(1.04E+03,-972.8044233831,2.827954628784E+03)
  );
#4111 = VECTOR('',#4112,1.);
#4112 = DIRECTION('',(0.,0.124034734589,0.992277876714));
#4113 = PCURVE('',#2623,#4114);
#4114 = DEFINITIONAL_REPRESENTATION('',(#4115),#4119);
#4115 = LINE('',#4116,#4117);
#4116 = CARTESIAN_POINT('',(0.,-20.));
#4117 = VECTOR('',#4118,1.);
#4118 = DIRECTION('',(1.,0.));
#4119 = ( GEOMETRIC_REPRESENTATION_CONTEXT(2) 
PARAMETRIC_REPRESENTATION_CONTEXT() REPRESENTATION_CONTEXT('2D SPACE',''
  ) );
#4120 = PCURVE('',#4121,#4126);
#4121 = PLANE('',#4122);
#4122 = AXIS2_PLACEMENT_3D('',#4123,#4124,#4125);
#4123 = CARTESIAN_POINT('',(1.04E+03,-972.8044233831,2.827954628784E+03)
  );
#4124 = DIRECTION('',(0.,0.992277876714,-0.124034734589));
#4125 = DIRECTION('',(0.,0.124034734589,0.992277876714));
#4126 = DEFINITIONAL_REPRESENTATION('',(#4127),#4131);
#4127 = LINE('',#4128,#4129);
#4128 = CARTESIAN_POINT('',(0.,0.));
#4129 = VECTOR('',#4130,1.);
#4130 = DIRECTION('',(1.,0.));
#4131 = ( GEOMETRIC_REPRESENTATION_CONTEXT(2) 
PARAMETRIC_REPRESENTATION_CONTEXT() REPRESENTATION_CONTEXT('2D SPACE',''
  ) );
#4132 = ORIENTED_EDGE('',*,*,#4133,.F.);
#4133 = EDGE_CURVE('',#2607,#4106,#4134,.T.);
#4134 = SURFACE_CURVE('',#4135,(#4139,#4146),.PCURVE_S1.);
#4135 = LINE('',#4136,#4137);
#4136 = CARTESIAN_POINT('',(1.04E+03,-988.5568346759,2.863180493408E+03)
  );
#4137 = VECTOR('',#4138,1.);
#4138 = DIRECTION('',(0.,0.992277876714,-0.124034734589));
#4139 = PCURVE('',#2623,#4140);
#4140 = DEFINITIONAL_REPRESENTATION('',(#4141),#4145);
#4141 = LINE('',#4142,#4143);
#4142 = CARTESIAN_POINT('',(33.,0.));
#4143 = VECTOR('',#4144,1.);
#4144 = DIRECTION('',(0.,-1.));
#4145 = ( GEOMETRIC_REPRESENTATION_CONTEXT(2) 
PARAMETRIC_REPRESENTATION_CONTEXT() REPRESENTATION_CONTEXT('2D SPACE',''
  ) );
#4146 = PCURVE('',#2703,#4147);
#4147 = DEFINITIONAL_REPRESENTATION('',(#4148),#4152);
#4148 = LINE('',#4149,#4150);
#4149 = CARTESIAN_POINT('',(0.,0.));
#4150 = VECTOR('',#4151,1.);
#4151 = DIRECTION('',(0.,1.));
#4152 = ( GEOMETRIC_REPRESENTATION_CONTEXT(2) 
PARAMETRIC_REPRESENTATION_CONTEXT() REPRESENTATION_CONTEXT('2D SPACE',''
  ) );
#4153 = ORIENTED_EDGE('',*,*,#2604,.F.);
#4154 = ADVANCED_FACE('',(#4155),#2703,.T.);
#4155 = FACE_BOUND('',#4156,.T.);
#4156 = EDGE_LOOP('',(#4157,#4158,#4159,#4182));
#4157 = ORIENTED_EDGE('',*,*,#4133,.F.);
#4158 = ORIENTED_EDGE('',*,*,#2690,.T.);
#4159 = ORIENTED_EDGE('',*,*,#4160,.T.);
#4160 = EDGE_CURVE('',#2662,#4161,#4163,.T.);
#4161 = VERTEX_POINT('',#4162);
#4162 = CARTESIAN_POINT('',(1.06E+03,-968.7112771417,2.860699798716E+03)
  );
#4163 = SURFACE_CURVE('',#4164,(#4168,#4175),.PCURVE_S1.);
#4164 = LINE('',#4165,#4166);
#4165 = CARTESIAN_POINT('',(1.06E+03,-988.5568346759,2.863180493408E+03)
  );
#4166 = VECTOR('',#4167,1.);
#4167 = DIRECTION('',(0.,0.992277876714,-0.124034734589));
#4168 = PCURVE('',#2703,#4169);
#4169 = DEFINITIONAL_REPRESENTATION('',(#4170),#4174);
#4170 = LINE('',#4171,#4172);
#4171 = CARTESIAN_POINT('',(20.,0.));
#4172 = VECTOR('',#4173,1.);
#4173 = DIRECTION('',(0.,1.));
#4174 = ( GEOMETRIC_REPRESENTATION_CONTEXT(2) 
PARAMETRIC_REPRESENTATION_CONTEXT() REPRESENTATION_CONTEXT('2D SPACE',''
  ) );
#4175 = PCURVE('',#2678,#4176);
#4176 = DEFINITIONAL_REPRESENTATION('',(#4177),#4181);
#4177 = LINE('',#4178,#4179);
#4178 = CARTESIAN_POINT('',(33.,0.));
#4179 = VECTOR('',#4180,1.);
#4180 = DIRECTION('',(0.,-1.));
#4181 = ( GEOMETRIC_REPRESENTATION_CONTEXT(2) 
PARAMETRIC_REPRESENTATION_CONTEXT() REPRESENTATION_CONTEXT('2D SPACE',''
  ) );
#4182 = ORIENTED_EDGE('',*,*,#4183,.F.);
#4183 = EDGE_CURVE('',#4106,#4161,#4184,.T.);
#4184 = SURFACE_CURVE('',#4185,(#4189,#4196),.PCURVE_S1.);
#4185 = LINE('',#4186,#4187);
#4186 = CARTESIAN_POINT('',(1.04E+03,-968.7112771417,2.860699798716E+03)
  );
#4187 = VECTOR('',#4188,1.);
#4188 = DIRECTION('',(1.,0.,-0.));
#4189 = PCURVE('',#2703,#4190);
#4190 = DEFINITIONAL_REPRESENTATION('',(#4191),#4195);
#4191 = LINE('',#4192,#4193);
#4192 = CARTESIAN_POINT('',(0.,20.));
#4193 = VECTOR('',#4194,1.);
#4194 = DIRECTION('',(1.,0.));
#4195 = ( GEOMETRIC_REPRESENTATION_CONTEXT(2) 
PARAMETRIC_REPRESENTATION_CONTEXT() REPRESENTATION_CONTEXT('2D SPACE',''
  ) );
#4196 = PCURVE('',#4121,#4197);
#4197 = DEFINITIONAL_REPRESENTATION('',(#4198),#4202);
#4198 = LINE('',#4199,#4200);
#4199 = CARTESIAN_POINT('',(33.,0.));
#4200 = VECTOR('',#4201,1.);
#4201 = DIRECTION('',(0.,1.));
#4202 = ( GEOMETRIC_REPRESENTATION_CONTEXT(2) 
PARAMETRIC_REPRESENTATION_CONTEXT() REPRESENTATION_CONTEXT('2D SPACE',''
  ) );
#4203 = ADVANCED_FACE('',(#4204),#2678,.T.);
#4204 = FACE_BOUND('',#4205,.T.);
#4205 = EDGE_LOOP('',(#4206,#4229,#4252,#4275,#4296,#4297));
#4206 = ORIENTED_EDGE('',*,*,#4207,.F.);
#4207 = EDGE_CURVE('',#4208,#2636,#4210,.T.);
#4208 = VERTEX_POINT('',#4209);
#4209 = CARTESIAN_POINT('',(1.06E+03,-988.5568346759,2.863180493408E+03)
  );
#4210 = SURFACE_CURVE('',#4211,(#4215,#4222),.PCURVE_S1.);
#4211 = LINE('',#4212,#4213);
#4212 = CARTESIAN_POINT('',(1.06E+03,-988.5568346759,2.863180493408E+03)
  );
#4213 = VECTOR('',#4214,1.);
#4214 = DIRECTION('',(0.,0.992277876714,-0.124034734589));
#4215 = PCURVE('',#2678,#4216);
#4216 = DEFINITIONAL_REPRESENTATION('',(#4217),#4221);
#4217 = LINE('',#4218,#4219);
#4218 = CARTESIAN_POINT('',(33.,0.));
#4219 = VECTOR('',#4220,1.);
#4220 = DIRECTION('',(0.,-1.));
#4221 = ( GEOMETRIC_REPRESENTATION_CONTEXT(2) 
PARAMETRIC_REPRESENTATION_CONTEXT() REPRESENTATION_CONTEXT('2D SPACE',''
  ) );
#4222 = PCURVE('',#2650,#4223);
#4223 = DEFINITIONAL_REPRESENTATION('',(#4224),#4228);
#4224 = LINE('',#4225,#4226);
#4225 = CARTESIAN_POINT('',(20.,0.));
#4226 = VECTOR('',#4227,1.);
#4227 = DIRECTION('',(0.,1.));
#4228 = ( GEOMETRIC_REPRESENTATION_CONTEXT(2) 
PARAMETRIC_REPRESENTATION_CONTEXT() REPRESENTATION_CONTEXT('2D SPACE',''
  ) );
#4229 = ORIENTED_EDGE('',*,*,#4230,.F.);
#4230 = EDGE_CURVE('',#4231,#4208,#4233,.T.);
#4231 = VERTEX_POINT('',#4232);
#4232 = CARTESIAN_POINT('',(1.06E+03,-992.6499809174,2.830435323476E+03)
  );
#4233 = SURFACE_CURVE('',#4234,(#4238,#4245),.PCURVE_S1.);
#4234 = LINE('',#4235,#4236);
#4235 = CARTESIAN_POINT('',(1.06E+03,-992.6499809174,2.830435323476E+03)
  );
#4236 = VECTOR('',#4237,1.);
#4237 = DIRECTION('',(0.,0.124034734589,0.992277876714));
#4238 = PCURVE('',#2678,#4239);
#4239 = DEFINITIONAL_REPRESENTATION('',(#4240),#4244);
#4240 = LINE('',#4241,#4242);
#4241 = CARTESIAN_POINT('',(0.,0.));
#4242 = VECTOR('',#4243,1.);
#4243 = DIRECTION('',(1.,0.));
#4244 = ( GEOMETRIC_REPRESENTATION_CONTEXT(2) 
PARAMETRIC_REPRESENTATION_CONTEXT() REPRESENTATION_CONTEXT('2D SPACE',''
  ) );
#4245 = PCURVE('',#4065,#4246);
#4246 = DEFINITIONAL_REPRESENTATION('',(#4247),#4251);
#4247 = LINE('',#4248,#4249);
#4248 = CARTESIAN_POINT('',(0.,20.));
#4249 = VECTOR('',#4250,1.);
#4250 = DIRECTION('',(1.,0.));
#4251 = ( GEOMETRIC_REPRESENTATION_CONTEXT(2) 
PARAMETRIC_REPRESENTATION_CONTEXT() REPRESENTATION_CONTEXT('2D SPACE',''
  ) );
#4252 = ORIENTED_EDGE('',*,*,#4253,.T.);
#4253 = EDGE_CURVE('',#4231,#4254,#4256,.T.);
#4254 = VERTEX_POINT('',#4255);
#4255 = CARTESIAN_POINT('',(1.06E+03,-972.8044233831,2.827954628784E+03)
  );
#4256 = SURFACE_CURVE('',#4257,(#4261,#4268),.PCURVE_S1.);
#4257 = LINE('',#4258,#4259);
#4258 = CARTESIAN_POINT('',(1.06E+03,-992.6499809174,2.830435323476E+03)
  );
#4259 = VECTOR('',#4260,1.);
#4260 = DIRECTION('',(0.,0.992277876714,-0.124034734589));
#4261 = PCURVE('',#2678,#4262);
#4262 = DEFINITIONAL_REPRESENTATION('',(#4263),#4267);
#4263 = LINE('',#4264,#4265);
#4264 = CARTESIAN_POINT('',(0.,0.));
#4265 = VECTOR('',#4266,1.);
#4266 = DIRECTION('',(0.,-1.));
#4267 = ( GEOMETRIC_REPRESENTATION_CONTEXT(2) 
PARAMETRIC_REPRESENTATION_CONTEXT() REPRESENTATION_CONTEXT('2D SPACE',''
  ) );
#4268 = PCURVE('',#4093,#4269);
#4269 = DEFINITIONAL_REPRESENTATION('',(#4270),#4274);
#4270 = LINE('',#4271,#4272);
#4271 = CARTESIAN_POINT('',(20.,0.));
#4272 = VECTOR('',#4273,1.);
#4273 = DIRECTION('',(0.,1.));
#4274 = ( GEOMETRIC_REPRESENTATION_CONTEXT(2) 
PARAMETRIC_REPRESENTATION_CONTEXT() REPRESENTATION_CONTEXT('2D SPACE',''
  ) );
#4275 = ORIENTED_EDGE('',*,*,#4276,.T.);
#4276 = EDGE_CURVE('',#4254,#4161,#4277,.T.);
#4277 = SURFACE_CURVE('',#4278,(#4282,#4289),.PCURVE_S1.);
#4278 = LINE('',#4279,#4280);
#4279 = CARTESIAN_POINT('',(1.06E+03,-972.8044233831,2.827954628784E+03)
  );
#4280 = VECTOR('',#4281,1.);
#4281 = DIRECTION('',(0.,0.124034734589,0.992277876714));
#4282 = PCURVE('',#2678,#4283);
#4283 = DEFINITIONAL_REPRESENTATION('',(#4284),#4288);
#4284 = LINE('',#4285,#4286);
#4285 = CARTESIAN_POINT('',(0.,-20.));
#4286 = VECTOR('',#4287,1.);
#4287 = DIRECTION('',(1.,0.));
#4288 = ( GEOMETRIC_REPRESENTATION_CONTEXT(2) 
PARAMETRIC_REPRESENTATION_CONTEXT() REPRESENTATION_CONTEXT('2D SPACE',''
  ) );
#4289 = PCURVE('',#4121,#4290);
#4290 = DEFINITIONAL_REPRESENTATION('',(#4291),#4295);
#4291 = LINE('',#4292,#4293);
#4292 = CARTESIAN_POINT('',(0.,20.));
#4293 = VECTOR('',#4294,1.);
#4294 = DIRECTION('',(1.,0.));
#4295 = ( GEOMETRIC_REPRESENTATION_CONTEXT(2) 
PARAMETRIC_REPRESENTATION_CONTEXT() REPRESENTATION_CONTEXT('2D SPACE',''
  ) );
#4296 = ORIENTED_EDGE('',*,*,#4160,.F.);
#4297 = ORIENTED_EDGE('',*,*,#2661,.F.);
#4298 = ADVANCED_FACE('',(#4299),#2650,.T.);
#4299 = FACE_BOUND('',#4300,.T.);
#4300 = EDGE_LOOP('',(#4301,#4302,#4323,#4324));
#4301 = ORIENTED_EDGE('',*,*,#4026,.F.);
#4302 = ORIENTED_EDGE('',*,*,#4303,.T.);
#4303 = EDGE_CURVE('',#4027,#4208,#4304,.T.);
#4304 = SURFACE_CURVE('',#4305,(#4309,#4316),.PCURVE_S1.);
#4305 = LINE('',#4306,#4307);
#4306 = CARTESIAN_POINT('',(1.04E+03,-988.5568346759,2.863180493408E+03)
  );
#4307 = VECTOR('',#4308,1.);
#4308 = DIRECTION('',(1.,0.,-0.));
#4309 = PCURVE('',#2650,#4310);
#4310 = DEFINITIONAL_REPRESENTATION('',(#4311),#4315);
#4311 = LINE('',#4312,#4313);
#4312 = CARTESIAN_POINT('',(0.,0.));
#4313 = VECTOR('',#4314,1.);
#4314 = DIRECTION('',(1.,0.));
#4315 = ( GEOMETRIC_REPRESENTATION_CONTEXT(2) 
PARAMETRIC_REPRESENTATION_CONTEXT() REPRESENTATION_CONTEXT('2D SPACE',''
  ) );
#4316 = PCURVE('',#4065,#4317);
#4317 = DEFINITIONAL_REPRESENTATION('',(#4318),#4322);
#4318 = LINE('',#4319,#4320);
#4319 = CARTESIAN_POINT('',(33.,0.));
#4320 = VECTOR('',#4321,1.);
#4321 = DIRECTION('',(0.,1.));
#4322 = ( GEOMETRIC_REPRESENTATION_CONTEXT(2) 
PARAMETRIC_REPRESENTATION_CONTEXT() REPRESENTATION_CONTEXT('2D SPACE',''
  ) );
#4323 = ORIENTED_EDGE('',*,*,#4207,.T.);
#4324 = ORIENTED_EDGE('',*,*,#2635,.F.);
#4325 = ADVANCED_FACE('',(#4326),#2893,.F.);
#4326 = FACE_BOUND('',#4327,.F.);
#4327 = EDGE_LOOP('',(#4328,#4329));
#4328 = ORIENTED_EDGE('',*,*,#2878,.T.);
#4329 = ORIENTED_EDGE('',*,*,#2908,.F.);
#4330 = ADVANCED_FACE('',(#4331,#4414,#4526,#4638,#4750),#2792,.T.);
#4331 = FACE_BOUND('',#4332,.T.);
#4332 = EDGE_LOOP('',(#4333,#4334,#4361,#4382,#4409,#4410,#4411,#4412,
    #4413));
#4333 = ORIENTED_EDGE('',*,*,#2769,.T.);
#4334 = ORIENTED_EDGE('',*,*,#4335,.T.);
#4335 = EDGE_CURVE('',#2741,#2718,#4336,.T.);
#4336 = SURFACE_CURVE('',#4337,(#4342,#4349),.PCURVE_S1.);
#4337 = CIRCLE('',#4338,4.75);
#4338 = AXIS2_PLACEMENT_3D('',#4339,#4340,#4341);
#4339 = CARTESIAN_POINT('',(-1.34E+03,966.23058244993,2.618832066267E+03
    ));
#4340 = DIRECTION('',(1.,0.,-0.));
#4341 = DIRECTION('',(0.,0.124034734589,0.992277876714));
#4342 = PCURVE('',#2792,#4343);
#4343 = DEFINITIONAL_REPRESENTATION('',(#4344),#4348);
#4344 = LINE('',#4345,#4346);
#4345 = CARTESIAN_POINT('',(0.,0.));
#4346 = VECTOR('',#4347,1.);
#4347 = DIRECTION('',(1.,0.));
#4348 = ( GEOMETRIC_REPRESENTATION_CONTEXT(2) 
PARAMETRIC_REPRESENTATION_CONTEXT() REPRESENTATION_CONTEXT('2D SPACE',''
  ) );
#4349 = PCURVE('',#4350,#4355);
#4350 = PLANE('',#4351);
#4351 = AXIS2_PLACEMENT_3D('',#4352,#4353,#4354);
#4352 = CARTESIAN_POINT('',(-1.34E+03,966.23058244993,2.618832066267E+03
    ));
#4353 = DIRECTION('',(1.,0.,0.));
#4354 = DIRECTION('',(0.,0.124034734589,0.992277876714));
#4355 = DEFINITIONAL_REPRESENTATION('',(#4356),#4360);
#4356 = CIRCLE('',#4357,4.75);
#4357 = AXIS2_PLACEMENT_2D('',#4358,#4359);
#4358 = CARTESIAN_POINT('',(0.,0.));
#4359 = DIRECTION('',(1.,0.));
#4360 = ( GEOMETRIC_REPRESENTATION_CONTEXT(2) 
PARAMETRIC_REPRESENTATION_CONTEXT() REPRESENTATION_CONTEXT('2D SPACE',''
  ) );
#4361 = ORIENTED_EDGE('',*,*,#4362,.T.);
#4362 = EDGE_CURVE('',#2718,#2960,#4363,.T.);
#4363 = SEAM_CURVE('',#4364,(#4368,#4375),.PCURVE_S1.);
#4364 = LINE('',#4365,#4366);
#4365 = CARTESIAN_POINT('',(-1.34E+03,966.81974743923,2.623545386181E+03
    ));
#4366 = VECTOR('',#4367,1.);
#4367 = DIRECTION('',(1.,0.,0.));
#4368 = PCURVE('',#2792,#4369);
#4369 = DEFINITIONAL_REPRESENTATION('',(#4370),#4374);
#4370 = LINE('',#4371,#4372);
#4371 = CARTESIAN_POINT('',(0.,-0.));
#4372 = VECTOR('',#4373,1.);
#4373 = DIRECTION('',(0.,1.));
#4374 = ( GEOMETRIC_REPRESENTATION_CONTEXT(2) 
PARAMETRIC_REPRESENTATION_CONTEXT() REPRESENTATION_CONTEXT('2D SPACE',''
  ) );
#4375 = PCURVE('',#2792,#4376);
#4376 = DEFINITIONAL_REPRESENTATION('',(#4377),#4381);
#4377 = LINE('',#4378,#4379);
#4378 = CARTESIAN_POINT('',(6.28318530718,-0.));
#4379 = VECTOR('',#4380,1.);
#4380 = DIRECTION('',(0.,1.));
#4381 = ( GEOMETRIC_REPRESENTATION_CONTEXT(2) 
PARAMETRIC_REPRESENTATION_CONTEXT() REPRESENTATION_CONTEXT('2D SPACE',''
  ) );
#4382 = ORIENTED_EDGE('',*,*,#4383,.F.);
#4383 = EDGE_CURVE('',#2962,#2960,#4384,.T.);
#4384 = SURFACE_CURVE('',#4385,(#4390,#4397),.PCURVE_S1.);
#4385 = CIRCLE('',#4386,4.75);
#4386 = AXIS2_PLACEMENT_3D('',#4387,#4388,#4389);
#4387 = CARTESIAN_POINT('',(1.34E+03,966.23058244993,2.618832066267E+03)
  );
#4388 = DIRECTION('',(1.,0.,-0.));
#4389 = DIRECTION('',(0.,0.124034734589,0.992277876714));
#4390 = PCURVE('',#2792,#4391);
#4391 = DEFINITIONAL_REPRESENTATION('',(#4392),#4396);
#4392 = LINE('',#4393,#4394);
#4393 = CARTESIAN_POINT('',(0.,2.68E+03));
#4394 = VECTOR('',#4395,1.);
#4395 = DIRECTION('',(1.,0.));
#4396 = ( GEOMETRIC_REPRESENTATION_CONTEXT(2) 
PARAMETRIC_REPRESENTATION_CONTEXT() REPRESENTATION_CONTEXT('2D SPACE',''
  ) );
#4397 = PCURVE('',#4398,#4403);
#4398 = PLANE('',#4399);
#4399 = AXIS2_PLACEMENT_3D('',#4400,#4401,#4402);
#4400 = CARTESIAN_POINT('',(1.34E+03,966.23058244993,2.618832066267E+03)
  );
#4401 = DIRECTION('',(1.,0.,0.));
#4402 = DIRECTION('',(0.,0.124034734589,0.992277876714));
#4403 = DEFINITIONAL_REPRESENTATION('',(#4404),#4408);
#4404 = CIRCLE('',#4405,4.75);
#4405 = AXIS2_PLACEMENT_2D('',#4406,#4407);
#4406 = CARTESIAN_POINT('',(0.,0.));
#4407 = DIRECTION('',(1.,0.));
#4408 = ( GEOMETRIC_REPRESENTATION_CONTEXT(2) 
PARAMETRIC_REPRESENTATION_CONTEXT() REPRESENTATION_CONTEXT('2D SPACE',''
  ) );
#4409 = ORIENTED_EDGE('',*,*,#3066,.F.);
#4410 = ORIENTED_EDGE('',*,*,#3036,.F.);
#4411 = ORIENTED_EDGE('',*,*,#4362,.F.);
#4412 = ORIENTED_EDGE('',*,*,#2846,.T.);
#4413 = ORIENTED_EDGE('',*,*,#2810,.T.);
#4414 = FACE_BOUND('',#4415,.T.);
#4415 = EDGE_LOOP('',(#4416,#4447,#4473,#4502));
#4416 = ORIENTED_EDGE('',*,*,#4417,.F.);
#4417 = EDGE_CURVE('',#4418,#4420,#4422,.T.);
#4418 = VERTEX_POINT('',#4419);
#4419 = CARTESIAN_POINT('',(-1.06E+03,961.51726253554,2.619421231256E+03
    ));
#4420 = VERTEX_POINT('',#4421);
#4421 = CARTESIAN_POINT('',(-1.06E+03,970.94390236432,2.618242901278E+03
    ));
#4422 = SURFACE_CURVE('',#4423,(#4428,#4435),.PCURVE_S1.);
#4423 = CIRCLE('',#4424,4.75);
#4424 = AXIS2_PLACEMENT_3D('',#4425,#4426,#4427);
#4425 = CARTESIAN_POINT('',(-1.06E+03,966.23058244993,2.618832066267E+03
    ));
#4426 = DIRECTION('',(1.,0.,-0.));
#4427 = DIRECTION('',(0.,0.124034734589,0.992277876714));
#4428 = PCURVE('',#2792,#4429);
#4429 = DEFINITIONAL_REPRESENTATION('',(#4430),#4434);
#4430 = LINE('',#4431,#4432);
#4431 = CARTESIAN_POINT('',(0.,280.));
#4432 = VECTOR('',#4433,1.);
#4433 = DIRECTION('',(1.,0.));
#4434 = ( GEOMETRIC_REPRESENTATION_CONTEXT(2) 
PARAMETRIC_REPRESENTATION_CONTEXT() REPRESENTATION_CONTEXT('2D SPACE',''
  ) );
#4435 = PCURVE('',#4436,#4441);
#4436 = PLANE('',#4437);
#4437 = AXIS2_PLACEMENT_3D('',#4438,#4439,#4440);
#4438 = CARTESIAN_POINT('',(-1.06E+03,952.21465744135,2.587327243681E+03
    ));
#4439 = DIRECTION('',(1.,0.,-0.));
#4440 = DIRECTION('',(0.,0.124034734589,0.992277876714));
#4441 = DEFINITIONAL_REPRESENTATION('',(#4442),#4446);
#4442 = CIRCLE('',#4443,4.75);
#4443 = AXIS2_PLACEMENT_2D('',#4444,#4445);
#4444 = CARTESIAN_POINT('',(33.,-10.));
#4445 = DIRECTION('',(1.,0.));
#4446 = ( GEOMETRIC_REPRESENTATION_CONTEXT(2) 
PARAMETRIC_REPRESENTATION_CONTEXT() REPRESENTATION_CONTEXT('2D SPACE',''
  ) );
#4447 = ORIENTED_EDGE('',*,*,#4448,.T.);
#4448 = EDGE_CURVE('',#4418,#4449,#4451,.T.);
#4449 = VERTEX_POINT('',#4450);
#4450 = CARTESIAN_POINT('',(-1.04E+03,961.51726253554,2.619421231256E+03
    ));
#4451 = SURFACE_CURVE('',#4452,(#4456,#4462),.PCURVE_S1.);
#4452 = LINE('',#4453,#4454);
#4453 = CARTESIAN_POINT('',(-1.34E+03,961.51726253554,2.619421231256E+03
    ));
#4454 = VECTOR('',#4455,1.);
#4455 = DIRECTION('',(1.,0.,0.));
#4456 = PCURVE('',#2792,#4457);
#4457 = DEFINITIONAL_REPRESENTATION('',(#4458),#4461);
#4458 = B_SPLINE_CURVE_WITH_KNOTS('',1,(#4459,#4460),.UNSPECIFIED.,.F.,
  .F.,(2,2),(278.,302.),.PIECEWISE_BEZIER_KNOTS.);
#4459 = CARTESIAN_POINT('',(1.570796326795,278.));
#4460 = CARTESIAN_POINT('',(1.570796326795,302.));
#4461 = ( GEOMETRIC_REPRESENTATION_CONTEXT(2) 
PARAMETRIC_REPRESENTATION_CONTEXT() REPRESENTATION_CONTEXT('2D SPACE',''
  ) );
#4462 = PCURVE('',#4463,#4468);
#4463 = PLANE('',#4464);
#4464 = AXIS2_PLACEMENT_3D('',#4465,#4466,#4467);
#4465 = CARTESIAN_POINT('',(-1.06E+03,956.30780368279,2.620072413613E+03
    ));
#4466 = DIRECTION('',(0.,0.124034734589,0.992277876714));
#4467 = DIRECTION('',(1.,0.,-0.));
#4468 = DEFINITIONAL_REPRESENTATION('',(#4469),#4472);
#4469 = B_SPLINE_CURVE_WITH_KNOTS('',1,(#4470,#4471),.UNSPECIFIED.,.F.,
  .F.,(2,2),(278.,302.),.PIECEWISE_BEZIER_KNOTS.);
#4470 = CARTESIAN_POINT('',(-2.,5.25));
#4471 = CARTESIAN_POINT('',(22.,5.25));
#4472 = ( GEOMETRIC_REPRESENTATION_CONTEXT(2) 
PARAMETRIC_REPRESENTATION_CONTEXT() REPRESENTATION_CONTEXT('2D SPACE',''
  ) );
#4473 = ORIENTED_EDGE('',*,*,#4474,.T.);
#4474 = EDGE_CURVE('',#4449,#4475,#4477,.T.);
#4475 = VERTEX_POINT('',#4476);
#4476 = CARTESIAN_POINT('',(-1.04E+03,970.94390236432,2.618242901278E+03
    ));
#4477 = SURFACE_CURVE('',#4478,(#4483,#4490),.PCURVE_S1.);
#4478 = CIRCLE('',#4479,4.75);
#4479 = AXIS2_PLACEMENT_3D('',#4480,#4481,#4482);
#4480 = CARTESIAN_POINT('',(-1.04E+03,966.23058244993,2.618832066267E+03
    ));
#4481 = DIRECTION('',(1.,0.,-0.));
#4482 = DIRECTION('',(0.,0.124034734589,0.992277876714));
#4483 = PCURVE('',#2792,#4484);
#4484 = DEFINITIONAL_REPRESENTATION('',(#4485),#4489);
#4485 = LINE('',#4486,#4487);
#4486 = CARTESIAN_POINT('',(0.,300.));
#4487 = VECTOR('',#4488,1.);
#4488 = DIRECTION('',(1.,0.));
#4489 = ( GEOMETRIC_REPRESENTATION_CONTEXT(2) 
PARAMETRIC_REPRESENTATION_CONTEXT() REPRESENTATION_CONTEXT('2D SPACE',''
  ) );
#4490 = PCURVE('',#4491,#4496);
#4491 = PLANE('',#4492);
#4492 = AXIS2_PLACEMENT_3D('',#4493,#4494,#4495);
#4493 = CARTESIAN_POINT('',(-1.04E+03,952.21465744135,2.587327243681E+03
    ));
#4494 = DIRECTION('',(1.,0.,-0.));
#4495 = DIRECTION('',(0.,0.124034734589,0.992277876714));
#4496 = DEFINITIONAL_REPRESENTATION('',(#4497),#4501);
#4497 = CIRCLE('',#4498,4.75);
#4498 = AXIS2_PLACEMENT_2D('',#4499,#4500);
#4499 = CARTESIAN_POINT('',(33.,-10.));
#4500 = DIRECTION('',(1.,0.));
#4501 = ( GEOMETRIC_REPRESENTATION_CONTEXT(2) 
PARAMETRIC_REPRESENTATION_CONTEXT() REPRESENTATION_CONTEXT('2D SPACE',''
  ) );
#4502 = ORIENTED_EDGE('',*,*,#4503,.F.);
#4503 = EDGE_CURVE('',#4420,#4475,#4504,.T.);
#4504 = SURFACE_CURVE('',#4505,(#4509,#4515),.PCURVE_S1.);
#4505 = LINE('',#4506,#4507);
#4506 = CARTESIAN_POINT('',(-1.34E+03,970.94390236432,2.618242901278E+03
    ));
#4507 = VECTOR('',#4508,1.);
#4508 = DIRECTION('',(1.,0.,0.));
#4509 = PCURVE('',#2792,#4510);
#4510 = DEFINITIONAL_REPRESENTATION('',(#4511),#4514);
#4511 = B_SPLINE_CURVE_WITH_KNOTS('',1,(#4512,#4513),.UNSPECIFIED.,.F.,
  .F.,(2,2),(278.,302.),.PIECEWISE_BEZIER_KNOTS.);
#4512 = CARTESIAN_POINT('',(4.712388980385,278.));
#4513 = CARTESIAN_POINT('',(4.712388980385,302.));
#4514 = ( GEOMETRIC_REPRESENTATION_CONTEXT(2) 
PARAMETRIC_REPRESENTATION_CONTEXT() REPRESENTATION_CONTEXT('2D SPACE',''
  ) );
#4515 = PCURVE('',#4516,#4521);
#4516 = PLANE('',#4517);
#4517 = AXIS2_PLACEMENT_3D('',#4518,#4519,#4520);
#4518 = CARTESIAN_POINT('',(-1.06E+03,956.30780368279,2.620072413613E+03
    ));
#4519 = DIRECTION('',(0.,0.124034734589,0.992277876714));
#4520 = DIRECTION('',(1.,0.,-0.));
#4521 = DEFINITIONAL_REPRESENTATION('',(#4522),#4525);
#4522 = B_SPLINE_CURVE_WITH_KNOTS('',1,(#4523,#4524),.UNSPECIFIED.,.F.,
  .F.,(2,2),(278.,302.),.PIECEWISE_BEZIER_KNOTS.);
#4523 = CARTESIAN_POINT('',(-2.,14.75));
#4524 = CARTESIAN_POINT('',(22.,14.75));
#4525 = ( GEOMETRIC_REPRESENTATION_CONTEXT(2) 
PARAMETRIC_REPRESENTATION_CONTEXT() REPRESENTATION_CONTEXT('2D SPACE',''
  ) );
#4526 = FACE_BOUND('',#4527,.T.);
#4527 = EDGE_LOOP('',(#4528,#4559,#4585,#4614));
#4528 = ORIENTED_EDGE('',*,*,#4529,.F.);
#4529 = EDGE_CURVE('',#4530,#4532,#4534,.T.);
#4530 = VERTEX_POINT('',#4531);
#4531 = CARTESIAN_POINT('',(-360.,961.51726253554,2.619421231256E+03));
#4532 = VERTEX_POINT('',#4533);
#4533 = CARTESIAN_POINT('',(-360.,970.94390236432,2.618242901278E+03));
#4534 = SURFACE_CURVE('',#4535,(#4540,#4547),.PCURVE_S1.);
#4535 = CIRCLE('',#4536,4.75);
#4536 = AXIS2_PLACEMENT_3D('',#4537,#4538,#4539);
#4537 = CARTESIAN_POINT('',(-360.,966.23058244993,2.618832066267E+03));
#4538 = DIRECTION('',(1.,0.,-0.));
#4539 = DIRECTION('',(0.,0.124034734589,0.992277876714));
#4540 = PCURVE('',#2792,#4541);
#4541 = DEFINITIONAL_REPRESENTATION('',(#4542),#4546);
#4542 = LINE('',#4543,#4544);
#4543 = CARTESIAN_POINT('',(0.,980.));
#4544 = VECTOR('',#4545,1.);
#4545 = DIRECTION('',(1.,0.));
#4546 = ( GEOMETRIC_REPRESENTATION_CONTEXT(2) 
PARAMETRIC_REPRESENTATION_CONTEXT() REPRESENTATION_CONTEXT('2D SPACE',''
  ) );
#4547 = PCURVE('',#4548,#4553);
#4548 = PLANE('',#4549);
#4549 = AXIS2_PLACEMENT_3D('',#4550,#4551,#4552);
#4550 = CARTESIAN_POINT('',(-360.,952.21465744135,2.587327243681E+03));
#4551 = DIRECTION('',(1.,0.,-0.));
#4552 = DIRECTION('',(0.,0.124034734589,0.992277876714));
#4553 = DEFINITIONAL_REPRESENTATION('',(#4554),#4558);
#4554 = CIRCLE('',#4555,4.75);
#4555 = AXIS2_PLACEMENT_2D('',#4556,#4557);
#4556 = CARTESIAN_POINT('',(33.,-10.));
#4557 = DIRECTION('',(1.,0.));
#4558 = ( GEOMETRIC_REPRESENTATION_CONTEXT(2) 
PARAMETRIC_REPRESENTATION_CONTEXT() REPRESENTATION_CONTEXT('2D SPACE',''
  ) );
#4559 = ORIENTED_EDGE('',*,*,#4560,.T.);
#4560 = EDGE_CURVE('',#4530,#4561,#4563,.T.);
#4561 = VERTEX_POINT('',#4562);
#4562 = CARTESIAN_POINT('',(-340.,961.51726253554,2.619421231256E+03));
#4563 = SURFACE_CURVE('',#4564,(#4568,#4574),.PCURVE_S1.);
#4564 = LINE('',#4565,#4566);
#4565 = CARTESIAN_POINT('',(-1.34E+03,961.51726253554,2.619421231256E+03
    ));
#4566 = VECTOR('',#4567,1.);
#4567 = DIRECTION('',(1.,0.,0.));
#4568 = PCURVE('',#2792,#4569);
#4569 = DEFINITIONAL_REPRESENTATION('',(#4570),#4573);
#4570 = B_SPLINE_CURVE_WITH_KNOTS('',1,(#4571,#4572),.UNSPECIFIED.,.F.,
  .F.,(2,2),(978.,1.002E+03),.PIECEWISE_BEZIER_KNOTS.);
#4571 = CARTESIAN_POINT('',(1.570796326795,978.));
#4572 = CARTESIAN_POINT('',(1.570796326795,1.002E+03));
#4573 = ( GEOMETRIC_REPRESENTATION_CONTEXT(2) 
PARAMETRIC_REPRESENTATION_CONTEXT() REPRESENTATION_CONTEXT('2D SPACE',''
  ) );
#4574 = PCURVE('',#4575,#4580);
#4575 = PLANE('',#4576);
#4576 = AXIS2_PLACEMENT_3D('',#4577,#4578,#4579);
#4577 = CARTESIAN_POINT('',(-360.,956.30780368279,2.620072413613E+03));
#4578 = DIRECTION('',(0.,0.124034734589,0.992277876714));
#4579 = DIRECTION('',(1.,0.,-0.));
#4580 = DEFINITIONAL_REPRESENTATION('',(#4581),#4584);
#4581 = B_SPLINE_CURVE_WITH_KNOTS('',1,(#4582,#4583),.UNSPECIFIED.,.F.,
  .F.,(2,2),(978.,1.002E+03),.PIECEWISE_BEZIER_KNOTS.);
#4582 = CARTESIAN_POINT('',(-2.,5.25));
#4583 = CARTESIAN_POINT('',(22.,5.25));
#4584 = ( GEOMETRIC_REPRESENTATION_CONTEXT(2) 
PARAMETRIC_REPRESENTATION_CONTEXT() REPRESENTATION_CONTEXT('2D SPACE',''
  ) );
#4585 = ORIENTED_EDGE('',*,*,#4586,.T.);
#4586 = EDGE_CURVE('',#4561,#4587,#4589,.T.);
#4587 = VERTEX_POINT('',#4588);
#4588 = CARTESIAN_POINT('',(-340.,970.94390236432,2.618242901278E+03));
#4589 = SURFACE_CURVE('',#4590,(#4595,#4602),.PCURVE_S1.);
#4590 = CIRCLE('',#4591,4.75);
#4591 = AXIS2_PLACEMENT_3D('',#4592,#4593,#4594);
#4592 = CARTESIAN_POINT('',(-340.,966.23058244993,2.618832066267E+03));
#4593 = DIRECTION('',(1.,0.,-0.));
#4594 = DIRECTION('',(0.,0.124034734589,0.992277876714));
#4595 = PCURVE('',#2792,#4596);
#4596 = DEFINITIONAL_REPRESENTATION('',(#4597),#4601);
#4597 = LINE('',#4598,#4599);
#4598 = CARTESIAN_POINT('',(0.,1.E+03));
#4599 = VECTOR('',#4600,1.);
#4600 = DIRECTION('',(1.,0.));
#4601 = ( GEOMETRIC_REPRESENTATION_CONTEXT(2) 
PARAMETRIC_REPRESENTATION_CONTEXT() REPRESENTATION_CONTEXT('2D SPACE',''
  ) );
#4602 = PCURVE('',#4603,#4608);
#4603 = PLANE('',#4604);
#4604 = AXIS2_PLACEMENT_3D('',#4605,#4606,#4607);
#4605 = CARTESIAN_POINT('',(-340.,952.21465744135,2.587327243681E+03));
#4606 = DIRECTION('',(1.,0.,-0.));
#4607 = DIRECTION('',(0.,0.124034734589,0.992277876714));
#4608 = DEFINITIONAL_REPRESENTATION('',(#4609),#4613);
#4609 = CIRCLE('',#4610,4.75);
#4610 = AXIS2_PLACEMENT_2D('',#4611,#4612);
#4611 = CARTESIAN_POINT('',(33.,-10.));
#4612 = DIRECTION('',(1.,0.));
#4613 = ( GEOMETRIC_REPRESENTATION_CONTEXT(2) 
PARAMETRIC_REPRESENTATION_CONTEXT() REPRESENTATION_CONTEXT('2D SPACE',''
  ) );
#4614 = ORIENTED_EDGE('',*,*,#4615,.F.);
#4615 = EDGE_CURVE('',#4532,#4587,#4616,.T.);
#4616 = SURFACE_CURVE('',#4617,(#4621,#4627),.PCURVE_S1.);
#4617 = LINE('',#4618,#4619);
#4618 = CARTESIAN_POINT('',(-1.34E+03,970.94390236432,2.618242901278E+03
    ));
#4619 = VECTOR('',#4620,1.);
#4620 = DIRECTION('',(1.,0.,0.));
#4621 = PCURVE('',#2792,#4622);
#4622 = DEFINITIONAL_REPRESENTATION('',(#4623),#4626);
#4623 = B_SPLINE_CURVE_WITH_KNOTS('',1,(#4624,#4625),.UNSPECIFIED.,.F.,
  .F.,(2,2),(978.,1.002E+03),.PIECEWISE_BEZIER_KNOTS.);
#4624 = CARTESIAN_POINT('',(4.712388980385,978.));
#4625 = CARTESIAN_POINT('',(4.712388980385,1.002E+03));
#4626 = ( GEOMETRIC_REPRESENTATION_CONTEXT(2) 
PARAMETRIC_REPRESENTATION_CONTEXT() REPRESENTATION_CONTEXT('2D SPACE',''
  ) );
#4627 = PCURVE('',#4628,#4633);
#4628 = PLANE('',#4629);
#4629 = AXIS2_PLACEMENT_3D('',#4630,#4631,#4632);
#4630 = CARTESIAN_POINT('',(-360.,956.30780368279,2.620072413613E+03));
#4631 = DIRECTION('',(0.,0.124034734589,0.992277876714));
#4632 = DIRECTION('',(1.,0.,-0.));
#4633 = DEFINITIONAL_REPRESENTATION('',(#4634),#4637);
#4634 = B_SPLINE_CURVE_WITH_KNOTS('',1,(#4635,#4636),.UNSPECIFIED.,.F.,
  .F.,(2,2),(978.,1.002E+03),.PIECEWISE_BEZIER_KNOTS.);
#4635 = CARTESIAN_POINT('',(-2.,14.75));
#4636 = CARTESIAN_POINT('',(22.,14.75));
#4637 = ( GEOMETRIC_REPRESENTATION_CONTEXT(2) 
PARAMETRIC_REPRESENTATION_CONTEXT() REPRESENTATION_CONTEXT('2D SPACE',''
  ) );
#4638 = FACE_BOUND('',#4639,.T.);
#4639 = EDGE_LOOP('',(#4640,#4671,#4697,#4726));
#4640 = ORIENTED_EDGE('',*,*,#4641,.F.);
#4641 = EDGE_CURVE('',#4642,#4644,#4646,.T.);
#4642 = VERTEX_POINT('',#4643);
#4643 = CARTESIAN_POINT('',(340.,961.51726253554,2.619421231256E+03));
#4644 = VERTEX_POINT('',#4645);
#4645 = CARTESIAN_POINT('',(340.,970.94390236432,2.618242901278E+03));
#4646 = SURFACE_CURVE('',#4647,(#4652,#4659),.PCURVE_S1.);
#4647 = CIRCLE('',#4648,4.75);
#4648 = AXIS2_PLACEMENT_3D('',#4649,#4650,#4651);
#4649 = CARTESIAN_POINT('',(340.,966.23058244993,2.618832066267E+03));
#4650 = DIRECTION('',(1.,0.,-0.));
#4651 = DIRECTION('',(0.,0.124034734589,0.992277876714));
#4652 = PCURVE('',#2792,#4653);
#4653 = DEFINITIONAL_REPRESENTATION('',(#4654),#4658);
#4654 = LINE('',#4655,#4656);
#4655 = CARTESIAN_POINT('',(0.,1.68E+03));
#4656 = VECTOR('',#4657,1.);
#4657 = DIRECTION('',(1.,0.));
#4658 = ( GEOMETRIC_REPRESENTATION_CONTEXT(2) 
PARAMETRIC_REPRESENTATION_CONTEXT() REPRESENTATION_CONTEXT('2D SPACE',''
  ) );
#4659 = PCURVE('',#4660,#4665);
#4660 = PLANE('',#4661);
#4661 = AXIS2_PLACEMENT_3D('',#4662,#4663,#4664);
#4662 = CARTESIAN_POINT('',(340.,952.21465744135,2.587327243681E+03));
#4663 = DIRECTION('',(1.,0.,-0.));
#4664 = DIRECTION('',(0.,0.124034734589,0.992277876714));
#4665 = DEFINITIONAL_REPRESENTATION('',(#4666),#4670);
#4666 = CIRCLE('',#4667,4.75);
#4667 = AXIS2_PLACEMENT_2D('',#4668,#4669);
#4668 = CARTESIAN_POINT('',(33.,-10.));
#4669 = DIRECTION('',(1.,0.));
#4670 = ( GEOMETRIC_REPRESENTATION_CONTEXT(2) 
PARAMETRIC_REPRESENTATION_CONTEXT() REPRESENTATION_CONTEXT('2D SPACE',''
  ) );
#4671 = ORIENTED_EDGE('',*,*,#4672,.T.);
#4672 = EDGE_CURVE('',#4642,#4673,#4675,.T.);
#4673 = VERTEX_POINT('',#4674);
#4674 = CARTESIAN_POINT('',(360.,961.51726253554,2.619421231256E+03));
#4675 = SURFACE_CURVE('',#4676,(#4680,#4686),.PCURVE_S1.);
#4676 = LINE('',#4677,#4678);
#4677 = CARTESIAN_POINT('',(-1.34E+03,961.51726253554,2.619421231256E+03
    ));
#4678 = VECTOR('',#4679,1.);
#4679 = DIRECTION('',(1.,0.,0.));
#4680 = PCURVE('',#2792,#4681);
#4681 = DEFINITIONAL_REPRESENTATION('',(#4682),#4685);
#4682 = B_SPLINE_CURVE_WITH_KNOTS('',1,(#4683,#4684),.UNSPECIFIED.,.F.,
  .F.,(2,2),(1.678E+03,1.702E+03),.PIECEWISE_BEZIER_KNOTS.);
#4683 = CARTESIAN_POINT('',(1.570796326795,1.678E+03));
#4684 = CARTESIAN_POINT('',(1.570796326795,1.702E+03));
#4685 = ( GEOMETRIC_REPRESENTATION_CONTEXT(2) 
PARAMETRIC_REPRESENTATION_CONTEXT() REPRESENTATION_CONTEXT('2D SPACE',''
  ) );
#4686 = PCURVE('',#4687,#4692);
#4687 = PLANE('',#4688);
#4688 = AXIS2_PLACEMENT_3D('',#4689,#4690,#4691);
#4689 = CARTESIAN_POINT('',(340.,956.30780368279,2.620072413613E+03));
#4690 = DIRECTION('',(0.,0.124034734589,0.992277876714));
#4691 = DIRECTION('',(1.,0.,-0.));
#4692 = DEFINITIONAL_REPRESENTATION('',(#4693),#4696);
#4693 = B_SPLINE_CURVE_WITH_KNOTS('',1,(#4694,#4695),.UNSPECIFIED.,.F.,
  .F.,(2,2),(1.678E+03,1.702E+03),.PIECEWISE_BEZIER_KNOTS.);
#4694 = CARTESIAN_POINT('',(-2.,5.25));
#4695 = CARTESIAN_POINT('',(22.,5.25));
#4696 = ( GEOMETRIC_REPRESENTATION_CONTEXT(2) 
PARAMETRIC_REPRESENTATION_CONTEXT() REPRESENTATION_CONTEXT('2D SPACE',''
  ) );
#4697 = ORIENTED_EDGE('',*,*,#4698,.T.);
#4698 = EDGE_CURVE('',#4673,#4699,#4701,.T.);
#4699 = VERTEX_POINT('',#4700);
#4700 = CARTESIAN_POINT('',(360.,970.94390236432,2.618242901278E+03));
#4701 = SURFACE_CURVE('',#4702,(#4707,#4714),.PCURVE_S1.);
#4702 = CIRCLE('',#4703,4.75);
#4703 = AXIS2_PLACEMENT_3D('',#4704,#4705,#4706);
#4704 = CARTESIAN_POINT('',(360.,966.23058244993,2.618832066267E+03));
#4705 = DIRECTION('',(1.,0.,-0.));
#4706 = DIRECTION('',(0.,0.124034734589,0.992277876714));
#4707 = PCURVE('',#2792,#4708);
#4708 = DEFINITIONAL_REPRESENTATION('',(#4709),#4713);
#4709 = LINE('',#4710,#4711);
#4710 = CARTESIAN_POINT('',(0.,1.7E+03));
#4711 = VECTOR('',#4712,1.);
#4712 = DIRECTION('',(1.,0.));
#4713 = ( GEOMETRIC_REPRESENTATION_CONTEXT(2) 
PARAMETRIC_REPRESENTATION_CONTEXT() REPRESENTATION_CONTEXT('2D SPACE',''
  ) );
#4714 = PCURVE('',#4715,#4720);
#4715 = PLANE('',#4716);
#4716 = AXIS2_PLACEMENT_3D('',#4717,#4718,#4719);
#4717 = CARTESIAN_POINT('',(360.,952.21465744135,2.587327243681E+03));
#4718 = DIRECTION('',(1.,0.,-0.));
#4719 = DIRECTION('',(0.,0.124034734589,0.992277876714));
#4720 = DEFINITIONAL_REPRESENTATION('',(#4721),#4725);
#4721 = CIRCLE('',#4722,4.75);
#4722 = AXIS2_PLACEMENT_2D('',#4723,#4724);
#4723 = CARTESIAN_POINT('',(33.,-10.));
#4724 = DIRECTION('',(1.,0.));
#4725 = ( GEOMETRIC_REPRESENTATION_CONTEXT(2) 
PARAMETRIC_REPRESENTATION_CONTEXT() REPRESENTATION_CONTEXT('2D SPACE',''
  ) );
#4726 = ORIENTED_EDGE('',*,*,#4727,.F.);
#4727 = EDGE_CURVE('',#4644,#4699,#4728,.T.);
#4728 = SURFACE_CURVE('',#4729,(#4733,#4739),.PCURVE_S1.);
#4729 = LINE('',#4730,#4731);
#4730 = CARTESIAN_POINT('',(-1.34E+03,970.94390236432,2.618242901278E+03
    ));
#4731 = VECTOR('',#4732,1.);
#4732 = DIRECTION('',(1.,0.,0.));
#4733 = PCURVE('',#2792,#4734);
#4734 = DEFINITIONAL_REPRESENTATION('',(#4735),#4738);
#4735 = B_SPLINE_CURVE_WITH_KNOTS('',1,(#4736,#4737),.UNSPECIFIED.,.F.,
  .F.,(2,2),(1.678E+03,1.702E+03),.PIECEWISE_BEZIER_KNOTS.);
#4736 = CARTESIAN_POINT('',(4.712388980385,1.678E+03));
#4737 = CARTESIAN_POINT('',(4.712388980385,1.702E+03));
#4738 = ( GEOMETRIC_REPRESENTATION_CONTEXT(2) 
PARAMETRIC_REPRESENTATION_CONTEXT() REPRESENTATION_CONTEXT('2D SPACE',''
  ) );
#4739 = PCURVE('',#4740,#4745);
#4740 = PLANE('',#4741);
#4741 = AXIS2_PLACEMENT_3D('',#4742,#4743,#4744);
#4742 = CARTESIAN_POINT('',(340.,956.30780368279,2.620072413613E+03));
#4743 = DIRECTION('',(0.,0.124034734589,0.992277876714));
#4744 = DIRECTION('',(1.,0.,-0.));
#4745 = DEFINITIONAL_REPRESENTATION('',(#4746),#4749);
#4746 = B_SPLINE_CURVE_WITH_KNOTS('',1,(#4747,#4748),.UNSPECIFIED.,.F.,
  .F.,(2,2),(1.678E+03,1.702E+03),.PIECEWISE_BEZIER_KNOTS.);
#4747 = CARTESIAN_POINT('',(-2.,14.75));
#4748 = CARTESIAN_POINT('',(22.,14.75));
#4749 = ( GEOMETRIC_REPRESENTATION_CONTEXT(2) 
PARAMETRIC_REPRESENTATION_CONTEXT() REPRESENTATION_CONTEXT('2D SPACE',''
  ) );
#4750 = FACE_BOUND('',#4751,.T.);
#4751 = EDGE_LOOP('',(#4752,#4783,#4809,#4838));
#4752 = ORIENTED_EDGE('',*,*,#4753,.F.);
#4753 = EDGE_CURVE('',#4754,#4756,#4758,.T.);
#4754 = VERTEX_POINT('',#4755);
#4755 = CARTESIAN_POINT('',(1.04E+03,961.51726253554,2.619421231256E+03)
  );
#4756 = VERTEX_POINT('',#4757);
#4757 = CARTESIAN_POINT('',(1.04E+03,970.94390236432,2.618242901278E+03)
  );
#4758 = SURFACE_CURVE('',#4759,(#4764,#4771),.PCURVE_S1.);
#4759 = CIRCLE('',#4760,4.75);
#4760 = AXIS2_PLACEMENT_3D('',#4761,#4762,#4763);
#4761 = CARTESIAN_POINT('',(1.04E+03,966.23058244993,2.618832066267E+03)
  );
#4762 = DIRECTION('',(1.,0.,-0.));
#4763 = DIRECTION('',(0.,0.124034734589,0.992277876714));
#4764 = PCURVE('',#2792,#4765);
#4765 = DEFINITIONAL_REPRESENTATION('',(#4766),#4770);
#4766 = LINE('',#4767,#4768);
#4767 = CARTESIAN_POINT('',(0.,2.38E+03));
#4768 = VECTOR('',#4769,1.);
#4769 = DIRECTION('',(1.,0.));
#4770 = ( GEOMETRIC_REPRESENTATION_CONTEXT(2) 
PARAMETRIC_REPRESENTATION_CONTEXT() REPRESENTATION_CONTEXT('2D SPACE',''
  ) );
#4771 = PCURVE('',#4772,#4777);
#4772 = PLANE('',#4773);
#4773 = AXIS2_PLACEMENT_3D('',#4774,#4775,#4776);
#4774 = CARTESIAN_POINT('',(1.04E+03,952.21465744135,2.587327243681E+03)
  );
#4775 = DIRECTION('',(1.,0.,-0.));
#4776 = DIRECTION('',(0.,0.124034734589,0.992277876714));
#4777 = DEFINITIONAL_REPRESENTATION('',(#4778),#4782);
#4778 = CIRCLE('',#4779,4.75);
#4779 = AXIS2_PLACEMENT_2D('',#4780,#4781);
#4780 = CARTESIAN_POINT('',(33.,-10.));
#4781 = DIRECTION('',(1.,0.));
#4782 = ( GEOMETRIC_REPRESENTATION_CONTEXT(2) 
PARAMETRIC_REPRESENTATION_CONTEXT() REPRESENTATION_CONTEXT('2D SPACE',''
  ) );
#4783 = ORIENTED_EDGE('',*,*,#4784,.T.);
#4784 = EDGE_CURVE('',#4754,#4785,#4787,.T.);
#4785 = VERTEX_POINT('',#4786);
#4786 = CARTESIAN_POINT('',(1.06E+03,961.51726253554,2.619421231256E+03)
  );
#4787 = SURFACE_CURVE('',#4788,(#4792,#4798),.PCURVE_S1.);
#4788 = LINE('',#4789,#4790);
#4789 = CARTESIAN_POINT('',(-1.34E+03,961.51726253554,2.619421231256E+03
    ));
#4790 = VECTOR('',#4791,1.);
#4791 = DIRECTION('',(1.,0.,0.));
#4792 = PCURVE('',#2792,#4793);
#4793 = DEFINITIONAL_REPRESENTATION('',(#4794),#4797);
#4794 = B_SPLINE_CURVE_WITH_KNOTS('',1,(#4795,#4796),.UNSPECIFIED.,.F.,
  .F.,(2,2),(2.378E+03,2.402E+03),.PIECEWISE_BEZIER_KNOTS.);
#4795 = CARTESIAN_POINT('',(1.570796326795,2.378E+03));
#4796 = CARTESIAN_POINT('',(1.570796326795,2.402E+03));
#4797 = ( GEOMETRIC_REPRESENTATION_CONTEXT(2) 
PARAMETRIC_REPRESENTATION_CONTEXT() REPRESENTATION_CONTEXT('2D SPACE',''
  ) );
#4798 = PCURVE('',#4799,#4804);
#4799 = PLANE('',#4800);
#4800 = AXIS2_PLACEMENT_3D('',#4801,#4802,#4803);
#4801 = CARTESIAN_POINT('',(1.04E+03,956.30780368279,2.620072413613E+03)
  );
#4802 = DIRECTION('',(0.,0.124034734589,0.992277876714));
#4803 = DIRECTION('',(1.,0.,-0.));
#4804 = DEFINITIONAL_REPRESENTATION('',(#4805),#4808);
#4805 = B_SPLINE_CURVE_WITH_KNOTS('',1,(#4806,#4807),.UNSPECIFIED.,.F.,
  .F.,(2,2),(2.378E+03,2.402E+03),.PIECEWISE_BEZIER_KNOTS.);
#4806 = CARTESIAN_POINT('',(-2.,5.25));
#4807 = CARTESIAN_POINT('',(22.,5.25));
#4808 = ( GEOMETRIC_REPRESENTATION_CONTEXT(2) 
PARAMETRIC_REPRESENTATION_CONTEXT() REPRESENTATION_CONTEXT('2D SPACE',''
  ) );
#4809 = ORIENTED_EDGE('',*,*,#4810,.T.);
#4810 = EDGE_CURVE('',#4785,#4811,#4813,.T.);
#4811 = VERTEX_POINT('',#4812);
#4812 = CARTESIAN_POINT('',(1.06E+03,970.94390236432,2.618242901278E+03)
  );
#4813 = SURFACE_CURVE('',#4814,(#4819,#4826),.PCURVE_S1.);
#4814 = CIRCLE('',#4815,4.75);
#4815 = AXIS2_PLACEMENT_3D('',#4816,#4817,#4818);
#4816 = CARTESIAN_POINT('',(1.06E+03,966.23058244993,2.618832066267E+03)
  );
#4817 = DIRECTION('',(1.,0.,-0.));
#4818 = DIRECTION('',(0.,0.124034734589,0.992277876714));
#4819 = PCURVE('',#2792,#4820);
#4820 = DEFINITIONAL_REPRESENTATION('',(#4821),#4825);
#4821 = LINE('',#4822,#4823);
#4822 = CARTESIAN_POINT('',(0.,2.4E+03));
#4823 = VECTOR('',#4824,1.);
#4824 = DIRECTION('',(1.,0.));
#4825 = ( GEOMETRIC_REPRESENTATION_CONTEXT(2) 
PARAMETRIC_REPRESENTATION_CONTEXT() REPRESENTATION_CONTEXT('2D SPACE',''
  ) );
#4826 = PCURVE('',#4827,#4832);
#4827 = PLANE('',#4828);
#4828 = AXIS2_PLACEMENT_3D('',#4829,#4830,#4831);
#4829 = CARTESIAN_POINT('',(1.06E+03,952.21465744135,2.587327243681E+03)
  );
#4830 = DIRECTION('',(1.,0.,-0.));
#4831 = DIRECTION('',(0.,0.124034734589,0.992277876714));
#4832 = DEFINITIONAL_REPRESENTATION('',(#4833),#4837);
#4833 = CIRCLE('',#4834,4.75);
#4834 = AXIS2_PLACEMENT_2D('',#4835,#4836);
#4835 = CARTESIAN_POINT('',(33.,-10.));
#4836 = DIRECTION('',(1.,0.));
#4837 = ( GEOMETRIC_REPRESENTATION_CONTEXT(2) 
PARAMETRIC_REPRESENTATION_CONTEXT() REPRESENTATION_CONTEXT('2D SPACE',''
  ) );
#4838 = ORIENTED_EDGE('',*,*,#4839,.F.);
#4839 = EDGE_CURVE('',#4756,#4811,#4840,.T.);
#4840 = SURFACE_CURVE('',#4841,(#4845,#4851),.PCURVE_S1.);
#4841 = LINE('',#4842,#4843);
#4842 = CARTESIAN_POINT('',(-1.34E+03,970.94390236432,2.618242901278E+03
    ));
#4843 = VECTOR('',#4844,1.);
#4844 = DIRECTION('',(1.,0.,0.));
#4845 = PCURVE('',#2792,#4846);
#4846 = DEFINITIONAL_REPRESENTATION('',(#4847),#4850);
#4847 = B_SPLINE_CURVE_WITH_KNOTS('',1,(#4848,#4849),.UNSPECIFIED.,.F.,
  .F.,(2,2),(2.378E+03,2.402E+03),.PIECEWISE_BEZIER_KNOTS.);
#4848 = CARTESIAN_POINT('',(4.712388980385,2.378E+03));
#4849 = CARTESIAN_POINT('',(4.712388980385,2.402E+03));
#4850 = ( GEOMETRIC_REPRESENTATION_CONTEXT(2) 
PARAMETRIC_REPRESENTATION_CONTEXT() REPRESENTATION_CONTEXT('2D SPACE',''
  ) );
#4851 = PCURVE('',#4852,#4857);
#4852 = PLANE('',#4853);
#4853 = AXIS2_PLACEMENT_3D('',#4854,#4855,#4856);
#4854 = CARTESIAN_POINT('',(1.04E+03,956.30780368279,2.620072413613E+03)
  );
#4855 = DIRECTION('',(0.,0.124034734589,0.992277876714));
#4856 = DIRECTION('',(1.,0.,-0.));
#4857 = DEFINITIONAL_REPRESENTATION('',(#4858),#4861);
#4858 = B_SPLINE_CURVE_WITH_KNOTS('',1,(#4859,#4860),.UNSPECIFIED.,.F.,
  .F.,(2,2),(2.378E+03,2.402E+03),.PIECEWISE_BEZIER_KNOTS.);
#4859 = CARTESIAN_POINT('',(-2.,14.75));
#4860 = CARTESIAN_POINT('',(22.,14.75));
#4861 = ( GEOMETRIC_REPRESENTATION_CONTEXT(2) 
PARAMETRIC_REPRESENTATION_CONTEXT() REPRESENTATION_CONTEXT('2D SPACE',''
  ) );
#4862 = ADVANCED_FACE('',(#4863),#2757,.T.);
#4863 = FACE_BOUND('',#4864,.T.);
#4864 = EDGE_LOOP('',(#4865,#4866));
#4865 = ORIENTED_EDGE('',*,*,#2740,.T.);
#4866 = ORIENTED_EDGE('',*,*,#4867,.F.);
#4867 = EDGE_CURVE('',#2741,#2718,#4868,.T.);
#4868 = SURFACE_CURVE('',#4869,(#4873,#4879),.PCURVE_S1.);
#4869 = LINE('',#4870,#4871);
#4870 = CARTESIAN_POINT('',(-1.34E+03,966.23058244993,2.618832066267E+03
    ));
#4871 = VECTOR('',#4872,1.);
#4872 = DIRECTION('',(0.,0.124034734589,0.992277876714));
#4873 = PCURVE('',#2757,#4874);
#4874 = DEFINITIONAL_REPRESENTATION('',(#4875),#4878);
#4875 = B_SPLINE_CURVE_WITH_KNOTS('',1,(#4876,#4877),.UNSPECIFIED.,.F.,
  .F.,(2,2),(-4.75,4.75),.PIECEWISE_BEZIER_KNOTS.);
#4876 = CARTESIAN_POINT('',(-4.75,0.));
#4877 = CARTESIAN_POINT('',(4.75,0.));
#4878 = ( GEOMETRIC_REPRESENTATION_CONTEXT(2) 
PARAMETRIC_REPRESENTATION_CONTEXT() REPRESENTATION_CONTEXT('2D SPACE',''
  ) );
#4879 = PCURVE('',#4350,#4880);
#4880 = DEFINITIONAL_REPRESENTATION('',(#4881),#4884);
#4881 = B_SPLINE_CURVE_WITH_KNOTS('',1,(#4882,#4883),.UNSPECIFIED.,.F.,
  .F.,(2,2),(-4.75,4.75),.PIECEWISE_BEZIER_KNOTS.);
#4882 = CARTESIAN_POINT('',(-4.75,0.));
#4883 = CARTESIAN_POINT('',(4.75,0.));
#4884 = ( GEOMETRIC_REPRESENTATION_CONTEXT(2) 
PARAMETRIC_REPRESENTATION_CONTEXT() REPRESENTATION_CONTEXT('2D SPACE',''
  ) );
#4885 = ADVANCED_FACE('',(#4886),#2944,.F.);
#4886 = FACE_BOUND('',#4887,.F.);
#4887 = EDGE_LOOP('',(#4888,#4889));
#4888 = ORIENTED_EDGE('',*,*,#2931,.T.);
#4889 = ORIENTED_EDGE('',*,*,#3011,.T.);
#4890 = ADVANCED_FACE('',(#4891),#2978,.T.);
#4891 = FACE_BOUND('',#4892,.T.);
#4892 = EDGE_LOOP('',(#4893,#4912));
#4893 = ORIENTED_EDGE('',*,*,#4894,.T.);
#4894 = EDGE_CURVE('',#2962,#2960,#4895,.T.);
#4895 = SURFACE_CURVE('',#4896,(#4900,#4906),.PCURVE_S1.);
#4896 = LINE('',#4897,#4898);
#4897 = CARTESIAN_POINT('',(1.34E+03,966.23058244993,2.618832066267E+03)
  );
#4898 = VECTOR('',#4899,1.);
#4899 = DIRECTION('',(0.,0.124034734589,0.992277876714));
#4900 = PCURVE('',#2978,#4901);
#4901 = DEFINITIONAL_REPRESENTATION('',(#4902),#4905);
#4902 = B_SPLINE_CURVE_WITH_KNOTS('',1,(#4903,#4904),.UNSPECIFIED.,.F.,
  .F.,(2,2),(-4.75,4.75),.PIECEWISE_BEZIER_KNOTS.);
#4903 = CARTESIAN_POINT('',(-4.75,0.));
#4904 = CARTESIAN_POINT('',(4.75,0.));
#4905 = ( GEOMETRIC_REPRESENTATION_CONTEXT(2) 
PARAMETRIC_REPRESENTATION_CONTEXT() REPRESENTATION_CONTEXT('2D SPACE',''
  ) );
#4906 = PCURVE('',#4398,#4907);
#4907 = DEFINITIONAL_REPRESENTATION('',(#4908),#4911);
#4908 = B_SPLINE_CURVE_WITH_KNOTS('',1,(#4909,#4910),.UNSPECIFIED.,.F.,
  .F.,(2,2),(-4.75,4.75),.PIECEWISE_BEZIER_KNOTS.);
#4909 = CARTESIAN_POINT('',(-4.75,0.));
#4910 = CARTESIAN_POINT('',(4.75,0.));
#4911 = ( GEOMETRIC_REPRESENTATION_CONTEXT(2) 
PARAMETRIC_REPRESENTATION_CONTEXT() REPRESENTATION_CONTEXT('2D SPACE',''
  ) );
#4912 = ORIENTED_EDGE('',*,*,#2959,.T.);
#4913 = ADVANCED_FACE('',(#4914),#3212,.T.);
#4914 = FACE_BOUND('',#4915,.T.);
#4915 = EDGE_LOOP('',(#4916,#4937,#4938,#4939));
#4916 = ORIENTED_EDGE('',*,*,#4917,.F.);
#4917 = EDGE_CURVE('',#3169,#3345,#4918,.T.);
#4918 = SURFACE_CURVE('',#4919,(#4923,#4930),.PCURVE_S1.);
#4919 = LINE('',#4920,#4921);
#4920 = CARTESIAN_POINT('',(-1.06E+03,-972.8044233831,2.827954628784E+03
    ));
#4921 = VECTOR('',#4922,1.);
#4922 = DIRECTION('',(1.,0.,-0.));
#4923 = PCURVE('',#3212,#4924);
#4924 = DEFINITIONAL_REPRESENTATION('',(#4925),#4929);
#4925 = LINE('',#4926,#4927);
#4926 = CARTESIAN_POINT('',(0.,0.));
#4927 = VECTOR('',#4928,1.);
#4928 = DIRECTION('',(0.,1.));
#4929 = ( GEOMETRIC_REPRESENTATION_CONTEXT(2) 
PARAMETRIC_REPRESENTATION_CONTEXT() REPRESENTATION_CONTEXT('2D SPACE',''
  ) );
#4930 = PCURVE('',#3184,#4931);
#4931 = DEFINITIONAL_REPRESENTATION('',(#4932),#4936);
#4932 = LINE('',#4933,#4934);
#4933 = CARTESIAN_POINT('',(0.,20.));
#4934 = VECTOR('',#4935,1.);
#4935 = DIRECTION('',(1.,0.));
#4936 = ( GEOMETRIC_REPRESENTATION_CONTEXT(2) 
PARAMETRIC_REPRESENTATION_CONTEXT() REPRESENTATION_CONTEXT('2D SPACE',''
  ) );
#4937 = ORIENTED_EDGE('',*,*,#3196,.T.);
#4938 = ORIENTED_EDGE('',*,*,#3274,.T.);
#4939 = ORIENTED_EDGE('',*,*,#3367,.F.);
#4940 = ADVANCED_FACE('',(#4941),#3184,.F.);
#4941 = FACE_BOUND('',#4942,.F.);
#4942 = EDGE_LOOP('',(#4943,#4944,#4965,#4966));
#4943 = ORIENTED_EDGE('',*,*,#3168,.F.);
#4944 = ORIENTED_EDGE('',*,*,#4945,.T.);
#4945 = EDGE_CURVE('',#3141,#3322,#4946,.T.);
#4946 = SURFACE_CURVE('',#4947,(#4951,#4958),.PCURVE_S1.);
#4947 = LINE('',#4948,#4949);
#4948 = CARTESIAN_POINT('',(-1.06E+03,-992.6499809174,2.830435323476E+03
    ));
#4949 = VECTOR('',#4950,1.);
#4950 = DIRECTION('',(1.,0.,-0.));
#4951 = PCURVE('',#3184,#4952);
#4952 = DEFINITIONAL_REPRESENTATION('',(#4953),#4957);
#4953 = LINE('',#4954,#4955);
#4954 = CARTESIAN_POINT('',(0.,0.));
#4955 = VECTOR('',#4956,1.);
#4956 = DIRECTION('',(1.,0.));
#4957 = ( GEOMETRIC_REPRESENTATION_CONTEXT(2) 
PARAMETRIC_REPRESENTATION_CONTEXT() REPRESENTATION_CONTEXT('2D SPACE',''
  ) );
#4958 = PCURVE('',#3156,#4959);
#4959 = DEFINITIONAL_REPRESENTATION('',(#4960),#4964);
#4960 = LINE('',#4961,#4962);
#4961 = CARTESIAN_POINT('',(0.,0.));
#4962 = VECTOR('',#4963,1.);
#4963 = DIRECTION('',(0.,1.));
#4964 = ( GEOMETRIC_REPRESENTATION_CONTEXT(2) 
PARAMETRIC_REPRESENTATION_CONTEXT() REPRESENTATION_CONTEXT('2D SPACE',''
  ) );
#4965 = ORIENTED_EDGE('',*,*,#3344,.T.);
#4966 = ORIENTED_EDGE('',*,*,#4917,.F.);
#4967 = ADVANCED_FACE('',(#4968),#3156,.F.);
#4968 = FACE_BOUND('',#4969,.F.);
#4969 = EDGE_LOOP('',(#4970,#4971,#4972,#4973));
#4970 = ORIENTED_EDGE('',*,*,#4945,.F.);
#4971 = ORIENTED_EDGE('',*,*,#3140,.T.);
#4972 = ORIENTED_EDGE('',*,*,#3394,.T.);
#4973 = ORIENTED_EDGE('',*,*,#3321,.F.);
#4974 = ADVANCED_FACE('',(#4975),#3515,.T.);
#4975 = FACE_BOUND('',#4976,.T.);
#4976 = EDGE_LOOP('',(#4977,#4998,#4999,#5000));
#4977 = ORIENTED_EDGE('',*,*,#4978,.F.);
#4978 = EDGE_CURVE('',#3472,#3648,#4979,.T.);
#4979 = SURFACE_CURVE('',#4980,(#4984,#4991),.PCURVE_S1.);
#4980 = LINE('',#4981,#4982);
#4981 = CARTESIAN_POINT('',(-360.,-972.8044233831,2.827954628784E+03));
#4982 = VECTOR('',#4983,1.);
#4983 = DIRECTION('',(1.,0.,-0.));
#4984 = PCURVE('',#3515,#4985);
#4985 = DEFINITIONAL_REPRESENTATION('',(#4986),#4990);
#4986 = LINE('',#4987,#4988);
#4987 = CARTESIAN_POINT('',(0.,0.));
#4988 = VECTOR('',#4989,1.);
#4989 = DIRECTION('',(0.,1.));
#4990 = ( GEOMETRIC_REPRESENTATION_CONTEXT(2) 
PARAMETRIC_REPRESENTATION_CONTEXT() REPRESENTATION_CONTEXT('2D SPACE',''
  ) );
#4991 = PCURVE('',#3487,#4992);
#4992 = DEFINITIONAL_REPRESENTATION('',(#4993),#4997);
#4993 = LINE('',#4994,#4995);
#4994 = CARTESIAN_POINT('',(0.,20.));
#4995 = VECTOR('',#4996,1.);
#4996 = DIRECTION('',(1.,0.));
#4997 = ( GEOMETRIC_REPRESENTATION_CONTEXT(2) 
PARAMETRIC_REPRESENTATION_CONTEXT() REPRESENTATION_CONTEXT('2D SPACE',''
  ) );
#4998 = ORIENTED_EDGE('',*,*,#3499,.T.);
#4999 = ORIENTED_EDGE('',*,*,#3577,.T.);
#5000 = ORIENTED_EDGE('',*,*,#3670,.F.);
#5001 = ADVANCED_FACE('',(#5002),#3487,.F.);
#5002 = FACE_BOUND('',#5003,.F.);
#5003 = EDGE_LOOP('',(#5004,#5005,#5026,#5027));
#5004 = ORIENTED_EDGE('',*,*,#3471,.F.);
#5005 = ORIENTED_EDGE('',*,*,#5006,.T.);
#5006 = EDGE_CURVE('',#3444,#3625,#5007,.T.);
#5007 = SURFACE_CURVE('',#5008,(#5012,#5019),.PCURVE_S1.);
#5008 = LINE('',#5009,#5010);
#5009 = CARTESIAN_POINT('',(-360.,-992.6499809174,2.830435323476E+03));
#5010 = VECTOR('',#5011,1.);
#5011 = DIRECTION('',(1.,0.,-0.));
#5012 = PCURVE('',#3487,#5013);
#5013 = DEFINITIONAL_REPRESENTATION('',(#5014),#5018);
#5014 = LINE('',#5015,#5016);
#5015 = CARTESIAN_POINT('',(0.,0.));
#5016 = VECTOR('',#5017,1.);
#5017 = DIRECTION('',(1.,0.));
#5018 = ( GEOMETRIC_REPRESENTATION_CONTEXT(2) 
PARAMETRIC_REPRESENTATION_CONTEXT() REPRESENTATION_CONTEXT('2D SPACE',''
  ) );
#5019 = PCURVE('',#3459,#5020);
#5020 = DEFINITIONAL_REPRESENTATION('',(#5021),#5025);
#5021 = LINE('',#5022,#5023);
#5022 = CARTESIAN_POINT('',(0.,0.));
#5023 = VECTOR('',#5024,1.);
#5024 = DIRECTION('',(0.,1.));
#5025 = ( GEOMETRIC_REPRESENTATION_CONTEXT(2) 
PARAMETRIC_REPRESENTATION_CONTEXT() REPRESENTATION_CONTEXT('2D SPACE',''
  ) );
#5026 = ORIENTED_EDGE('',*,*,#3647,.T.);
#5027 = ORIENTED_EDGE('',*,*,#4978,.F.);
#5028 = ADVANCED_FACE('',(#5029),#3459,.F.);
#5029 = FACE_BOUND('',#5030,.F.);
#5030 = EDGE_LOOP('',(#5031,#5032,#5033,#5034));
#5031 = ORIENTED_EDGE('',*,*,#5006,.F.);
#5032 = ORIENTED_EDGE('',*,*,#3443,.T.);
#5033 = ORIENTED_EDGE('',*,*,#3697,.T.);
#5034 = ORIENTED_EDGE('',*,*,#3624,.F.);
#5035 = ADVANCED_FACE('',(#5036),#3818,.T.);
#5036 = FACE_BOUND('',#5037,.T.);
#5037 = EDGE_LOOP('',(#5038,#5059,#5060,#5061));
#5038 = ORIENTED_EDGE('',*,*,#5039,.F.);
#5039 = EDGE_CURVE('',#3775,#3951,#5040,.T.);
#5040 = SURFACE_CURVE('',#5041,(#5045,#5052),.PCURVE_S1.);
#5041 = LINE('',#5042,#5043);
#5042 = CARTESIAN_POINT('',(340.,-972.8044233831,2.827954628784E+03));
#5043 = VECTOR('',#5044,1.);
#5044 = DIRECTION('',(1.,0.,-0.));
#5045 = PCURVE('',#3818,#5046);
#5046 = DEFINITIONAL_REPRESENTATION('',(#5047),#5051);
#5047 = LINE('',#5048,#5049);
#5048 = CARTESIAN_POINT('',(0.,0.));
#5049 = VECTOR('',#5050,1.);
#5050 = DIRECTION('',(0.,1.));
#5051 = ( GEOMETRIC_REPRESENTATION_CONTEXT(2) 
PARAMETRIC_REPRESENTATION_CONTEXT() REPRESENTATION_CONTEXT('2D SPACE',''
  ) );
#5052 = PCURVE('',#3790,#5053);
#5053 = DEFINITIONAL_REPRESENTATION('',(#5054),#5058);
#5054 = LINE('',#5055,#5056);
#5055 = CARTESIAN_POINT('',(0.,20.));
#5056 = VECTOR('',#5057,1.);
#5057 = DIRECTION('',(1.,0.));
#5058 = ( GEOMETRIC_REPRESENTATION_CONTEXT(2) 
PARAMETRIC_REPRESENTATION_CONTEXT() REPRESENTATION_CONTEXT('2D SPACE',''
  ) );
#5059 = ORIENTED_EDGE('',*,*,#3802,.T.);
#5060 = ORIENTED_EDGE('',*,*,#3880,.T.);
#5061 = ORIENTED_EDGE('',*,*,#3973,.F.);
#5062 = ADVANCED_FACE('',(#5063),#3790,.F.);
#5063 = FACE_BOUND('',#5064,.F.);
#5064 = EDGE_LOOP('',(#5065,#5066,#5087,#5088));
#5065 = ORIENTED_EDGE('',*,*,#3774,.F.);
#5066 = ORIENTED_EDGE('',*,*,#5067,.T.);
#5067 = EDGE_CURVE('',#3747,#3928,#5068,.T.);
#5068 = SURFACE_CURVE('',#5069,(#5073,#5080),.PCURVE_S1.);
#5069 = LINE('',#5070,#5071);
#5070 = CARTESIAN_POINT('',(340.,-992.6499809174,2.830435323476E+03));
#5071 = VECTOR('',#5072,1.);
#5072 = DIRECTION('',(1.,0.,-0.));
#5073 = PCURVE('',#3790,#5074);
#5074 = DEFINITIONAL_REPRESENTATION('',(#5075),#5079);
#5075 = LINE('',#5076,#5077);
#5076 = CARTESIAN_POINT('',(0.,0.));
#5077 = VECTOR('',#5078,1.);
#5078 = DIRECTION('',(1.,0.));
#5079 = ( GEOMETRIC_REPRESENTATION_CONTEXT(2) 
PARAMETRIC_REPRESENTATION_CONTEXT() REPRESENTATION_CONTEXT('2D SPACE',''
  ) );
#5080 = PCURVE('',#3762,#5081);
#5081 = DEFINITIONAL_REPRESENTATION('',(#5082),#5086);
#5082 = LINE('',#5083,#5084);
#5083 = CARTESIAN_POINT('',(0.,0.));
#5084 = VECTOR('',#5085,1.);
#5085 = DIRECTION('',(0.,1.));
#5086 = ( GEOMETRIC_REPRESENTATION_CONTEXT(2) 
PARAMETRIC_REPRESENTATION_CONTEXT() REPRESENTATION_CONTEXT('2D SPACE',''
  ) );
#5087 = ORIENTED_EDGE('',*,*,#3950,.T.);
#5088 = ORIENTED_EDGE('',*,*,#5039,.F.);
#5089 = ADVANCED_FACE('',(#5090),#3762,.F.);
#5090 = FACE_BOUND('',#5091,.F.);
#5091 = EDGE_LOOP('',(#5092,#5093,#5094,#5095));
#5092 = ORIENTED_EDGE('',*,*,#5067,.F.);
#5093 = ORIENTED_EDGE('',*,*,#3746,.T.);
#5094 = ORIENTED_EDGE('',*,*,#4000,.T.);
#5095 = ORIENTED_EDGE('',*,*,#3927,.F.);
#5096 = ADVANCED_FACE('',(#5097),#4121,.T.);
#5097 = FACE_BOUND('',#5098,.T.);
#5098 = EDGE_LOOP('',(#5099,#5120,#5121,#5122));
#5099 = ORIENTED_EDGE('',*,*,#5100,.F.);
#5100 = EDGE_CURVE('',#4078,#4254,#5101,.T.);
#5101 = SURFACE_CURVE('',#5102,(#5106,#5113),.PCURVE_S1.);
#5102 = LINE('',#5103,#5104);
#5103 = CARTESIAN_POINT('',(1.04E+03,-972.8044233831,2.827954628784E+03)
  );
#5104 = VECTOR('',#5105,1.);
#5105 = DIRECTION('',(1.,0.,-0.));
#5106 = PCURVE('',#4121,#5107);
#5107 = DEFINITIONAL_REPRESENTATION('',(#5108),#5112);
#5108 = LINE('',#5109,#5110);
#5109 = CARTESIAN_POINT('',(0.,0.));
#5110 = VECTOR('',#5111,1.);
#5111 = DIRECTION('',(0.,1.));
#5112 = ( GEOMETRIC_REPRESENTATION_CONTEXT(2) 
PARAMETRIC_REPRESENTATION_CONTEXT() REPRESENTATION_CONTEXT('2D SPACE',''
  ) );
#5113 = PCURVE('',#4093,#5114);
#5114 = DEFINITIONAL_REPRESENTATION('',(#5115),#5119);
#5115 = LINE('',#5116,#5117);
#5116 = CARTESIAN_POINT('',(0.,20.));
#5117 = VECTOR('',#5118,1.);
#5118 = DIRECTION('',(1.,0.));
#5119 = ( GEOMETRIC_REPRESENTATION_CONTEXT(2) 
PARAMETRIC_REPRESENTATION_CONTEXT() REPRESENTATION_CONTEXT('2D SPACE',''
  ) );
#5120 = ORIENTED_EDGE('',*,*,#4105,.T.);
#5121 = ORIENTED_EDGE('',*,*,#4183,.T.);
#5122 = ORIENTED_EDGE('',*,*,#4276,.F.);
#5123 = ADVANCED_FACE('',(#5124),#4093,.F.);
#5124 = FACE_BOUND('',#5125,.F.);
#5125 = EDGE_LOOP('',(#5126,#5127,#5148,#5149));
#5126 = ORIENTED_EDGE('',*,*,#4077,.F.);
#5127 = ORIENTED_EDGE('',*,*,#5128,.T.);
#5128 = EDGE_CURVE('',#4050,#4231,#5129,.T.);
#5129 = SURFACE_CURVE('',#5130,(#5134,#5141),.PCURVE_S1.);
#5130 = LINE('',#5131,#5132);
#5131 = CARTESIAN_POINT('',(1.04E+03,-992.6499809174,2.830435323476E+03)
  );
#5132 = VECTOR('',#5133,1.);
#5133 = DIRECTION('',(1.,0.,-0.));
#5134 = PCURVE('',#4093,#5135);
#5135 = DEFINITIONAL_REPRESENTATION('',(#5136),#5140);
#5136 = LINE('',#5137,#5138);
#5137 = CARTESIAN_POINT('',(0.,0.));
#5138 = VECTOR('',#5139,1.);
#5139 = DIRECTION('',(1.,0.));
#5140 = ( GEOMETRIC_REPRESENTATION_CONTEXT(2) 
PARAMETRIC_REPRESENTATION_CONTEXT() REPRESENTATION_CONTEXT('2D SPACE',''
  ) );
#5141 = PCURVE('',#4065,#5142);
#5142 = DEFINITIONAL_REPRESENTATION('',(#5143),#5147);
#5143 = LINE('',#5144,#5145);
#5144 = CARTESIAN_POINT('',(0.,0.));
#5145 = VECTOR('',#5146,1.);
#5146 = DIRECTION('',(0.,1.));
#5147 = ( GEOMETRIC_REPRESENTATION_CONTEXT(2) 
PARAMETRIC_REPRESENTATION_CONTEXT() REPRESENTATION_CONTEXT('2D SPACE',''
  ) );
#5148 = ORIENTED_EDGE('',*,*,#4253,.T.);
#5149 = ORIENTED_EDGE('',*,*,#5100,.F.);
#5150 = ADVANCED_FACE('',(#5151),#4065,.F.);
#5151 = FACE_BOUND('',#5152,.F.);
#5152 = EDGE_LOOP('',(#5153,#5154,#5155,#5156));
#5153 = ORIENTED_EDGE('',*,*,#5128,.F.);
#5154 = ORIENTED_EDGE('',*,*,#4049,.T.);
#5155 = ORIENTED_EDGE('',*,*,#4303,.T.);
#5156 = ORIENTED_EDGE('',*,*,#4230,.F.);
#5157 = ADVANCED_FACE('',(#5158),#4398,.T.);
#5158 = FACE_BOUND('',#5159,.T.);
#5159 = EDGE_LOOP('',(#5160,#5161));
#5160 = ORIENTED_EDGE('',*,*,#4383,.T.);
#5161 = ORIENTED_EDGE('',*,*,#4894,.F.);
#5162 = ADVANCED_FACE('',(#5163),#4350,.F.);
#5163 = FACE_BOUND('',#5164,.F.);
#5164 = EDGE_LOOP('',(#5165,#5166));
#5165 = ORIENTED_EDGE('',*,*,#4335,.T.);
#5166 = ORIENTED_EDGE('',*,*,#4867,.F.);
#5167 = ADVANCED_FACE('',(#5168),#4436,.F.);
#5168 = FACE_BOUND('',#5169,.F.);
#5169 = EDGE_LOOP('',(#5170,#5193,#5221,#5249,#5277,#5298));
#5170 = ORIENTED_EDGE('',*,*,#5171,.F.);
#5171 = EDGE_CURVE('',#5172,#4418,#5174,.T.);
#5172 = VERTEX_POINT('',#5173);
#5173 = CARTESIAN_POINT('',(-1.06E+03,956.30780368279,2.620072413613E+03
    ));
#5174 = SURFACE_CURVE('',#5175,(#5179,#5186),.PCURVE_S1.);
#5175 = LINE('',#5176,#5177);
#5176 = CARTESIAN_POINT('',(-1.06E+03,956.30780368279,2.620072413613E+03
    ));
#5177 = VECTOR('',#5178,1.);
#5178 = DIRECTION('',(0.,0.992277876714,-0.124034734589));
#5179 = PCURVE('',#4436,#5180);
#5180 = DEFINITIONAL_REPRESENTATION('',(#5181),#5185);
#5181 = LINE('',#5182,#5183);
#5182 = CARTESIAN_POINT('',(33.,0.));
#5183 = VECTOR('',#5184,1.);
#5184 = DIRECTION('',(0.,-1.));
#5185 = ( GEOMETRIC_REPRESENTATION_CONTEXT(2) 
PARAMETRIC_REPRESENTATION_CONTEXT() REPRESENTATION_CONTEXT('2D SPACE',''
  ) );
#5186 = PCURVE('',#4463,#5187);
#5187 = DEFINITIONAL_REPRESENTATION('',(#5188),#5192);
#5188 = LINE('',#5189,#5190);
#5189 = CARTESIAN_POINT('',(0.,0.));
#5190 = VECTOR('',#5191,1.);
#5191 = DIRECTION('',(0.,1.));
#5192 = ( GEOMETRIC_REPRESENTATION_CONTEXT(2) 
PARAMETRIC_REPRESENTATION_CONTEXT() REPRESENTATION_CONTEXT('2D SPACE',''
  ) );
#5193 = ORIENTED_EDGE('',*,*,#5194,.F.);
#5194 = EDGE_CURVE('',#5195,#5172,#5197,.T.);
#5195 = VERTEX_POINT('',#5196);
#5196 = CARTESIAN_POINT('',(-1.06E+03,952.21465744135,2.587327243681E+03
    ));
#5197 = SURFACE_CURVE('',#5198,(#5202,#5209),.PCURVE_S1.);
#5198 = LINE('',#5199,#5200);
#5199 = CARTESIAN_POINT('',(-1.06E+03,952.21465744135,2.587327243681E+03
    ));
#5200 = VECTOR('',#5201,1.);
#5201 = DIRECTION('',(0.,0.124034734589,0.992277876714));
#5202 = PCURVE('',#4436,#5203);
#5203 = DEFINITIONAL_REPRESENTATION('',(#5204),#5208);
#5204 = LINE('',#5205,#5206);
#5205 = CARTESIAN_POINT('',(0.,0.));
#5206 = VECTOR('',#5207,1.);
#5207 = DIRECTION('',(1.,0.));
#5208 = ( GEOMETRIC_REPRESENTATION_CONTEXT(2) 
PARAMETRIC_REPRESENTATION_CONTEXT() REPRESENTATION_CONTEXT('2D SPACE',''
  ) );
#5209 = PCURVE('',#5210,#5215);
#5210 = PLANE('',#5211);
#5211 = AXIS2_PLACEMENT_3D('',#5212,#5213,#5214);
#5212 = CARTESIAN_POINT('',(-1.06E+03,952.21465744135,2.587327243681E+03
    ));
#5213 = DIRECTION('',(0.,0.992277876714,-0.124034734589));
#5214 = DIRECTION('',(0.,0.124034734589,0.992277876714));
#5215 = DEFINITIONAL_REPRESENTATION('',(#5216),#5220);
#5216 = LINE('',#5217,#5218);
#5217 = CARTESIAN_POINT('',(0.,0.));
#5218 = VECTOR('',#5219,1.);
#5219 = DIRECTION('',(1.,0.));
#5220 = ( GEOMETRIC_REPRESENTATION_CONTEXT(2) 
PARAMETRIC_REPRESENTATION_CONTEXT() REPRESENTATION_CONTEXT('2D SPACE',''
  ) );
#5221 = ORIENTED_EDGE('',*,*,#5222,.T.);
#5222 = EDGE_CURVE('',#5195,#5223,#5225,.T.);
#5223 = VERTEX_POINT('',#5224);
#5224 = CARTESIAN_POINT('',(-1.06E+03,972.06021497562,2.584846548989E+03
    ));
#5225 = SURFACE_CURVE('',#5226,(#5230,#5237),.PCURVE_S1.);
#5226 = LINE('',#5227,#5228);
#5227 = CARTESIAN_POINT('',(-1.06E+03,952.21465744135,2.587327243681E+03
    ));
#5228 = VECTOR('',#5229,1.);
#5229 = DIRECTION('',(0.,0.992277876714,-0.124034734589));
#5230 = PCURVE('',#4436,#5231);
#5231 = DEFINITIONAL_REPRESENTATION('',(#5232),#5236);
#5232 = LINE('',#5233,#5234);
#5233 = CARTESIAN_POINT('',(0.,0.));
#5234 = VECTOR('',#5235,1.);
#5235 = DIRECTION('',(0.,-1.));
#5236 = ( GEOMETRIC_REPRESENTATION_CONTEXT(2) 
PARAMETRIC_REPRESENTATION_CONTEXT() REPRESENTATION_CONTEXT('2D SPACE',''
  ) );
#5237 = PCURVE('',#5238,#5243);
#5238 = PLANE('',#5239);
#5239 = AXIS2_PLACEMENT_3D('',#5240,#5241,#5242);
#5240 = CARTESIAN_POINT('',(-1.06E+03,952.21465744135,2.587327243681E+03
    ));
#5241 = DIRECTION('',(0.,0.124034734589,0.992277876714));
#5242 = DIRECTION('',(1.,0.,-0.));
#5243 = DEFINITIONAL_REPRESENTATION('',(#5244),#5248);
#5244 = LINE('',#5245,#5246);
#5245 = CARTESIAN_POINT('',(0.,0.));
#5246 = VECTOR('',#5247,1.);
#5247 = DIRECTION('',(0.,1.));
#5248 = ( GEOMETRIC_REPRESENTATION_CONTEXT(2) 
PARAMETRIC_REPRESENTATION_CONTEXT() REPRESENTATION_CONTEXT('2D SPACE',''
  ) );
#5249 = ORIENTED_EDGE('',*,*,#5250,.T.);
#5250 = EDGE_CURVE('',#5223,#5251,#5253,.T.);
#5251 = VERTEX_POINT('',#5252);
#5252 = CARTESIAN_POINT('',(-1.06E+03,976.15336121707,2.617591718921E+03
    ));
#5253 = SURFACE_CURVE('',#5254,(#5258,#5265),.PCURVE_S1.);
#5254 = LINE('',#5255,#5256);
#5255 = CARTESIAN_POINT('',(-1.06E+03,972.06021497562,2.584846548989E+03
    ));
#5256 = VECTOR('',#5257,1.);
#5257 = DIRECTION('',(0.,0.124034734589,0.992277876714));
#5258 = PCURVE('',#4436,#5259);
#5259 = DEFINITIONAL_REPRESENTATION('',(#5260),#5264);
#5260 = LINE('',#5261,#5262);
#5261 = CARTESIAN_POINT('',(0.,-20.));
#5262 = VECTOR('',#5263,1.);
#5263 = DIRECTION('',(1.,0.));
#5264 = ( GEOMETRIC_REPRESENTATION_CONTEXT(2) 
PARAMETRIC_REPRESENTATION_CONTEXT() REPRESENTATION_CONTEXT('2D SPACE',''
  ) );
#5265 = PCURVE('',#5266,#5271);
#5266 = PLANE('',#5267);
#5267 = AXIS2_PLACEMENT_3D('',#5268,#5269,#5270);
#5268 = CARTESIAN_POINT('',(-1.06E+03,972.06021497562,2.584846548989E+03
    ));
#5269 = DIRECTION('',(0.,0.992277876714,-0.124034734589));
#5270 = DIRECTION('',(0.,0.124034734589,0.992277876714));
#5271 = DEFINITIONAL_REPRESENTATION('',(#5272),#5276);
#5272 = LINE('',#5273,#5274);
#5273 = CARTESIAN_POINT('',(0.,0.));
#5274 = VECTOR('',#5275,1.);
#5275 = DIRECTION('',(1.,0.));
#5276 = ( GEOMETRIC_REPRESENTATION_CONTEXT(2) 
PARAMETRIC_REPRESENTATION_CONTEXT() REPRESENTATION_CONTEXT('2D SPACE',''
  ) );
#5277 = ORIENTED_EDGE('',*,*,#5278,.F.);
#5278 = EDGE_CURVE('',#4420,#5251,#5279,.T.);
#5279 = SURFACE_CURVE('',#5280,(#5284,#5291),.PCURVE_S1.);
#5280 = LINE('',#5281,#5282);
#5281 = CARTESIAN_POINT('',(-1.06E+03,956.30780368279,2.620072413613E+03
    ));
#5282 = VECTOR('',#5283,1.);
#5283 = DIRECTION('',(0.,0.992277876714,-0.124034734589));
#5284 = PCURVE('',#4436,#5285);
#5285 = DEFINITIONAL_REPRESENTATION('',(#5286),#5290);
#5286 = LINE('',#5287,#5288);
#5287 = CARTESIAN_POINT('',(33.,0.));
#5288 = VECTOR('',#5289,1.);
#5289 = DIRECTION('',(0.,-1.));
#5290 = ( GEOMETRIC_REPRESENTATION_CONTEXT(2) 
PARAMETRIC_REPRESENTATION_CONTEXT() REPRESENTATION_CONTEXT('2D SPACE',''
  ) );
#5291 = PCURVE('',#4516,#5292);
#5292 = DEFINITIONAL_REPRESENTATION('',(#5293),#5297);
#5293 = LINE('',#5294,#5295);
#5294 = CARTESIAN_POINT('',(0.,0.));
#5295 = VECTOR('',#5296,1.);
#5296 = DIRECTION('',(0.,1.));
#5297 = ( GEOMETRIC_REPRESENTATION_CONTEXT(2) 
PARAMETRIC_REPRESENTATION_CONTEXT() REPRESENTATION_CONTEXT('2D SPACE',''
  ) );
#5298 = ORIENTED_EDGE('',*,*,#4417,.F.);
#5299 = ADVANCED_FACE('',(#5300),#4516,.T.);
#5300 = FACE_BOUND('',#5301,.T.);
#5301 = EDGE_LOOP('',(#5302,#5303,#5304,#5327));
#5302 = ORIENTED_EDGE('',*,*,#5278,.F.);
#5303 = ORIENTED_EDGE('',*,*,#4503,.T.);
#5304 = ORIENTED_EDGE('',*,*,#5305,.T.);
#5305 = EDGE_CURVE('',#4475,#5306,#5308,.T.);
#5306 = VERTEX_POINT('',#5307);
#5307 = CARTESIAN_POINT('',(-1.04E+03,976.15336121707,2.617591718921E+03
    ));
#5308 = SURFACE_CURVE('',#5309,(#5313,#5320),.PCURVE_S1.);
#5309 = LINE('',#5310,#5311);
#5310 = CARTESIAN_POINT('',(-1.04E+03,956.30780368279,2.620072413613E+03
    ));
#5311 = VECTOR('',#5312,1.);
#5312 = DIRECTION('',(0.,0.992277876714,-0.124034734589));
#5313 = PCURVE('',#4516,#5314);
#5314 = DEFINITIONAL_REPRESENTATION('',(#5315),#5319);
#5315 = LINE('',#5316,#5317);
#5316 = CARTESIAN_POINT('',(20.,0.));
#5317 = VECTOR('',#5318,1.);
#5318 = DIRECTION('',(0.,1.));
#5319 = ( GEOMETRIC_REPRESENTATION_CONTEXT(2) 
PARAMETRIC_REPRESENTATION_CONTEXT() REPRESENTATION_CONTEXT('2D SPACE',''
  ) );
#5320 = PCURVE('',#4491,#5321);
#5321 = DEFINITIONAL_REPRESENTATION('',(#5322),#5326);
#5322 = LINE('',#5323,#5324);
#5323 = CARTESIAN_POINT('',(33.,0.));
#5324 = VECTOR('',#5325,1.);
#5325 = DIRECTION('',(0.,-1.));
#5326 = ( GEOMETRIC_REPRESENTATION_CONTEXT(2) 
PARAMETRIC_REPRESENTATION_CONTEXT() REPRESENTATION_CONTEXT('2D SPACE',''
  ) );
#5327 = ORIENTED_EDGE('',*,*,#5328,.F.);
#5328 = EDGE_CURVE('',#5251,#5306,#5329,.T.);
#5329 = SURFACE_CURVE('',#5330,(#5334,#5341),.PCURVE_S1.);
#5330 = LINE('',#5331,#5332);
#5331 = CARTESIAN_POINT('',(-1.06E+03,976.15336121707,2.617591718921E+03
    ));
#5332 = VECTOR('',#5333,1.);
#5333 = DIRECTION('',(1.,0.,-0.));
#5334 = PCURVE('',#4516,#5335);
#5335 = DEFINITIONAL_REPRESENTATION('',(#5336),#5340);
#5336 = LINE('',#5337,#5338);
#5337 = CARTESIAN_POINT('',(0.,20.));
#5338 = VECTOR('',#5339,1.);
#5339 = DIRECTION('',(1.,0.));
#5340 = ( GEOMETRIC_REPRESENTATION_CONTEXT(2) 
PARAMETRIC_REPRESENTATION_CONTEXT() REPRESENTATION_CONTEXT('2D SPACE',''
  ) );
#5341 = PCURVE('',#5266,#5342);
#5342 = DEFINITIONAL_REPRESENTATION('',(#5343),#5347);
#5343 = LINE('',#5344,#5345);
#5344 = CARTESIAN_POINT('',(33.,0.));
#5345 = VECTOR('',#5346,1.);
#5346 = DIRECTION('',(0.,1.));
#5347 = ( GEOMETRIC_REPRESENTATION_CONTEXT(2) 
PARAMETRIC_REPRESENTATION_CONTEXT() REPRESENTATION_CONTEXT('2D SPACE',''
  ) );
#5348 = ADVANCED_FACE('',(#5349),#4491,.T.);
#5349 = FACE_BOUND('',#5350,.T.);
#5350 = EDGE_LOOP('',(#5351,#5374,#5397,#5420,#5441,#5442));
#5351 = ORIENTED_EDGE('',*,*,#5352,.F.);
#5352 = EDGE_CURVE('',#5353,#4449,#5355,.T.);
#5353 = VERTEX_POINT('',#5354);
#5354 = CARTESIAN_POINT('',(-1.04E+03,956.30780368279,2.620072413613E+03
    ));
#5355 = SURFACE_CURVE('',#5356,(#5360,#5367),.PCURVE_S1.);
#5356 = LINE('',#5357,#5358);
#5357 = CARTESIAN_POINT('',(-1.04E+03,956.30780368279,2.620072413613E+03
    ));
#5358 = VECTOR('',#5359,1.);
#5359 = DIRECTION('',(0.,0.992277876714,-0.124034734589));
#5360 = PCURVE('',#4491,#5361);
#5361 = DEFINITIONAL_REPRESENTATION('',(#5362),#5366);
#5362 = LINE('',#5363,#5364);
#5363 = CARTESIAN_POINT('',(33.,0.));
#5364 = VECTOR('',#5365,1.);
#5365 = DIRECTION('',(0.,-1.));
#5366 = ( GEOMETRIC_REPRESENTATION_CONTEXT(2) 
PARAMETRIC_REPRESENTATION_CONTEXT() REPRESENTATION_CONTEXT('2D SPACE',''
  ) );
#5367 = PCURVE('',#4463,#5368);
#5368 = DEFINITIONAL_REPRESENTATION('',(#5369),#5373);
#5369 = LINE('',#5370,#5371);
#5370 = CARTESIAN_POINT('',(20.,0.));
#5371 = VECTOR('',#5372,1.);
#5372 = DIRECTION('',(0.,1.));
#5373 = ( GEOMETRIC_REPRESENTATION_CONTEXT(2) 
PARAMETRIC_REPRESENTATION_CONTEXT() REPRESENTATION_CONTEXT('2D SPACE',''
  ) );
#5374 = ORIENTED_EDGE('',*,*,#5375,.F.);
#5375 = EDGE_CURVE('',#5376,#5353,#5378,.T.);
#5376 = VERTEX_POINT('',#5377);
#5377 = CARTESIAN_POINT('',(-1.04E+03,952.21465744135,2.587327243681E+03
    ));
#5378 = SURFACE_CURVE('',#5379,(#5383,#5390),.PCURVE_S1.);
#5379 = LINE('',#5380,#5381);
#5380 = CARTESIAN_POINT('',(-1.04E+03,952.21465744135,2.587327243681E+03
    ));
#5381 = VECTOR('',#5382,1.);
#5382 = DIRECTION('',(0.,0.124034734589,0.992277876714));
#5383 = PCURVE('',#4491,#5384);
#5384 = DEFINITIONAL_REPRESENTATION('',(#5385),#5389);
#5385 = LINE('',#5386,#5387);
#5386 = CARTESIAN_POINT('',(0.,0.));
#5387 = VECTOR('',#5388,1.);
#5388 = DIRECTION('',(1.,0.));
#5389 = ( GEOMETRIC_REPRESENTATION_CONTEXT(2) 
PARAMETRIC_REPRESENTATION_CONTEXT() REPRESENTATION_CONTEXT('2D SPACE',''
  ) );
#5390 = PCURVE('',#5210,#5391);
#5391 = DEFINITIONAL_REPRESENTATION('',(#5392),#5396);
#5392 = LINE('',#5393,#5394);
#5393 = CARTESIAN_POINT('',(0.,20.));
#5394 = VECTOR('',#5395,1.);
#5395 = DIRECTION('',(1.,0.));
#5396 = ( GEOMETRIC_REPRESENTATION_CONTEXT(2) 
PARAMETRIC_REPRESENTATION_CONTEXT() REPRESENTATION_CONTEXT('2D SPACE',''
  ) );
#5397 = ORIENTED_EDGE('',*,*,#5398,.T.);
#5398 = EDGE_CURVE('',#5376,#5399,#5401,.T.);
#5399 = VERTEX_POINT('',#5400);
#5400 = CARTESIAN_POINT('',(-1.04E+03,972.06021497562,2.584846548989E+03
    ));
#5401 = SURFACE_CURVE('',#5402,(#5406,#5413),.PCURVE_S1.);
#5402 = LINE('',#5403,#5404);
#5403 = CARTESIAN_POINT('',(-1.04E+03,952.21465744135,2.587327243681E+03
    ));
#5404 = VECTOR('',#5405,1.);
#5405 = DIRECTION('',(0.,0.992277876714,-0.124034734589));
#5406 = PCURVE('',#4491,#5407);
#5407 = DEFINITIONAL_REPRESENTATION('',(#5408),#5412);
#5408 = LINE('',#5409,#5410);
#5409 = CARTESIAN_POINT('',(0.,0.));
#5410 = VECTOR('',#5411,1.);
#5411 = DIRECTION('',(0.,-1.));
#5412 = ( GEOMETRIC_REPRESENTATION_CONTEXT(2) 
PARAMETRIC_REPRESENTATION_CONTEXT() REPRESENTATION_CONTEXT('2D SPACE',''
  ) );
#5413 = PCURVE('',#5238,#5414);
#5414 = DEFINITIONAL_REPRESENTATION('',(#5415),#5419);
#5415 = LINE('',#5416,#5417);
#5416 = CARTESIAN_POINT('',(20.,0.));
#5417 = VECTOR('',#5418,1.);
#5418 = DIRECTION('',(0.,1.));
#5419 = ( GEOMETRIC_REPRESENTATION_CONTEXT(2) 
PARAMETRIC_REPRESENTATION_CONTEXT() REPRESENTATION_CONTEXT('2D SPACE',''
  ) );
#5420 = ORIENTED_EDGE('',*,*,#5421,.T.);
#5421 = EDGE_CURVE('',#5399,#5306,#5422,.T.);
#5422 = SURFACE_CURVE('',#5423,(#5427,#5434),.PCURVE_S1.);
#5423 = LINE('',#5424,#5425);
#5424 = CARTESIAN_POINT('',(-1.04E+03,972.06021497562,2.584846548989E+03
    ));
#5425 = VECTOR('',#5426,1.);
#5426 = DIRECTION('',(0.,0.124034734589,0.992277876714));
#5427 = PCURVE('',#4491,#5428);
#5428 = DEFINITIONAL_REPRESENTATION('',(#5429),#5433);
#5429 = LINE('',#5430,#5431);
#5430 = CARTESIAN_POINT('',(0.,-20.));
#5431 = VECTOR('',#5432,1.);
#5432 = DIRECTION('',(1.,0.));
#5433 = ( GEOMETRIC_REPRESENTATION_CONTEXT(2) 
PARAMETRIC_REPRESENTATION_CONTEXT() REPRESENTATION_CONTEXT('2D SPACE',''
  ) );
#5434 = PCURVE('',#5266,#5435);
#5435 = DEFINITIONAL_REPRESENTATION('',(#5436),#5440);
#5436 = LINE('',#5437,#5438);
#5437 = CARTESIAN_POINT('',(0.,20.));
#5438 = VECTOR('',#5439,1.);
#5439 = DIRECTION('',(1.,0.));
#5440 = ( GEOMETRIC_REPRESENTATION_CONTEXT(2) 
PARAMETRIC_REPRESENTATION_CONTEXT() REPRESENTATION_CONTEXT('2D SPACE',''
  ) );
#5441 = ORIENTED_EDGE('',*,*,#5305,.F.);
#5442 = ORIENTED_EDGE('',*,*,#4474,.F.);
#5443 = ADVANCED_FACE('',(#5444),#4463,.T.);
#5444 = FACE_BOUND('',#5445,.T.);
#5445 = EDGE_LOOP('',(#5446,#5447,#5468,#5469));
#5446 = ORIENTED_EDGE('',*,*,#5171,.F.);
#5447 = ORIENTED_EDGE('',*,*,#5448,.T.);
#5448 = EDGE_CURVE('',#5172,#5353,#5449,.T.);
#5449 = SURFACE_CURVE('',#5450,(#5454,#5461),.PCURVE_S1.);
#5450 = LINE('',#5451,#5452);
#5451 = CARTESIAN_POINT('',(-1.06E+03,956.30780368279,2.620072413613E+03
    ));
#5452 = VECTOR('',#5453,1.);
#5453 = DIRECTION('',(1.,0.,-0.));
#5454 = PCURVE('',#4463,#5455);
#5455 = DEFINITIONAL_REPRESENTATION('',(#5456),#5460);
#5456 = LINE('',#5457,#5458);
#5457 = CARTESIAN_POINT('',(0.,0.));
#5458 = VECTOR('',#5459,1.);
#5459 = DIRECTION('',(1.,0.));
#5460 = ( GEOMETRIC_REPRESENTATION_CONTEXT(2) 
PARAMETRIC_REPRESENTATION_CONTEXT() REPRESENTATION_CONTEXT('2D SPACE',''
  ) );
#5461 = PCURVE('',#5210,#5462);
#5462 = DEFINITIONAL_REPRESENTATION('',(#5463),#5467);
#5463 = LINE('',#5464,#5465);
#5464 = CARTESIAN_POINT('',(33.,0.));
#5465 = VECTOR('',#5466,1.);
#5466 = DIRECTION('',(0.,1.));
#5467 = ( GEOMETRIC_REPRESENTATION_CONTEXT(2) 
PARAMETRIC_REPRESENTATION_CONTEXT() REPRESENTATION_CONTEXT('2D SPACE',''
  ) );
#5468 = ORIENTED_EDGE('',*,*,#5352,.T.);
#5469 = ORIENTED_EDGE('',*,*,#4448,.F.);
#5470 = ADVANCED_FACE('',(#5471),#4548,.F.);
#5471 = FACE_BOUND('',#5472,.F.);
#5472 = EDGE_LOOP('',(#5473,#5496,#5524,#5552,#5580,#5601));
#5473 = ORIENTED_EDGE('',*,*,#5474,.F.);
#5474 = EDGE_CURVE('',#5475,#4530,#5477,.T.);
#5475 = VERTEX_POINT('',#5476);
#5476 = CARTESIAN_POINT('',(-360.,956.30780368279,2.620072413613E+03));
#5477 = SURFACE_CURVE('',#5478,(#5482,#5489),.PCURVE_S1.);
#5478 = LINE('',#5479,#5480);
#5479 = CARTESIAN_POINT('',(-360.,956.30780368279,2.620072413613E+03));
#5480 = VECTOR('',#5481,1.);
#5481 = DIRECTION('',(0.,0.992277876714,-0.124034734589));
#5482 = PCURVE('',#4548,#5483);
#5483 = DEFINITIONAL_REPRESENTATION('',(#5484),#5488);
#5484 = LINE('',#5485,#5486);
#5485 = CARTESIAN_POINT('',(33.,0.));
#5486 = VECTOR('',#5487,1.);
#5487 = DIRECTION('',(0.,-1.));
#5488 = ( GEOMETRIC_REPRESENTATION_CONTEXT(2) 
PARAMETRIC_REPRESENTATION_CONTEXT() REPRESENTATION_CONTEXT('2D SPACE',''
  ) );
#5489 = PCURVE('',#4575,#5490);
#5490 = DEFINITIONAL_REPRESENTATION('',(#5491),#5495);
#5491 = LINE('',#5492,#5493);
#5492 = CARTESIAN_POINT('',(0.,0.));
#5493 = VECTOR('',#5494,1.);
#5494 = DIRECTION('',(0.,1.));
#5495 = ( GEOMETRIC_REPRESENTATION_CONTEXT(2) 
PARAMETRIC_REPRESENTATION_CONTEXT() REPRESENTATION_CONTEXT('2D SPACE',''
  ) );
#5496 = ORIENTED_EDGE('',*,*,#5497,.F.);
#5497 = EDGE_CURVE('',#5498,#5475,#5500,.T.);
#5498 = VERTEX_POINT('',#5499);
#5499 = CARTESIAN_POINT('',(-360.,952.21465744135,2.587327243681E+03));
#5500 = SURFACE_CURVE('',#5501,(#5505,#5512),.PCURVE_S1.);
#5501 = LINE('',#5502,#5503);
#5502 = CARTESIAN_POINT('',(-360.,952.21465744135,2.587327243681E+03));
#5503 = VECTOR('',#5504,1.);
#5504 = DIRECTION('',(0.,0.124034734589,0.992277876714));
#5505 = PCURVE('',#4548,#5506);
#5506 = DEFINITIONAL_REPRESENTATION('',(#5507),#5511);
#5507 = LINE('',#5508,#5509);
#5508 = CARTESIAN_POINT('',(0.,0.));
#5509 = VECTOR('',#5510,1.);
#5510 = DIRECTION('',(1.,0.));
#5511 = ( GEOMETRIC_REPRESENTATION_CONTEXT(2) 
PARAMETRIC_REPRESENTATION_CONTEXT() REPRESENTATION_CONTEXT('2D SPACE',''
  ) );
#5512 = PCURVE('',#5513,#5518);
#5513 = PLANE('',#5514);
#5514 = AXIS2_PLACEMENT_3D('',#5515,#5516,#5517);
#5515 = CARTESIAN_POINT('',(-360.,952.21465744135,2.587327243681E+03));
#5516 = DIRECTION('',(0.,0.992277876714,-0.124034734589));
#5517 = DIRECTION('',(0.,0.124034734589,0.992277876714));
#5518 = DEFINITIONAL_REPRESENTATION('',(#5519),#5523);
#5519 = LINE('',#5520,#5521);
#5520 = CARTESIAN_POINT('',(0.,0.));
#5521 = VECTOR('',#5522,1.);
#5522 = DIRECTION('',(1.,0.));
#5523 = ( GEOMETRIC_REPRESENTATION_CONTEXT(2) 
PARAMETRIC_REPRESENTATION_CONTEXT() REPRESENTATION_CONTEXT('2D SPACE',''
  ) );
#5524 = ORIENTED_EDGE('',*,*,#5525,.T.);
#5525 = EDGE_CURVE('',#5498,#5526,#5528,.T.);
#5526 = VERTEX_POINT('',#5527);
#5527 = CARTESIAN_POINT('',(-360.,972.06021497562,2.584846548989E+03));
#5528 = SURFACE_CURVE('',#5529,(#5533,#5540),.PCURVE_S1.);
#5529 = LINE('',#5530,#5531);
#5530 = CARTESIAN_POINT('',(-360.,952.21465744135,2.587327243681E+03));
#5531 = VECTOR('',#5532,1.);
#5532 = DIRECTION('',(0.,0.992277876714,-0.124034734589));
#5533 = PCURVE('',#4548,#5534);
#5534 = DEFINITIONAL_REPRESENTATION('',(#5535),#5539);
#5535 = LINE('',#5536,#5537);
#5536 = CARTESIAN_POINT('',(0.,0.));
#5537 = VECTOR('',#5538,1.);
#5538 = DIRECTION('',(0.,-1.));
#5539 = ( GEOMETRIC_REPRESENTATION_CONTEXT(2) 
PARAMETRIC_REPRESENTATION_CONTEXT() REPRESENTATION_CONTEXT('2D SPACE',''
  ) );
#5540 = PCURVE('',#5541,#5546);
#5541 = PLANE('',#5542);
#5542 = AXIS2_PLACEMENT_3D('',#5543,#5544,#5545);
#5543 = CARTESIAN_POINT('',(-360.,952.21465744135,2.587327243681E+03));
#5544 = DIRECTION('',(0.,0.124034734589,0.992277876714));
#5545 = DIRECTION('',(1.,0.,-0.));
#5546 = DEFINITIONAL_REPRESENTATION('',(#5547),#5551);
#5547 = LINE('',#5548,#5549);
#5548 = CARTESIAN_POINT('',(0.,0.));
#5549 = VECTOR('',#5550,1.);
#5550 = DIRECTION('',(0.,1.));
#5551 = ( GEOMETRIC_REPRESENTATION_CONTEXT(2) 
PARAMETRIC_REPRESENTATION_CONTEXT() REPRESENTATION_CONTEXT('2D SPACE',''
  ) );
#5552 = ORIENTED_EDGE('',*,*,#5553,.T.);
#5553 = EDGE_CURVE('',#5526,#5554,#5556,.T.);
#5554 = VERTEX_POINT('',#5555);
#5555 = CARTESIAN_POINT('',(-360.,976.15336121707,2.617591718921E+03));
#5556 = SURFACE_CURVE('',#5557,(#5561,#5568),.PCURVE_S1.);
#5557 = LINE('',#5558,#5559);
#5558 = CARTESIAN_POINT('',(-360.,972.06021497562,2.584846548989E+03));
#5559 = VECTOR('',#5560,1.);
#5560 = DIRECTION('',(0.,0.124034734589,0.992277876714));
#5561 = PCURVE('',#4548,#5562);
#5562 = DEFINITIONAL_REPRESENTATION('',(#5563),#5567);
#5563 = LINE('',#5564,#5565);
#5564 = CARTESIAN_POINT('',(0.,-20.));
#5565 = VECTOR('',#5566,1.);
#5566 = DIRECTION('',(1.,0.));
#5567 = ( GEOMETRIC_REPRESENTATION_CONTEXT(2) 
PARAMETRIC_REPRESENTATION_CONTEXT() REPRESENTATION_CONTEXT('2D SPACE',''
  ) );
#5568 = PCURVE('',#5569,#5574);
#5569 = PLANE('',#5570);
#5570 = AXIS2_PLACEMENT_3D('',#5571,#5572,#5573);
#5571 = CARTESIAN_POINT('',(-360.,972.06021497562,2.584846548989E+03));
#5572 = DIRECTION('',(0.,0.992277876714,-0.124034734589));
#5573 = DIRECTION('',(0.,0.124034734589,0.992277876714));
#5574 = DEFINITIONAL_REPRESENTATION('',(#5575),#5579);
#5575 = LINE('',#5576,#5577);
#5576 = CARTESIAN_POINT('',(0.,0.));
#5577 = VECTOR('',#5578,1.);
#5578 = DIRECTION('',(1.,0.));
#5579 = ( GEOMETRIC_REPRESENTATION_CONTEXT(2) 
PARAMETRIC_REPRESENTATION_CONTEXT() REPRESENTATION_CONTEXT('2D SPACE',''
  ) );
#5580 = ORIENTED_EDGE('',*,*,#5581,.F.);
#5581 = EDGE_CURVE('',#4532,#5554,#5582,.T.);
#5582 = SURFACE_CURVE('',#5583,(#5587,#5594),.PCURVE_S1.);
#5583 = LINE('',#5584,#5585);
#5584 = CARTESIAN_POINT('',(-360.,956.30780368279,2.620072413613E+03));
#5585 = VECTOR('',#5586,1.);
#5586 = DIRECTION('',(0.,0.992277876714,-0.124034734589));
#5587 = PCURVE('',#4548,#5588);
#5588 = DEFINITIONAL_REPRESENTATION('',(#5589),#5593);
#5589 = LINE('',#5590,#5591);
#5590 = CARTESIAN_POINT('',(33.,0.));
#5591 = VECTOR('',#5592,1.);
#5592 = DIRECTION('',(0.,-1.));
#5593 = ( GEOMETRIC_REPRESENTATION_CONTEXT(2) 
PARAMETRIC_REPRESENTATION_CONTEXT() REPRESENTATION_CONTEXT('2D SPACE',''
  ) );
#5594 = PCURVE('',#4628,#5595);
#5595 = DEFINITIONAL_REPRESENTATION('',(#5596),#5600);
#5596 = LINE('',#5597,#5598);
#5597 = CARTESIAN_POINT('',(0.,0.));
#5598 = VECTOR('',#5599,1.);
#5599 = DIRECTION('',(0.,1.));
#5600 = ( GEOMETRIC_REPRESENTATION_CONTEXT(2) 
PARAMETRIC_REPRESENTATION_CONTEXT() REPRESENTATION_CONTEXT('2D SPACE',''
  ) );
#5601 = ORIENTED_EDGE('',*,*,#4529,.F.);
#5602 = ADVANCED_FACE('',(#5603),#4628,.T.);
#5603 = FACE_BOUND('',#5604,.T.);
#5604 = EDGE_LOOP('',(#5605,#5606,#5607,#5630));
#5605 = ORIENTED_EDGE('',*,*,#5581,.F.);
#5606 = ORIENTED_EDGE('',*,*,#4615,.T.);
#5607 = ORIENTED_EDGE('',*,*,#5608,.T.);
#5608 = EDGE_CURVE('',#4587,#5609,#5611,.T.);
#5609 = VERTEX_POINT('',#5610);
#5610 = CARTESIAN_POINT('',(-340.,976.15336121707,2.617591718921E+03));
#5611 = SURFACE_CURVE('',#5612,(#5616,#5623),.PCURVE_S1.);
#5612 = LINE('',#5613,#5614);
#5613 = CARTESIAN_POINT('',(-340.,956.30780368279,2.620072413613E+03));
#5614 = VECTOR('',#5615,1.);
#5615 = DIRECTION('',(0.,0.992277876714,-0.124034734589));
#5616 = PCURVE('',#4628,#5617);
#5617 = DEFINITIONAL_REPRESENTATION('',(#5618),#5622);
#5618 = LINE('',#5619,#5620);
#5619 = CARTESIAN_POINT('',(20.,0.));
#5620 = VECTOR('',#5621,1.);
#5621 = DIRECTION('',(0.,1.));
#5622 = ( GEOMETRIC_REPRESENTATION_CONTEXT(2) 
PARAMETRIC_REPRESENTATION_CONTEXT() REPRESENTATION_CONTEXT('2D SPACE',''
  ) );
#5623 = PCURVE('',#4603,#5624);
#5624 = DEFINITIONAL_REPRESENTATION('',(#5625),#5629);
#5625 = LINE('',#5626,#5627);
#5626 = CARTESIAN_POINT('',(33.,0.));
#5627 = VECTOR('',#5628,1.);
#5628 = DIRECTION('',(0.,-1.));
#5629 = ( GEOMETRIC_REPRESENTATION_CONTEXT(2) 
PARAMETRIC_REPRESENTATION_CONTEXT() REPRESENTATION_CONTEXT('2D SPACE',''
  ) );
#5630 = ORIENTED_EDGE('',*,*,#5631,.F.);
#5631 = EDGE_CURVE('',#5554,#5609,#5632,.T.);
#5632 = SURFACE_CURVE('',#5633,(#5637,#5644),.PCURVE_S1.);
#5633 = LINE('',#5634,#5635);
#5634 = CARTESIAN_POINT('',(-360.,976.15336121707,2.617591718921E+03));
#5635 = VECTOR('',#5636,1.);
#5636 = DIRECTION('',(1.,0.,-0.));
#5637 = PCURVE('',#4628,#5638);
#5638 = DEFINITIONAL_REPRESENTATION('',(#5639),#5643);
#5639 = LINE('',#5640,#5641);
#5640 = CARTESIAN_POINT('',(0.,20.));
#5641 = VECTOR('',#5642,1.);
#5642 = DIRECTION('',(1.,0.));
#5643 = ( GEOMETRIC_REPRESENTATION_CONTEXT(2) 
PARAMETRIC_REPRESENTATION_CONTEXT() REPRESENTATION_CONTEXT('2D SPACE',''
  ) );
#5644 = PCURVE('',#5569,#5645);
#5645 = DEFINITIONAL_REPRESENTATION('',(#5646),#5650);
#5646 = LINE('',#5647,#5648);
#5647 = CARTESIAN_POINT('',(33.,0.));
#5648 = VECTOR('',#5649,1.);
#5649 = DIRECTION('',(0.,1.));
#5650 = ( GEOMETRIC_REPRESENTATION_CONTEXT(2) 
PARAMETRIC_REPRESENTATION_CONTEXT() REPRESENTATION_CONTEXT('2D SPACE',''
  ) );
#5651 = ADVANCED_FACE('',(#5652),#4603,.T.);
#5652 = FACE_BOUND('',#5653,.T.);
#5653 = EDGE_LOOP('',(#5654,#5677,#5700,#5723,#5744,#5745));
#5654 = ORIENTED_EDGE('',*,*,#5655,.F.);
#5655 = EDGE_CURVE('',#5656,#4561,#5658,.T.);
#5656 = VERTEX_POINT('',#5657);
#5657 = CARTESIAN_POINT('',(-340.,956.30780368279,2.620072413613E+03));
#5658 = SURFACE_CURVE('',#5659,(#5663,#5670),.PCURVE_S1.);
#5659 = LINE('',#5660,#5661);
#5660 = CARTESIAN_POINT('',(-340.,956.30780368279,2.620072413613E+03));
#5661 = VECTOR('',#5662,1.);
#5662 = DIRECTION('',(0.,0.992277876714,-0.124034734589));
#5663 = PCURVE('',#4603,#5664);
#5664 = DEFINITIONAL_REPRESENTATION('',(#5665),#5669);
#5665 = LINE('',#5666,#5667);
#5666 = CARTESIAN_POINT('',(33.,0.));
#5667 = VECTOR('',#5668,1.);
#5668 = DIRECTION('',(0.,-1.));
#5669 = ( GEOMETRIC_REPRESENTATION_CONTEXT(2) 
PARAMETRIC_REPRESENTATION_CONTEXT() REPRESENTATION_CONTEXT('2D SPACE',''
  ) );
#5670 = PCURVE('',#4575,#5671);
#5671 = DEFINITIONAL_REPRESENTATION('',(#5672),#5676);
#5672 = LINE('',#5673,#5674);
#5673 = CARTESIAN_POINT('',(20.,0.));
#5674 = VECTOR('',#5675,1.);
#5675 = DIRECTION('',(0.,1.));
#5676 = ( GEOMETRIC_REPRESENTATION_CONTEXT(2) 
PARAMETRIC_REPRESENTATION_CONTEXT() REPRESENTATION_CONTEXT('2D SPACE',''
  ) );
#5677 = ORIENTED_EDGE('',*,*,#5678,.F.);
#5678 = EDGE_CURVE('',#5679,#5656,#5681,.T.);
#5679 = VERTEX_POINT('',#5680);
#5680 = CARTESIAN_POINT('',(-340.,952.21465744135,2.587327243681E+03));
#5681 = SURFACE_CURVE('',#5682,(#5686,#5693),.PCURVE_S1.);
#5682 = LINE('',#5683,#5684);
#5683 = CARTESIAN_POINT('',(-340.,952.21465744135,2.587327243681E+03));
#5684 = VECTOR('',#5685,1.);
#5685 = DIRECTION('',(0.,0.124034734589,0.992277876714));
#5686 = PCURVE('',#4603,#5687);
#5687 = DEFINITIONAL_REPRESENTATION('',(#5688),#5692);
#5688 = LINE('',#5689,#5690);
#5689 = CARTESIAN_POINT('',(0.,0.));
#5690 = VECTOR('',#5691,1.);
#5691 = DIRECTION('',(1.,0.));
#5692 = ( GEOMETRIC_REPRESENTATION_CONTEXT(2) 
PARAMETRIC_REPRESENTATION_CONTEXT() REPRESENTATION_CONTEXT('2D SPACE',''
  ) );
#5693 = PCURVE('',#5513,#5694);
#5694 = DEFINITIONAL_REPRESENTATION('',(#5695),#5699);
#5695 = LINE('',#5696,#5697);
#5696 = CARTESIAN_POINT('',(0.,20.));
#5697 = VECTOR('',#5698,1.);
#5698 = DIRECTION('',(1.,0.));
#5699 = ( GEOMETRIC_REPRESENTATION_CONTEXT(2) 
PARAMETRIC_REPRESENTATION_CONTEXT() REPRESENTATION_CONTEXT('2D SPACE',''
  ) );
#5700 = ORIENTED_EDGE('',*,*,#5701,.T.);
#5701 = EDGE_CURVE('',#5679,#5702,#5704,.T.);
#5702 = VERTEX_POINT('',#5703);
#5703 = CARTESIAN_POINT('',(-340.,972.06021497562,2.584846548989E+03));
#5704 = SURFACE_CURVE('',#5705,(#5709,#5716),.PCURVE_S1.);
#5705 = LINE('',#5706,#5707);
#5706 = CARTESIAN_POINT('',(-340.,952.21465744135,2.587327243681E+03));
#5707 = VECTOR('',#5708,1.);
#5708 = DIRECTION('',(0.,0.992277876714,-0.124034734589));
#5709 = PCURVE('',#4603,#5710);
#5710 = DEFINITIONAL_REPRESENTATION('',(#5711),#5715);
#5711 = LINE('',#5712,#5713);
#5712 = CARTESIAN_POINT('',(0.,0.));
#5713 = VECTOR('',#5714,1.);
#5714 = DIRECTION('',(0.,-1.));
#5715 = ( GEOMETRIC_REPRESENTATION_CONTEXT(2) 
PARAMETRIC_REPRESENTATION_CONTEXT() REPRESENTATION_CONTEXT('2D SPACE',''
  ) );
#5716 = PCURVE('',#5541,#5717);
#5717 = DEFINITIONAL_REPRESENTATION('',(#5718),#5722);
#5718 = LINE('',#5719,#5720);
#5719 = CARTESIAN_POINT('',(20.,0.));
#5720 = VECTOR('',#5721,1.);
#5721 = DIRECTION('',(0.,1.));
#5722 = ( GEOMETRIC_REPRESENTATION_CONTEXT(2) 
PARAMETRIC_REPRESENTATION_CONTEXT() REPRESENTATION_CONTEXT('2D SPACE',''
  ) );
#5723 = ORIENTED_EDGE('',*,*,#5724,.T.);
#5724 = EDGE_CURVE('',#5702,#5609,#5725,.T.);
#5725 = SURFACE_CURVE('',#5726,(#5730,#5737),.PCURVE_S1.);
#5726 = LINE('',#5727,#5728);
#5727 = CARTESIAN_POINT('',(-340.,972.06021497562,2.584846548989E+03));
#5728 = VECTOR('',#5729,1.);
#5729 = DIRECTION('',(0.,0.124034734589,0.992277876714));
#5730 = PCURVE('',#4603,#5731);
#5731 = DEFINITIONAL_REPRESENTATION('',(#5732),#5736);
#5732 = LINE('',#5733,#5734);
#5733 = CARTESIAN_POINT('',(0.,-20.));
#5734 = VECTOR('',#5735,1.);
#5735 = DIRECTION('',(1.,0.));
#5736 = ( GEOMETRIC_REPRESENTATION_CONTEXT(2) 
PARAMETRIC_REPRESENTATION_CONTEXT() REPRESENTATION_CONTEXT('2D SPACE',''
  ) );
#5737 = PCURVE('',#5569,#5738);
#5738 = DEFINITIONAL_REPRESENTATION('',(#5739),#5743);
#5739 = LINE('',#5740,#5741);
#5740 = CARTESIAN_POINT('',(0.,20.));
#5741 = VECTOR('',#5742,1.);
#5742 = DIRECTION('',(1.,0.));
#5743 = ( GEOMETRIC_REPRESENTATION_CONTEXT(2) 
PARAMETRIC_REPRESENTATION_CONTEXT() REPRESENTATION_CONTEXT('2D SPACE',''
  ) );
#5744 = ORIENTED_EDGE('',*,*,#5608,.F.);
#5745 = ORIENTED_EDGE('',*,*,#4586,.F.);
#5746 = ADVANCED_FACE('',(#5747),#4575,.T.);
#5747 = FACE_BOUND('',#5748,.T.);
#5748 = EDGE_LOOP('',(#5749,#5750,#5771,#5772));
#5749 = ORIENTED_EDGE('',*,*,#5474,.F.);
#5750 = ORIENTED_EDGE('',*,*,#5751,.T.);
#5751 = EDGE_CURVE('',#5475,#5656,#5752,.T.);
#5752 = SURFACE_CURVE('',#5753,(#5757,#5764),.PCURVE_S1.);
#5753 = LINE('',#5754,#5755);
#5754 = CARTESIAN_POINT('',(-360.,956.30780368279,2.620072413613E+03));
#5755 = VECTOR('',#5756,1.);
#5756 = DIRECTION('',(1.,0.,-0.));
#5757 = PCURVE('',#4575,#5758);
#5758 = DEFINITIONAL_REPRESENTATION('',(#5759),#5763);
#5759 = LINE('',#5760,#5761);
#5760 = CARTESIAN_POINT('',(0.,0.));
#5761 = VECTOR('',#5762,1.);
#5762 = DIRECTION('',(1.,0.));
#5763 = ( GEOMETRIC_REPRESENTATION_CONTEXT(2) 
PARAMETRIC_REPRESENTATION_CONTEXT() REPRESENTATION_CONTEXT('2D SPACE',''
  ) );
#5764 = PCURVE('',#5513,#5765);
#5765 = DEFINITIONAL_REPRESENTATION('',(#5766),#5770);
#5766 = LINE('',#5767,#5768);
#5767 = CARTESIAN_POINT('',(33.,0.));
#5768 = VECTOR('',#5769,1.);
#5769 = DIRECTION('',(0.,1.));
#5770 = ( GEOMETRIC_REPRESENTATION_CONTEXT(2) 
PARAMETRIC_REPRESENTATION_CONTEXT() REPRESENTATION_CONTEXT('2D SPACE',''
  ) );
#5771 = ORIENTED_EDGE('',*,*,#5655,.T.);
#5772 = ORIENTED_EDGE('',*,*,#4560,.F.);
#5773 = ADVANCED_FACE('',(#5774),#4660,.F.);
#5774 = FACE_BOUND('',#5775,.F.);
#5775 = EDGE_LOOP('',(#5776,#5799,#5827,#5855,#5883,#5904));
#5776 = ORIENTED_EDGE('',*,*,#5777,.F.);
#5777 = EDGE_CURVE('',#5778,#4642,#5780,.T.);
#5778 = VERTEX_POINT('',#5779);
#5779 = CARTESIAN_POINT('',(340.,956.30780368279,2.620072413613E+03));
#5780 = SURFACE_CURVE('',#5781,(#5785,#5792),.PCURVE_S1.);
#5781 = LINE('',#5782,#5783);
#5782 = CARTESIAN_POINT('',(340.,956.30780368279,2.620072413613E+03));
#5783 = VECTOR('',#5784,1.);
#5784 = DIRECTION('',(0.,0.992277876714,-0.124034734589));
#5785 = PCURVE('',#4660,#5786);
#5786 = DEFINITIONAL_REPRESENTATION('',(#5787),#5791);
#5787 = LINE('',#5788,#5789);
#5788 = CARTESIAN_POINT('',(33.,0.));
#5789 = VECTOR('',#5790,1.);
#5790 = DIRECTION('',(0.,-1.));
#5791 = ( GEOMETRIC_REPRESENTATION_CONTEXT(2) 
PARAMETRIC_REPRESENTATION_CONTEXT() REPRESENTATION_CONTEXT('2D SPACE',''
  ) );
#5792 = PCURVE('',#4687,#5793);
#5793 = DEFINITIONAL_REPRESENTATION('',(#5794),#5798);
#5794 = LINE('',#5795,#5796);
#5795 = CARTESIAN_POINT('',(0.,0.));
#5796 = VECTOR('',#5797,1.);
#5797 = DIRECTION('',(0.,1.));
#5798 = ( GEOMETRIC_REPRESENTATION_CONTEXT(2) 
PARAMETRIC_REPRESENTATION_CONTEXT() REPRESENTATION_CONTEXT('2D SPACE',''
  ) );
#5799 = ORIENTED_EDGE('',*,*,#5800,.F.);
#5800 = EDGE_CURVE('',#5801,#5778,#5803,.T.);
#5801 = VERTEX_POINT('',#5802);
#5802 = CARTESIAN_POINT('',(340.,952.21465744135,2.587327243681E+03));
#5803 = SURFACE_CURVE('',#5804,(#5808,#5815),.PCURVE_S1.);
#5804 = LINE('',#5805,#5806);
#5805 = CARTESIAN_POINT('',(340.,952.21465744135,2.587327243681E+03));
#5806 = VECTOR('',#5807,1.);
#5807 = DIRECTION('',(0.,0.124034734589,0.992277876714));
#5808 = PCURVE('',#4660,#5809);
#5809 = DEFINITIONAL_REPRESENTATION('',(#5810),#5814);
#5810 = LINE('',#5811,#5812);
#5811 = CARTESIAN_POINT('',(0.,0.));
#5812 = VECTOR('',#5813,1.);
#5813 = DIRECTION('',(1.,0.));
#5814 = ( GEOMETRIC_REPRESENTATION_CONTEXT(2) 
PARAMETRIC_REPRESENTATION_CONTEXT() REPRESENTATION_CONTEXT('2D SPACE',''
  ) );
#5815 = PCURVE('',#5816,#5821);
#5816 = PLANE('',#5817);
#5817 = AXIS2_PLACEMENT_3D('',#5818,#5819,#5820);
#5818 = CARTESIAN_POINT('',(340.,952.21465744135,2.587327243681E+03));
#5819 = DIRECTION('',(0.,0.992277876714,-0.124034734589));
#5820 = DIRECTION('',(0.,0.124034734589,0.992277876714));
#5821 = DEFINITIONAL_REPRESENTATION('',(#5822),#5826);
#5822 = LINE('',#5823,#5824);
#5823 = CARTESIAN_POINT('',(0.,0.));
#5824 = VECTOR('',#5825,1.);
#5825 = DIRECTION('',(1.,0.));
#5826 = ( GEOMETRIC_REPRESENTATION_CONTEXT(2) 
PARAMETRIC_REPRESENTATION_CONTEXT() REPRESENTATION_CONTEXT('2D SPACE',''
  ) );
#5827 = ORIENTED_EDGE('',*,*,#5828,.T.);
#5828 = EDGE_CURVE('',#5801,#5829,#5831,.T.);
#5829 = VERTEX_POINT('',#5830);
#5830 = CARTESIAN_POINT('',(340.,972.06021497562,2.584846548989E+03));
#5831 = SURFACE_CURVE('',#5832,(#5836,#5843),.PCURVE_S1.);
#5832 = LINE('',#5833,#5834);
#5833 = CARTESIAN_POINT('',(340.,952.21465744135,2.587327243681E+03));
#5834 = VECTOR('',#5835,1.);
#5835 = DIRECTION('',(0.,0.992277876714,-0.124034734589));
#5836 = PCURVE('',#4660,#5837);
#5837 = DEFINITIONAL_REPRESENTATION('',(#5838),#5842);
#5838 = LINE('',#5839,#5840);
#5839 = CARTESIAN_POINT('',(0.,0.));
#5840 = VECTOR('',#5841,1.);
#5841 = DIRECTION('',(0.,-1.));
#5842 = ( GEOMETRIC_REPRESENTATION_CONTEXT(2) 
PARAMETRIC_REPRESENTATION_CONTEXT() REPRESENTATION_CONTEXT('2D SPACE',''
  ) );
#5843 = PCURVE('',#5844,#5849);
#5844 = PLANE('',#5845);
#5845 = AXIS2_PLACEMENT_3D('',#5846,#5847,#5848);
#5846 = CARTESIAN_POINT('',(340.,952.21465744135,2.587327243681E+03));
#5847 = DIRECTION('',(0.,0.124034734589,0.992277876714));
#5848 = DIRECTION('',(1.,0.,-0.));
#5849 = DEFINITIONAL_REPRESENTATION('',(#5850),#5854);
#5850 = LINE('',#5851,#5852);
#5851 = CARTESIAN_POINT('',(0.,0.));
#5852 = VECTOR('',#5853,1.);
#5853 = DIRECTION('',(0.,1.));
#5854 = ( GEOMETRIC_REPRESENTATION_CONTEXT(2) 
PARAMETRIC_REPRESENTATION_CONTEXT() REPRESENTATION_CONTEXT('2D SPACE',''
  ) );
#5855 = ORIENTED_EDGE('',*,*,#5856,.T.);
#5856 = EDGE_CURVE('',#5829,#5857,#5859,.T.);
#5857 = VERTEX_POINT('',#5858);
#5858 = CARTESIAN_POINT('',(340.,976.15336121707,2.617591718921E+03));
#5859 = SURFACE_CURVE('',#5860,(#5864,#5871),.PCURVE_S1.);
#5860 = LINE('',#5861,#5862);
#5861 = CARTESIAN_POINT('',(340.,972.06021497562,2.584846548989E+03));
#5862 = VECTOR('',#5863,1.);
#5863 = DIRECTION('',(0.,0.124034734589,0.992277876714));
#5864 = PCURVE('',#4660,#5865);
#5865 = DEFINITIONAL_REPRESENTATION('',(#5866),#5870);
#5866 = LINE('',#5867,#5868);
#5867 = CARTESIAN_POINT('',(0.,-20.));
#5868 = VECTOR('',#5869,1.);
#5869 = DIRECTION('',(1.,0.));
#5870 = ( GEOMETRIC_REPRESENTATION_CONTEXT(2) 
PARAMETRIC_REPRESENTATION_CONTEXT() REPRESENTATION_CONTEXT('2D SPACE',''
  ) );
#5871 = PCURVE('',#5872,#5877);
#5872 = PLANE('',#5873);
#5873 = AXIS2_PLACEMENT_3D('',#5874,#5875,#5876);
#5874 = CARTESIAN_POINT('',(340.,972.06021497562,2.584846548989E+03));
#5875 = DIRECTION('',(0.,0.992277876714,-0.124034734589));
#5876 = DIRECTION('',(0.,0.124034734589,0.992277876714));
#5877 = DEFINITIONAL_REPRESENTATION('',(#5878),#5882);
#5878 = LINE('',#5879,#5880);
#5879 = CARTESIAN_POINT('',(0.,0.));
#5880 = VECTOR('',#5881,1.);
#5881 = DIRECTION('',(1.,0.));
#5882 = ( GEOMETRIC_REPRESENTATION_CONTEXT(2) 
PARAMETRIC_REPRESENTATION_CONTEXT() REPRESENTATION_CONTEXT('2D SPACE',''
  ) );
#5883 = ORIENTED_EDGE('',*,*,#5884,.F.);
#5884 = EDGE_CURVE('',#4644,#5857,#5885,.T.);
#5885 = SURFACE_CURVE('',#5886,(#5890,#5897),.PCURVE_S1.);
#5886 = LINE('',#5887,#5888);
#5887 = CARTESIAN_POINT('',(340.,956.30780368279,2.620072413613E+03));
#5888 = VECTOR('',#5889,1.);
#5889 = DIRECTION('',(0.,0.992277876714,-0.124034734589));
#5890 = PCURVE('',#4660,#5891);
#5891 = DEFINITIONAL_REPRESENTATION('',(#5892),#5896);
#5892 = LINE('',#5893,#5894);
#5893 = CARTESIAN_POINT('',(33.,0.));
#5894 = VECTOR('',#5895,1.);
#5895 = DIRECTION('',(0.,-1.));
#5896 = ( GEOMETRIC_REPRESENTATION_CONTEXT(2) 
PARAMETRIC_REPRESENTATION_CONTEXT() REPRESENTATION_CONTEXT('2D SPACE',''
  ) );
#5897 = PCURVE('',#4740,#5898);
#5898 = DEFINITIONAL_REPRESENTATION('',(#5899),#5903);
#5899 = LINE('',#5900,#5901);
#5900 = CARTESIAN_POINT('',(0.,0.));
#5901 = VECTOR('',#5902,1.);
#5902 = DIRECTION('',(0.,1.));
#5903 = ( GEOMETRIC_REPRESENTATION_CONTEXT(2) 
PARAMETRIC_REPRESENTATION_CONTEXT() REPRESENTATION_CONTEXT('2D SPACE',''
  ) );
#5904 = ORIENTED_EDGE('',*,*,#4641,.F.);
#5905 = ADVANCED_FACE('',(#5906),#4740,.T.);
#5906 = FACE_BOUND('',#5907,.T.);
#5907 = EDGE_LOOP('',(#5908,#5909,#5910,#5933));
#5908 = ORIENTED_EDGE('',*,*,#5884,.F.);
#5909 = ORIENTED_EDGE('',*,*,#4727,.T.);
#5910 = ORIENTED_EDGE('',*,*,#5911,.T.);
#5911 = EDGE_CURVE('',#4699,#5912,#5914,.T.);
#5912 = VERTEX_POINT('',#5913);
#5913 = CARTESIAN_POINT('',(360.,976.15336121707,2.617591718921E+03));
#5914 = SURFACE_CURVE('',#5915,(#5919,#5926),.PCURVE_S1.);
#5915 = LINE('',#5916,#5917);
#5916 = CARTESIAN_POINT('',(360.,956.30780368279,2.620072413613E+03));
#5917 = VECTOR('',#5918,1.);
#5918 = DIRECTION('',(0.,0.992277876714,-0.124034734589));
#5919 = PCURVE('',#4740,#5920);
#5920 = DEFINITIONAL_REPRESENTATION('',(#5921),#5925);
#5921 = LINE('',#5922,#5923);
#5922 = CARTESIAN_POINT('',(20.,0.));
#5923 = VECTOR('',#5924,1.);
#5924 = DIRECTION('',(0.,1.));
#5925 = ( GEOMETRIC_REPRESENTATION_CONTEXT(2) 
PARAMETRIC_REPRESENTATION_CONTEXT() REPRESENTATION_CONTEXT('2D SPACE',''
  ) );
#5926 = PCURVE('',#4715,#5927);
#5927 = DEFINITIONAL_REPRESENTATION('',(#5928),#5932);
#5928 = LINE('',#5929,#5930);
#5929 = CARTESIAN_POINT('',(33.,0.));
#5930 = VECTOR('',#5931,1.);
#5931 = DIRECTION('',(0.,-1.));
#5932 = ( GEOMETRIC_REPRESENTATION_CONTEXT(2) 
PARAMETRIC_REPRESENTATION_CONTEXT() REPRESENTATION_CONTEXT('2D SPACE',''
  ) );
#5933 = ORIENTED_EDGE('',*,*,#5934,.F.);
#5934 = EDGE_CURVE('',#5857,#5912,#5935,.T.);
#5935 = SURFACE_CURVE('',#5936,(#5940,#5947),.PCURVE_S1.);
#5936 = LINE('',#5937,#5938);
#5937 = CARTESIAN_POINT('',(340.,976.15336121707,2.617591718921E+03));
#5938 = VECTOR('',#5939,1.);
#5939 = DIRECTION('',(1.,0.,-0.));
#5940 = PCURVE('',#4740,#5941);
#5941 = DEFINITIONAL_REPRESENTATION('',(#5942),#5946);
#5942 = LINE('',#5943,#5944);
#5943 = CARTESIAN_POINT('',(0.,20.));
#5944 = VECTOR('',#5945,1.);
#5945 = DIRECTION('',(1.,0.));
#5946 = ( GEOMETRIC_REPRESENTATION_CONTEXT(2) 
PARAMETRIC_REPRESENTATION_CONTEXT() REPRESENTATION_CONTEXT('2D SPACE',''
  ) );
#5947 = PCURVE('',#5872,#5948);
#5948 = DEFINITIONAL_REPRESENTATION('',(#5949),#5953);
#5949 = LINE('',#5950,#5951);
#5950 = CARTESIAN_POINT('',(33.,0.));
#5951 = VECTOR('',#5952,1.);
#5952 = DIRECTION('',(0.,1.));
#5953 = ( GEOMETRIC_REPRESENTATION_CONTEXT(2) 
PARAMETRIC_REPRESENTATION_CONTEXT() REPRESENTATION_CONTEXT('2D SPACE',''
  ) );
#5954 = ADVANCED_FACE('',(#5955),#4715,.T.);
#5955 = FACE_BOUND('',#5956,.T.);
#5956 = EDGE_LOOP('',(#5957,#5980,#6003,#6026,#6047,#6048));
#5957 = ORIENTED_EDGE('',*,*,#5958,.F.);
#5958 = EDGE_CURVE('',#5959,#4673,#5961,.T.);
#5959 = VERTEX_POINT('',#5960);
#5960 = CARTESIAN_POINT('',(360.,956.30780368279,2.620072413613E+03));
#5961 = SURFACE_CURVE('',#5962,(#5966,#5973),.PCURVE_S1.);
#5962 = LINE('',#5963,#5964);
#5963 = CARTESIAN_POINT('',(360.,956.30780368279,2.620072413613E+03));
#5964 = VECTOR('',#5965,1.);
#5965 = DIRECTION('',(0.,0.992277876714,-0.124034734589));
#5966 = PCURVE('',#4715,#5967);
#5967 = DEFINITIONAL_REPRESENTATION('',(#5968),#5972);
#5968 = LINE('',#5969,#5970);
#5969 = CARTESIAN_POINT('',(33.,0.));
#5970 = VECTOR('',#5971,1.);
#5971 = DIRECTION('',(0.,-1.));
#5972 = ( GEOMETRIC_REPRESENTATION_CONTEXT(2) 
PARAMETRIC_REPRESENTATION_CONTEXT() REPRESENTATION_CONTEXT('2D SPACE',''
  ) );
#5973 = PCURVE('',#4687,#5974);
#5974 = DEFINITIONAL_REPRESENTATION('',(#5975),#5979);
#5975 = LINE('',#5976,#5977);
#5976 = CARTESIAN_POINT('',(20.,0.));
#5977 = VECTOR('',#5978,1.);
#5978 = DIRECTION('',(0.,1.));
#5979 = ( GEOMETRIC_REPRESENTATION_CONTEXT(2) 
PARAMETRIC_REPRESENTATION_CONTEXT() REPRESENTATION_CONTEXT('2D SPACE',''
  ) );
#5980 = ORIENTED_EDGE('',*,*,#5981,.F.);
#5981 = EDGE_CURVE('',#5982,#5959,#5984,.T.);
#5982 = VERTEX_POINT('',#5983);
#5983 = CARTESIAN_POINT('',(360.,952.21465744135,2.587327243681E+03));
#5984 = SURFACE_CURVE('',#5985,(#5989,#5996),.PCURVE_S1.);
#5985 = LINE('',#5986,#5987);
#5986 = CARTESIAN_POINT('',(360.,952.21465744135,2.587327243681E+03));
#5987 = VECTOR('',#5988,1.);
#5988 = DIRECTION('',(0.,0.124034734589,0.992277876714));
#5989 = PCURVE('',#4715,#5990);
#5990 = DEFINITIONAL_REPRESENTATION('',(#5991),#5995);
#5991 = LINE('',#5992,#5993);
#5992 = CARTESIAN_POINT('',(0.,0.));
#5993 = VECTOR('',#5994,1.);
#5994 = DIRECTION('',(1.,0.));
#5995 = ( GEOMETRIC_REPRESENTATION_CONTEXT(2) 
PARAMETRIC_REPRESENTATION_CONTEXT() REPRESENTATION_CONTEXT('2D SPACE',''
  ) );
#5996 = PCURVE('',#5816,#5997);
#5997 = DEFINITIONAL_REPRESENTATION('',(#5998),#6002);
#5998 = LINE('',#5999,#6000);
#5999 = CARTESIAN_POINT('',(0.,20.));
#6000 = VECTOR('',#6001,1.);
#6001 = DIRECTION('',(1.,0.));
#6002 = ( GEOMETRIC_REPRESENTATION_CONTEXT(2) 
PARAMETRIC_REPRESENTATION_CONTEXT() REPRESENTATION_CONTEXT('2D SPACE',''
  ) );
#6003 = ORIENTED_EDGE('',*,*,#6004,.T.);
#6004 = EDGE_CURVE('',#5982,#6005,#6007,.T.);
#6005 = VERTEX_POINT('',#6006);
#6006 = CARTESIAN_POINT('',(360.,972.06021497562,2.584846548989E+03));
#6007 = SURFACE_CURVE('',#6008,(#6012,#6019),.PCURVE_S1.);
#6008 = LINE('',#6009,#6010);
#6009 = CARTESIAN_POINT('',(360.,952.21465744135,2.587327243681E+03));
#6010 = VECTOR('',#6011,1.);
#6011 = DIRECTION('',(0.,0.992277876714,-0.124034734589));
#6012 = PCURVE('',#4715,#6013);
#6013 = DEFINITIONAL_REPRESENTATION('',(#6014),#6018);
#6014 = LINE('',#6015,#6016);
#6015 = CARTESIAN_POINT('',(0.,0.));
#6016 = VECTOR('',#6017,1.);
#6017 = DIRECTION('',(0.,-1.));
#6018 = ( GEOMETRIC_REPRESENTATION_CONTEXT(2) 
PARAMETRIC_REPRESENTATION_CONTEXT() REPRESENTATION_CONTEXT('2D SPACE',''
  ) );
#6019 = PCURVE('',#5844,#6020);
#6020 = DEFINITIONAL_REPRESENTATION('',(#6021),#6025);
#6021 = LINE('',#6022,#6023);
#6022 = CARTESIAN_POINT('',(20.,0.));
#6023 = VECTOR('',#6024,1.);
#6024 = DIRECTION('',(0.,1.));
#6025 = ( GEOMETRIC_REPRESENTATION_CONTEXT(2) 
PARAMETRIC_REPRESENTATION_CONTEXT() REPRESENTATION_CONTEXT('2D SPACE',''
  ) );
#6026 = ORIENTED_EDGE('',*,*,#6027,.T.);
#6027 = EDGE_CURVE('',#6005,#5912,#6028,.T.);
#6028 = SURFACE_CURVE('',#6029,(#6033,#6040),.PCURVE_S1.);
#6029 = LINE('',#6030,#6031);
#6030 = CARTESIAN_POINT('',(360.,972.06021497562,2.584846548989E+03));
#6031 = VECTOR('',#6032,1.);
#6032 = DIRECTION('',(0.,0.124034734589,0.992277876714));
#6033 = PCURVE('',#4715,#6034);
#6034 = DEFINITIONAL_REPRESENTATION('',(#6035),#6039);
#6035 = LINE('',#6036,#6037);
#6036 = CARTESIAN_POINT('',(0.,-20.));
#6037 = VECTOR('',#6038,1.);
#6038 = DIRECTION('',(1.,0.));
#6039 = ( GEOMETRIC_REPRESENTATION_CONTEXT(2) 
PARAMETRIC_REPRESENTATION_CONTEXT() REPRESENTATION_CONTEXT('2D SPACE',''
  ) );
#6040 = PCURVE('',#5872,#6041);
#6041 = DEFINITIONAL_REPRESENTATION('',(#6042),#6046);
#6042 = LINE('',#6043,#6044);
#6043 = CARTESIAN_POINT('',(0.,20.));
#6044 = VECTOR('',#6045,1.);
#6045 = DIRECTION('',(1.,0.));
#6046 = ( GEOMETRIC_REPRESENTATION_CONTEXT(2) 
PARAMETRIC_REPRESENTATION_CONTEXT() REPRESENTATION_CONTEXT('2D SPACE',''
  ) );
#6047 = ORIENTED_EDGE('',*,*,#5911,.F.);
#6048 = ORIENTED_EDGE('',*,*,#4698,.F.);
#6049 = ADVANCED_FACE('',(#6050),#4687,.T.);
#6050 = FACE_BOUND('',#6051,.T.);
#6051 = EDGE_LOOP('',(#6052,#6053,#6074,#6075));
#6052 = ORIENTED_EDGE('',*,*,#5777,.F.);
#6053 = ORIENTED_EDGE('',*,*,#6054,.T.);
#6054 = EDGE_CURVE('',#5778,#5959,#6055,.T.);
#6055 = SURFACE_CURVE('',#6056,(#6060,#6067),.PCURVE_S1.);
#6056 = LINE('',#6057,#6058);
#6057 = CARTESIAN_POINT('',(340.,956.30780368279,2.620072413613E+03));
#6058 = VECTOR('',#6059,1.);
#6059 = DIRECTION('',(1.,0.,-0.));
#6060 = PCURVE('',#4687,#6061);
#6061 = DEFINITIONAL_REPRESENTATION('',(#6062),#6066);
#6062 = LINE('',#6063,#6064);
#6063 = CARTESIAN_POINT('',(0.,0.));
#6064 = VECTOR('',#6065,1.);
#6065 = DIRECTION('',(1.,0.));
#6066 = ( GEOMETRIC_REPRESENTATION_CONTEXT(2) 
PARAMETRIC_REPRESENTATION_CONTEXT() REPRESENTATION_CONTEXT('2D SPACE',''
  ) );
#6067 = PCURVE('',#5816,#6068);
#6068 = DEFINITIONAL_REPRESENTATION('',(#6069),#6073);
#6069 = LINE('',#6070,#6071);
#6070 = CARTESIAN_POINT('',(33.,0.));
#6071 = VECTOR('',#6072,1.);
#6072 = DIRECTION('',(0.,1.));
#6073 = ( GEOMETRIC_REPRESENTATION_CONTEXT(2) 
PARAMETRIC_REPRESENTATION_CONTEXT() REPRESENTATION_CONTEXT('2D SPACE',''
  ) );
#6074 = ORIENTED_EDGE('',*,*,#5958,.T.);
#6075 = ORIENTED_EDGE('',*,*,#4672,.F.);
#6076 = ADVANCED_FACE('',(#6077),#4772,.F.);
#6077 = FACE_BOUND('',#6078,.F.);
#6078 = EDGE_LOOP('',(#6079,#6102,#6130,#6158,#6186,#6207));
#6079 = ORIENTED_EDGE('',*,*,#6080,.F.);
#6080 = EDGE_CURVE('',#6081,#4754,#6083,.T.);
#6081 = VERTEX_POINT('',#6082);
#6082 = CARTESIAN_POINT('',(1.04E+03,956.30780368279,2.620072413613E+03)
  );
#6083 = SURFACE_CURVE('',#6084,(#6088,#6095),.PCURVE_S1.);
#6084 = LINE('',#6085,#6086);
#6085 = CARTESIAN_POINT('',(1.04E+03,956.30780368279,2.620072413613E+03)
  );
#6086 = VECTOR('',#6087,1.);
#6087 = DIRECTION('',(0.,0.992277876714,-0.124034734589));
#6088 = PCURVE('',#4772,#6089);
#6089 = DEFINITIONAL_REPRESENTATION('',(#6090),#6094);
#6090 = LINE('',#6091,#6092);
#6091 = CARTESIAN_POINT('',(33.,0.));
#6092 = VECTOR('',#6093,1.);
#6093 = DIRECTION('',(0.,-1.));
#6094 = ( GEOMETRIC_REPRESENTATION_CONTEXT(2) 
PARAMETRIC_REPRESENTATION_CONTEXT() REPRESENTATION_CONTEXT('2D SPACE',''
  ) );
#6095 = PCURVE('',#4799,#6096);
#6096 = DEFINITIONAL_REPRESENTATION('',(#6097),#6101);
#6097 = LINE('',#6098,#6099);
#6098 = CARTESIAN_POINT('',(0.,0.));
#6099 = VECTOR('',#6100,1.);
#6100 = DIRECTION('',(0.,1.));
#6101 = ( GEOMETRIC_REPRESENTATION_CONTEXT(2) 
PARAMETRIC_REPRESENTATION_CONTEXT() REPRESENTATION_CONTEXT('2D SPACE',''
  ) );
#6102 = ORIENTED_EDGE('',*,*,#6103,.F.);
#6103 = EDGE_CURVE('',#6104,#6081,#6106,.T.);
#6104 = VERTEX_POINT('',#6105);
#6105 = CARTESIAN_POINT('',(1.04E+03,952.21465744135,2.587327243681E+03)
  );
#6106 = SURFACE_CURVE('',#6107,(#6111,#6118),.PCURVE_S1.);
#6107 = LINE('',#6108,#6109);
#6108 = CARTESIAN_POINT('',(1.04E+03,952.21465744135,2.587327243681E+03)
  );
#6109 = VECTOR('',#6110,1.);
#6110 = DIRECTION('',(0.,0.124034734589,0.992277876714));
#6111 = PCURVE('',#4772,#6112);
#6112 = DEFINITIONAL_REPRESENTATION('',(#6113),#6117);
#6113 = LINE('',#6114,#6115);
#6114 = CARTESIAN_POINT('',(0.,0.));
#6115 = VECTOR('',#6116,1.);
#6116 = DIRECTION('',(1.,0.));
#6117 = ( GEOMETRIC_REPRESENTATION_CONTEXT(2) 
PARAMETRIC_REPRESENTATION_CONTEXT() REPRESENTATION_CONTEXT('2D SPACE',''
  ) );
#6118 = PCURVE('',#6119,#6124);
#6119 = PLANE('',#6120);
#6120 = AXIS2_PLACEMENT_3D('',#6121,#6122,#6123);
#6121 = CARTESIAN_POINT('',(1.04E+03,952.21465744135,2.587327243681E+03)
  );
#6122 = DIRECTION('',(0.,0.992277876714,-0.124034734589));
#6123 = DIRECTION('',(0.,0.124034734589,0.992277876714));
#6124 = DEFINITIONAL_REPRESENTATION('',(#6125),#6129);
#6125 = LINE('',#6126,#6127);
#6126 = CARTESIAN_POINT('',(0.,0.));
#6127 = VECTOR('',#6128,1.);
#6128 = DIRECTION('',(1.,0.));
#6129 = ( GEOMETRIC_REPRESENTATION_CONTEXT(2) 
PARAMETRIC_REPRESENTATION_CONTEXT() REPRESENTATION_CONTEXT('2D SPACE',''
  ) );
#6130 = ORIENTED_EDGE('',*,*,#6131,.T.);
#6131 = EDGE_CURVE('',#6104,#6132,#6134,.T.);
#6132 = VERTEX_POINT('',#6133);
#6133 = CARTESIAN_POINT('',(1.04E+03,972.06021497562,2.584846548989E+03)
  );
#6134 = SURFACE_CURVE('',#6135,(#6139,#6146),.PCURVE_S1.);
#6135 = LINE('',#6136,#6137);
#6136 = CARTESIAN_POINT('',(1.04E+03,952.21465744135,2.587327243681E+03)
  );
#6137 = VECTOR('',#6138,1.);
#6138 = DIRECTION('',(0.,0.992277876714,-0.124034734589));
#6139 = PCURVE('',#4772,#6140);
#6140 = DEFINITIONAL_REPRESENTATION('',(#6141),#6145);
#6141 = LINE('',#6142,#6143);
#6142 = CARTESIAN_POINT('',(0.,0.));
#6143 = VECTOR('',#6144,1.);
#6144 = DIRECTION('',(0.,-1.));
#6145 = ( GEOMETRIC_REPRESENTATION_CONTEXT(2) 
PARAMETRIC_REPRESENTATION_CONTEXT() REPRESENTATION_CONTEXT('2D SPACE',''
  ) );
#6146 = PCURVE('',#6147,#6152);
#6147 = PLANE('',#6148);
#6148 = AXIS2_PLACEMENT_3D('',#6149,#6150,#6151);
#6149 = CARTESIAN_POINT('',(1.04E+03,952.21465744135,2.587327243681E+03)
  );
#6150 = DIRECTION('',(0.,0.124034734589,0.992277876714));
#6151 = DIRECTION('',(1.,0.,-0.));
#6152 = DEFINITIONAL_REPRESENTATION('',(#6153),#6157);
#6153 = LINE('',#6154,#6155);
#6154 = CARTESIAN_POINT('',(0.,0.));
#6155 = VECTOR('',#6156,1.);
#6156 = DIRECTION('',(0.,1.));
#6157 = ( GEOMETRIC_REPRESENTATION_CONTEXT(2) 
PARAMETRIC_REPRESENTATION_CONTEXT() REPRESENTATION_CONTEXT('2D SPACE',''
  ) );
#6158 = ORIENTED_EDGE('',*,*,#6159,.T.);
#6159 = EDGE_CURVE('',#6132,#6160,#6162,.T.);
#6160 = VERTEX_POINT('',#6161);
#6161 = CARTESIAN_POINT('',(1.04E+03,976.15336121707,2.617591718921E+03)
  );
#6162 = SURFACE_CURVE('',#6163,(#6167,#6174),.PCURVE_S1.);
#6163 = LINE('',#6164,#6165);
#6164 = CARTESIAN_POINT('',(1.04E+03,972.06021497562,2.584846548989E+03)
  );
#6165 = VECTOR('',#6166,1.);
#6166 = DIRECTION('',(0.,0.124034734589,0.992277876714));
#6167 = PCURVE('',#4772,#6168);
#6168 = DEFINITIONAL_REPRESENTATION('',(#6169),#6173);
#6169 = LINE('',#6170,#6171);
#6170 = CARTESIAN_POINT('',(0.,-20.));
#6171 = VECTOR('',#6172,1.);
#6172 = DIRECTION('',(1.,0.));
#6173 = ( GEOMETRIC_REPRESENTATION_CONTEXT(2) 
PARAMETRIC_REPRESENTATION_CONTEXT() REPRESENTATION_CONTEXT('2D SPACE',''
  ) );
#6174 = PCURVE('',#6175,#6180);
#6175 = PLANE('',#6176);
#6176 = AXIS2_PLACEMENT_3D('',#6177,#6178,#6179);
#6177 = CARTESIAN_POINT('',(1.04E+03,972.06021497562,2.584846548989E+03)
  );
#6178 = DIRECTION('',(0.,0.992277876714,-0.124034734589));
#6179 = DIRECTION('',(0.,0.124034734589,0.992277876714));
#6180 = DEFINITIONAL_REPRESENTATION('',(#6181),#6185);
#6181 = LINE('',#6182,#6183);
#6182 = CARTESIAN_POINT('',(0.,0.));
#6183 = VECTOR('',#6184,1.);
#6184 = DIRECTION('',(1.,0.));
#6185 = ( GEOMETRIC_REPRESENTATION_CONTEXT(2) 
PARAMETRIC_REPRESENTATION_CONTEXT() REPRESENTATION_CONTEXT('2D SPACE',''
  ) );
#6186 = ORIENTED_EDGE('',*,*,#6187,.F.);
#6187 = EDGE_CURVE('',#4756,#6160,#6188,.T.);
#6188 = SURFACE_CURVE('',#6189,(#6193,#6200),.PCURVE_S1.);
#6189 = LINE('',#6190,#6191);
#6190 = CARTESIAN_POINT('',(1.04E+03,956.30780368279,2.620072413613E+03)
  );
#6191 = VECTOR('',#6192,1.);
#6192 = DIRECTION('',(0.,0.992277876714,-0.124034734589));
#6193 = PCURVE('',#4772,#6194);
#6194 = DEFINITIONAL_REPRESENTATION('',(#6195),#6199);
#6195 = LINE('',#6196,#6197);
#6196 = CARTESIAN_POINT('',(33.,0.));
#6197 = VECTOR('',#6198,1.);
#6198 = DIRECTION('',(0.,-1.));
#6199 = ( GEOMETRIC_REPRESENTATION_CONTEXT(2) 
PARAMETRIC_REPRESENTATION_CONTEXT() REPRESENTATION_CONTEXT('2D SPACE',''
  ) );
#6200 = PCURVE('',#4852,#6201);
#6201 = DEFINITIONAL_REPRESENTATION('',(#6202),#6206);
#6202 = LINE('',#6203,#6204);
#6203 = CARTESIAN_POINT('',(0.,0.));
#6204 = VECTOR('',#6205,1.);
#6205 = DIRECTION('',(0.,1.));
#6206 = ( GEOMETRIC_REPRESENTATION_CONTEXT(2) 
PARAMETRIC_REPRESENTATION_CONTEXT() REPRESENTATION_CONTEXT('2D SPACE',''
  ) );
#6207 = ORIENTED_EDGE('',*,*,#4753,.F.);
#6208 = ADVANCED_FACE('',(#6209),#4852,.T.);
#6209 = FACE_BOUND('',#6210,.T.);
#6210 = EDGE_LOOP('',(#6211,#6212,#6213,#6236));
#6211 = ORIENTED_EDGE('',*,*,#6187,.F.);
#6212 = ORIENTED_EDGE('',*,*,#4839,.T.);
#6213 = ORIENTED_EDGE('',*,*,#6214,.T.);
#6214 = EDGE_CURVE('',#4811,#6215,#6217,.T.);
#6215 = VERTEX_POINT('',#6216);
#6216 = CARTESIAN_POINT('',(1.06E+03,976.15336121707,2.617591718921E+03)
  );
#6217 = SURFACE_CURVE('',#6218,(#6222,#6229),.PCURVE_S1.);
#6218 = LINE('',#6219,#6220);
#6219 = CARTESIAN_POINT('',(1.06E+03,956.30780368279,2.620072413613E+03)
  );
#6220 = VECTOR('',#6221,1.);
#6221 = DIRECTION('',(0.,0.992277876714,-0.124034734589));
#6222 = PCURVE('',#4852,#6223);
#6223 = DEFINITIONAL_REPRESENTATION('',(#6224),#6228);
#6224 = LINE('',#6225,#6226);
#6225 = CARTESIAN_POINT('',(20.,0.));
#6226 = VECTOR('',#6227,1.);
#6227 = DIRECTION('',(0.,1.));
#6228 = ( GEOMETRIC_REPRESENTATION_CONTEXT(2) 
PARAMETRIC_REPRESENTATION_CONTEXT() REPRESENTATION_CONTEXT('2D SPACE',''
  ) );
#6229 = PCURVE('',#4827,#6230);
#6230 = DEFINITIONAL_REPRESENTATION('',(#6231),#6235);
#6231 = LINE('',#6232,#6233);
#6232 = CARTESIAN_POINT('',(33.,0.));
#6233 = VECTOR('',#6234,1.);
#6234 = DIRECTION('',(0.,-1.));
#6235 = ( GEOMETRIC_REPRESENTATION_CONTEXT(2) 
PARAMETRIC_REPRESENTATION_CONTEXT() REPRESENTATION_CONTEXT('2D SPACE',''
  ) );
#6236 = ORIENTED_EDGE('',*,*,#6237,.F.);
#6237 = EDGE_CURVE('',#6160,#6215,#6238,.T.);
#6238 = SURFACE_CURVE('',#6239,(#6243,#6250),.PCURVE_S1.);
#6239 = LINE('',#6240,#6241);
#6240 = CARTESIAN_POINT('',(1.04E+03,976.15336121707,2.617591718921E+03)
  );
#6241 = VECTOR('',#6242,1.);
#6242 = DIRECTION('',(1.,0.,-0.));
#6243 = PCURVE('',#4852,#6244);
#6244 = DEFINITIONAL_REPRESENTATION('',(#6245),#6249);
#6245 = LINE('',#6246,#6247);
#6246 = CARTESIAN_POINT('',(0.,20.));
#6247 = VECTOR('',#6248,1.);
#6248 = DIRECTION('',(1.,0.));
#6249 = ( GEOMETRIC_REPRESENTATION_CONTEXT(2) 
PARAMETRIC_REPRESENTATION_CONTEXT() REPRESENTATION_CONTEXT('2D SPACE',''
  ) );
#6250 = PCURVE('',#6175,#6251);
#6251 = DEFINITIONAL_REPRESENTATION('',(#6252),#6256);
#6252 = LINE('',#6253,#6254);
#6253 = CARTESIAN_POINT('',(33.,0.));
#6254 = VECTOR('',#6255,1.);
#6255 = DIRECTION('',(0.,1.));
#6256 = ( GEOMETRIC_REPRESENTATION_CONTEXT(2) 
PARAMETRIC_REPRESENTATION_CONTEXT() REPRESENTATION_CONTEXT('2D SPACE',''
  ) );
#6257 = ADVANCED_FACE('',(#6258),#4827,.T.);
#6258 = FACE_BOUND('',#6259,.T.);
#6259 = EDGE_LOOP('',(#6260,#6283,#6306,#6329,#6350,#6351));
#6260 = ORIENTED_EDGE('',*,*,#6261,.F.);
#6261 = EDGE_CURVE('',#6262,#4785,#6264,.T.);
#6262 = VERTEX_POINT('',#6263);
#6263 = CARTESIAN_POINT('',(1.06E+03,956.30780368279,2.620072413613E+03)
  );
#6264 = SURFACE_CURVE('',#6265,(#6269,#6276),.PCURVE_S1.);
#6265 = LINE('',#6266,#6267);
#6266 = CARTESIAN_POINT('',(1.06E+03,956.30780368279,2.620072413613E+03)
  );
#6267 = VECTOR('',#6268,1.);
#6268 = DIRECTION('',(0.,0.992277876714,-0.124034734589));
#6269 = PCURVE('',#4827,#6270);
#6270 = DEFINITIONAL_REPRESENTATION('',(#6271),#6275);
#6271 = LINE('',#6272,#6273);
#6272 = CARTESIAN_POINT('',(33.,0.));
#6273 = VECTOR('',#6274,1.);
#6274 = DIRECTION('',(0.,-1.));
#6275 = ( GEOMETRIC_REPRESENTATION_CONTEXT(2) 
PARAMETRIC_REPRESENTATION_CONTEXT() REPRESENTATION_CONTEXT('2D SPACE',''
  ) );
#6276 = PCURVE('',#4799,#6277);
#6277 = DEFINITIONAL_REPRESENTATION('',(#6278),#6282);
#6278 = LINE('',#6279,#6280);
#6279 = CARTESIAN_POINT('',(20.,0.));
#6280 = VECTOR('',#6281,1.);
#6281 = DIRECTION('',(0.,1.));
#6282 = ( GEOMETRIC_REPRESENTATION_CONTEXT(2) 
PARAMETRIC_REPRESENTATION_CONTEXT() REPRESENTATION_CONTEXT('2D SPACE',''
  ) );
#6283 = ORIENTED_EDGE('',*,*,#6284,.F.);
#6284 = EDGE_CURVE('',#6285,#6262,#6287,.T.);
#6285 = VERTEX_POINT('',#6286);
#6286 = CARTESIAN_POINT('',(1.06E+03,952.21465744135,2.587327243681E+03)
  );
#6287 = SURFACE_CURVE('',#6288,(#6292,#6299),.PCURVE_S1.);
#6288 = LINE('',#6289,#6290);
#6289 = CARTESIAN_POINT('',(1.06E+03,952.21465744135,2.587327243681E+03)
  );
#6290 = VECTOR('',#6291,1.);
#6291 = DIRECTION('',(0.,0.124034734589,0.992277876714));
#6292 = PCURVE('',#4827,#6293);
#6293 = DEFINITIONAL_REPRESENTATION('',(#6294),#6298);
#6294 = LINE('',#6295,#6296);
#6295 = CARTESIAN_POINT('',(0.,0.));
#6296 = VECTOR('',#6297,1.);
#6297 = DIRECTION('',(1.,0.));
#6298 = ( GEOMETRIC_REPRESENTATION_CONTEXT(2) 
PARAMETRIC_REPRESENTATION_CONTEXT() REPRESENTATION_CONTEXT('2D SPACE',''
  ) );
#6299 = PCURVE('',#6119,#6300);
#6300 = DEFINITIONAL_REPRESENTATION('',(#6301),#6305);
#6301 = LINE('',#6302,#6303);
#6302 = CARTESIAN_POINT('',(0.,20.));
#6303 = VECTOR('',#6304,1.);
#6304 = DIRECTION('',(1.,0.));
#6305 = ( GEOMETRIC_REPRESENTATION_CONTEXT(2) 
PARAMETRIC_REPRESENTATION_CONTEXT() REPRESENTATION_CONTEXT('2D SPACE',''
  ) );
#6306 = ORIENTED_EDGE('',*,*,#6307,.T.);
#6307 = EDGE_CURVE('',#6285,#6308,#6310,.T.);
#6308 = VERTEX_POINT('',#6309);
#6309 = CARTESIAN_POINT('',(1.06E+03,972.06021497562,2.584846548989E+03)
  );
#6310 = SURFACE_CURVE('',#6311,(#6315,#6322),.PCURVE_S1.);
#6311 = LINE('',#6312,#6313);
#6312 = CARTESIAN_POINT('',(1.06E+03,952.21465744135,2.587327243681E+03)
  );
#6313 = VECTOR('',#6314,1.);
#6314 = DIRECTION('',(0.,0.992277876714,-0.124034734589));
#6315 = PCURVE('',#4827,#6316);
#6316 = DEFINITIONAL_REPRESENTATION('',(#6317),#6321);
#6317 = LINE('',#6318,#6319);
#6318 = CARTESIAN_POINT('',(0.,0.));
#6319 = VECTOR('',#6320,1.);
#6320 = DIRECTION('',(0.,-1.));
#6321 = ( GEOMETRIC_REPRESENTATION_CONTEXT(2) 
PARAMETRIC_REPRESENTATION_CONTEXT() REPRESENTATION_CONTEXT('2D SPACE',''
  ) );
#6322 = PCURVE('',#6147,#6323);
#6323 = DEFINITIONAL_REPRESENTATION('',(#6324),#6328);
#6324 = LINE('',#6325,#6326);
#6325 = CARTESIAN_POINT('',(20.,0.));
#6326 = VECTOR('',#6327,1.);
#6327 = DIRECTION('',(0.,1.));
#6328 = ( GEOMETRIC_REPRESENTATION_CONTEXT(2) 
PARAMETRIC_REPRESENTATION_CONTEXT() REPRESENTATION_CONTEXT('2D SPACE',''
  ) );
#6329 = ORIENTED_EDGE('',*,*,#6330,.T.);
#6330 = EDGE_CURVE('',#6308,#6215,#6331,.T.);
#6331 = SURFACE_CURVE('',#6332,(#6336,#6343),.PCURVE_S1.);
#6332 = LINE('',#6333,#6334);
#6333 = CARTESIAN_POINT('',(1.06E+03,972.06021497562,2.584846548989E+03)
  );
#6334 = VECTOR('',#6335,1.);
#6335 = DIRECTION('',(0.,0.124034734589,0.992277876714));
#6336 = PCURVE('',#4827,#6337);
#6337 = DEFINITIONAL_REPRESENTATION('',(#6338),#6342);
#6338 = LINE('',#6339,#6340);
#6339 = CARTESIAN_POINT('',(0.,-20.));
#6340 = VECTOR('',#6341,1.);
#6341 = DIRECTION('',(1.,0.));
#6342 = ( GEOMETRIC_REPRESENTATION_CONTEXT(2) 
PARAMETRIC_REPRESENTATION_CONTEXT() REPRESENTATION_CONTEXT('2D SPACE',''
  ) );
#6343 = PCURVE('',#6175,#6344);
#6344 = DEFINITIONAL_REPRESENTATION('',(#6345),#6349);
#6345 = LINE('',#6346,#6347);
#6346 = CARTESIAN_POINT('',(0.,20.));
#6347 = VECTOR('',#6348,1.);
#6348 = DIRECTION('',(1.,0.));
#6349 = ( GEOMETRIC_REPRESENTATION_CONTEXT(2) 
PARAMETRIC_REPRESENTATION_CONTEXT() REPRESENTATION_CONTEXT('2D SPACE',''
  ) );
#6350 = ORIENTED_EDGE('',*,*,#6214,.F.);
#6351 = ORIENTED_EDGE('',*,*,#4810,.F.);
#6352 = ADVANCED_FACE('',(#6353),#4799,.T.);
#6353 = FACE_BOUND('',#6354,.T.);
#6354 = EDGE_LOOP('',(#6355,#6356,#6377,#6378));
#6355 = ORIENTED_EDGE('',*,*,#6080,.F.);
#6356 = ORIENTED_EDGE('',*,*,#6357,.T.);
#6357 = EDGE_CURVE('',#6081,#6262,#6358,.T.);
#6358 = SURFACE_CURVE('',#6359,(#6363,#6370),.PCURVE_S1.);
#6359 = LINE('',#6360,#6361);
#6360 = CARTESIAN_POINT('',(1.04E+03,956.30780368279,2.620072413613E+03)
  );
#6361 = VECTOR('',#6362,1.);
#6362 = DIRECTION('',(1.,0.,-0.));
#6363 = PCURVE('',#4799,#6364);
#6364 = DEFINITIONAL_REPRESENTATION('',(#6365),#6369);
#6365 = LINE('',#6366,#6367);
#6366 = CARTESIAN_POINT('',(0.,0.));
#6367 = VECTOR('',#6368,1.);
#6368 = DIRECTION('',(1.,0.));
#6369 = ( GEOMETRIC_REPRESENTATION_CONTEXT(2) 
PARAMETRIC_REPRESENTATION_CONTEXT() REPRESENTATION_CONTEXT('2D SPACE',''
  ) );
#6370 = PCURVE('',#6119,#6371);
#6371 = DEFINITIONAL_REPRESENTATION('',(#6372),#6376);
#6372 = LINE('',#6373,#6374);
#6373 = CARTESIAN_POINT('',(33.,0.));
#6374 = VECTOR('',#6375,1.);
#6375 = DIRECTION('',(0.,1.));
#6376 = ( GEOMETRIC_REPRESENTATION_CONTEXT(2) 
PARAMETRIC_REPRESENTATION_CONTEXT() REPRESENTATION_CONTEXT('2D SPACE',''
  ) );
#6377 = ORIENTED_EDGE('',*,*,#6261,.T.);
#6378 = ORIENTED_EDGE('',*,*,#4784,.F.);
#6379 = ADVANCED_FACE('',(#6380),#5266,.T.);
#6380 = FACE_BOUND('',#6381,.T.);
#6381 = EDGE_LOOP('',(#6382,#6403,#6404,#6405));
#6382 = ORIENTED_EDGE('',*,*,#6383,.F.);
#6383 = EDGE_CURVE('',#5223,#5399,#6384,.T.);
#6384 = SURFACE_CURVE('',#6385,(#6389,#6396),.PCURVE_S1.);
#6385 = LINE('',#6386,#6387);
#6386 = CARTESIAN_POINT('',(-1.06E+03,972.06021497562,2.584846548989E+03
    ));
#6387 = VECTOR('',#6388,1.);
#6388 = DIRECTION('',(1.,0.,-0.));
#6389 = PCURVE('',#5266,#6390);
#6390 = DEFINITIONAL_REPRESENTATION('',(#6391),#6395);
#6391 = LINE('',#6392,#6393);
#6392 = CARTESIAN_POINT('',(0.,0.));
#6393 = VECTOR('',#6394,1.);
#6394 = DIRECTION('',(0.,1.));
#6395 = ( GEOMETRIC_REPRESENTATION_CONTEXT(2) 
PARAMETRIC_REPRESENTATION_CONTEXT() REPRESENTATION_CONTEXT('2D SPACE',''
  ) );
#6396 = PCURVE('',#5238,#6397);
#6397 = DEFINITIONAL_REPRESENTATION('',(#6398),#6402);
#6398 = LINE('',#6399,#6400);
#6399 = CARTESIAN_POINT('',(0.,20.));
#6400 = VECTOR('',#6401,1.);
#6401 = DIRECTION('',(1.,0.));
#6402 = ( GEOMETRIC_REPRESENTATION_CONTEXT(2) 
PARAMETRIC_REPRESENTATION_CONTEXT() REPRESENTATION_CONTEXT('2D SPACE',''
  ) );
#6403 = ORIENTED_EDGE('',*,*,#5250,.T.);
#6404 = ORIENTED_EDGE('',*,*,#5328,.T.);
#6405 = ORIENTED_EDGE('',*,*,#5421,.F.);
#6406 = ADVANCED_FACE('',(#6407),#5238,.F.);
#6407 = FACE_BOUND('',#6408,.F.);
#6408 = EDGE_LOOP('',(#6409,#6410,#6431,#6432));
#6409 = ORIENTED_EDGE('',*,*,#5222,.F.);
#6410 = ORIENTED_EDGE('',*,*,#6411,.T.);
#6411 = EDGE_CURVE('',#5195,#5376,#6412,.T.);
#6412 = SURFACE_CURVE('',#6413,(#6417,#6424),.PCURVE_S1.);
#6413 = LINE('',#6414,#6415);
#6414 = CARTESIAN_POINT('',(-1.06E+03,952.21465744135,2.587327243681E+03
    ));
#6415 = VECTOR('',#6416,1.);
#6416 = DIRECTION('',(1.,0.,-0.));
#6417 = PCURVE('',#5238,#6418);
#6418 = DEFINITIONAL_REPRESENTATION('',(#6419),#6423);
#6419 = LINE('',#6420,#6421);
#6420 = CARTESIAN_POINT('',(0.,0.));
#6421 = VECTOR('',#6422,1.);
#6422 = DIRECTION('',(1.,0.));
#6423 = ( GEOMETRIC_REPRESENTATION_CONTEXT(2) 
PARAMETRIC_REPRESENTATION_CONTEXT() REPRESENTATION_CONTEXT('2D SPACE',''
  ) );
#6424 = PCURVE('',#5210,#6425);
#6425 = DEFINITIONAL_REPRESENTATION('',(#6426),#6430);
#6426 = LINE('',#6427,#6428);
#6427 = CARTESIAN_POINT('',(0.,0.));
#6428 = VECTOR('',#6429,1.);
#6429 = DIRECTION('',(0.,1.));
#6430 = ( GEOMETRIC_REPRESENTATION_CONTEXT(2) 
PARAMETRIC_REPRESENTATION_CONTEXT() REPRESENTATION_CONTEXT('2D SPACE',''
  ) );
#6431 = ORIENTED_EDGE('',*,*,#5398,.T.);
#6432 = ORIENTED_EDGE('',*,*,#6383,.F.);
#6433 = ADVANCED_FACE('',(#6434),#5210,.F.);
#6434 = FACE_BOUND('',#6435,.F.);
#6435 = EDGE_LOOP('',(#6436,#6437,#6438,#6439));
#6436 = ORIENTED_EDGE('',*,*,#6411,.F.);
#6437 = ORIENTED_EDGE('',*,*,#5194,.T.);
#6438 = ORIENTED_EDGE('',*,*,#5448,.T.);
#6439 = ORIENTED_EDGE('',*,*,#5375,.F.);
#6440 = ADVANCED_FACE('',(#6441),#5569,.T.);
#6441 = FACE_BOUND('',#6442,.T.);
#6442 = EDGE_LOOP('',(#6443,#6464,#6465,#6466));
#6443 = ORIENTED_EDGE('',*,*,#6444,.F.);
#6444 = EDGE_CURVE('',#5526,#5702,#6445,.T.);
#6445 = SURFACE_CURVE('',#6446,(#6450,#6457),.PCURVE_S1.);
#6446 = LINE('',#6447,#6448);
#6447 = CARTESIAN_POINT('',(-360.,972.06021497562,2.584846548989E+03));
#6448 = VECTOR('',#6449,1.);
#6449 = DIRECTION('',(1.,0.,-0.));
#6450 = PCURVE('',#5569,#6451);
#6451 = DEFINITIONAL_REPRESENTATION('',(#6452),#6456);
#6452 = LINE('',#6453,#6454);
#6453 = CARTESIAN_POINT('',(0.,0.));
#6454 = VECTOR('',#6455,1.);
#6455 = DIRECTION('',(0.,1.));
#6456 = ( GEOMETRIC_REPRESENTATION_CONTEXT(2) 
PARAMETRIC_REPRESENTATION_CONTEXT() REPRESENTATION_CONTEXT('2D SPACE',''
  ) );
#6457 = PCURVE('',#5541,#6458);
#6458 = DEFINITIONAL_REPRESENTATION('',(#6459),#6463);
#6459 = LINE('',#6460,#6461);
#6460 = CARTESIAN_POINT('',(0.,20.));
#6461 = VECTOR('',#6462,1.);
#6462 = DIRECTION('',(1.,0.));
#6463 = ( GEOMETRIC_REPRESENTATION_CONTEXT(2) 
PARAMETRIC_REPRESENTATION_CONTEXT() REPRESENTATION_CONTEXT('2D SPACE',''
  ) );
#6464 = ORIENTED_EDGE('',*,*,#5553,.T.);
#6465 = ORIENTED_EDGE('',*,*,#5631,.T.);
#6466 = ORIENTED_EDGE('',*,*,#5724,.F.);
#6467 = ADVANCED_FACE('',(#6468),#5541,.F.);
#6468 = FACE_BOUND('',#6469,.F.);
#6469 = EDGE_LOOP('',(#6470,#6471,#6492,#6493));
#6470 = ORIENTED_EDGE('',*,*,#5525,.F.);
#6471 = ORIENTED_EDGE('',*,*,#6472,.T.);
#6472 = EDGE_CURVE('',#5498,#5679,#6473,.T.);
#6473 = SURFACE_CURVE('',#6474,(#6478,#6485),.PCURVE_S1.);
#6474 = LINE('',#6475,#6476);
#6475 = CARTESIAN_POINT('',(-360.,952.21465744135,2.587327243681E+03));
#6476 = VECTOR('',#6477,1.);
#6477 = DIRECTION('',(1.,0.,-0.));
#6478 = PCURVE('',#5541,#6479);
#6479 = DEFINITIONAL_REPRESENTATION('',(#6480),#6484);
#6480 = LINE('',#6481,#6482);
#6481 = CARTESIAN_POINT('',(0.,0.));
#6482 = VECTOR('',#6483,1.);
#6483 = DIRECTION('',(1.,0.));
#6484 = ( GEOMETRIC_REPRESENTATION_CONTEXT(2) 
PARAMETRIC_REPRESENTATION_CONTEXT() REPRESENTATION_CONTEXT('2D SPACE',''
  ) );
#6485 = PCURVE('',#5513,#6486);
#6486 = DEFINITIONAL_REPRESENTATION('',(#6487),#6491);
#6487 = LINE('',#6488,#6489);
#6488 = CARTESIAN_POINT('',(0.,0.));
#6489 = VECTOR('',#6490,1.);
#6490 = DIRECTION('',(0.,1.));
#6491 = ( GEOMETRIC_REPRESENTATION_CONTEXT(2) 
PARAMETRIC_REPRESENTATION_CONTEXT() REPRESENTATION_CONTEXT('2D SPACE',''
  ) );
#6492 = ORIENTED_EDGE('',*,*,#5701,.T.);
#6493 = ORIENTED_EDGE('',*,*,#6444,.F.);
#6494 = ADVANCED_FACE('',(#6495),#5513,.F.);
#6495 = FACE_BOUND('',#6496,.F.);
#6496 = EDGE_LOOP('',(#6497,#6498,#6499,#6500));
#6497 = ORIENTED_EDGE('',*,*,#6472,.F.);
#6498 = ORIENTED_EDGE('',*,*,#5497,.T.);
#6499 = ORIENTED_EDGE('',*,*,#5751,.T.);
#6500 = ORIENTED_EDGE('',*,*,#5678,.F.);
#6501 = ADVANCED_FACE('',(#6502),#5872,.T.);
#6502 = FACE_BOUND('',#6503,.T.);
#6503 = EDGE_LOOP('',(#6504,#6525,#6526,#6527));
#6504 = ORIENTED_EDGE('',*,*,#6505,.F.);
#6505 = EDGE_CURVE('',#5829,#6005,#6506,.T.);
#6506 = SURFACE_CURVE('',#6507,(#6511,#6518),.PCURVE_S1.);
#6507 = LINE('',#6508,#6509);
#6508 = CARTESIAN_POINT('',(340.,972.06021497562,2.584846548989E+03));
#6509 = VECTOR('',#6510,1.);
#6510 = DIRECTION('',(1.,0.,-0.));
#6511 = PCURVE('',#5872,#6512);
#6512 = DEFINITIONAL_REPRESENTATION('',(#6513),#6517);
#6513 = LINE('',#6514,#6515);
#6514 = CARTESIAN_POINT('',(0.,0.));
#6515 = VECTOR('',#6516,1.);
#6516 = DIRECTION('',(0.,1.));
#6517 = ( GEOMETRIC_REPRESENTATION_CONTEXT(2) 
PARAMETRIC_REPRESENTATION_CONTEXT() REPRESENTATION_CONTEXT('2D SPACE',''
  ) );
#6518 = PCURVE('',#5844,#6519);
#6519 = DEFINITIONAL_REPRESENTATION('',(#6520),#6524);
#6520 = LINE('',#6521,#6522);
#6521 = CARTESIAN_POINT('',(0.,20.));
#6522 = VECTOR('',#6523,1.);
#6523 = DIRECTION('',(1.,0.));
#6524 = ( GEOMETRIC_REPRESENTATION_CONTEXT(2) 
PARAMETRIC_REPRESENTATION_CONTEXT() REPRESENTATION_CONTEXT('2D SPACE',''
  ) );
#6525 = ORIENTED_EDGE('',*,*,#5856,.T.);
#6526 = ORIENTED_EDGE('',*,*,#5934,.T.);
#6527 = ORIENTED_EDGE('',*,*,#6027,.F.);
#6528 = ADVANCED_FACE('',(#6529),#5844,.F.);
#6529 = FACE_BOUND('',#6530,.F.);
#6530 = EDGE_LOOP('',(#6531,#6532,#6553,#6554));
#6531 = ORIENTED_EDGE('',*,*,#5828,.F.);
#6532 = ORIENTED_EDGE('',*,*,#6533,.T.);
#6533 = EDGE_CURVE('',#5801,#5982,#6534,.T.);
#6534 = SURFACE_CURVE('',#6535,(#6539,#6546),.PCURVE_S1.);
#6535 = LINE('',#6536,#6537);
#6536 = CARTESIAN_POINT('',(340.,952.21465744135,2.587327243681E+03));
#6537 = VECTOR('',#6538,1.);
#6538 = DIRECTION('',(1.,0.,-0.));
#6539 = PCURVE('',#5844,#6540);
#6540 = DEFINITIONAL_REPRESENTATION('',(#6541),#6545);
#6541 = LINE('',#6542,#6543);
#6542 = CARTESIAN_POINT('',(0.,0.));
#6543 = VECTOR('',#6544,1.);
#6544 = DIRECTION('',(1.,0.));
#6545 = ( GEOMETRIC_REPRESENTATION_CONTEXT(2) 
PARAMETRIC_REPRESENTATION_CONTEXT() REPRESENTATION_CONTEXT('2D SPACE',''
  ) );
#6546 = PCURVE('',#5816,#6547);
#6547 = DEFINITIONAL_REPRESENTATION('',(#6548),#6552);
#6548 = LINE('',#6549,#6550);
#6549 = CARTESIAN_POINT('',(0.,0.));
#6550 = VECTOR('',#6551,1.);
#6551 = DIRECTION('',(0.,1.));
#6552 = ( GEOMETRIC_REPRESENTATION_CONTEXT(2) 
PARAMETRIC_REPRESENTATION_CONTEXT() REPRESENTATION_CONTEXT('2D SPACE',''
  ) );
#6553 = ORIENTED_EDGE('',*,*,#6004,.T.);
#6554 = ORIENTED_EDGE('',*,*,#6505,.F.);
#6555 = ADVANCED_FACE('',(#6556),#5816,.F.);
#6556 = FACE_BOUND('',#6557,.F.);
#6557 = EDGE_LOOP('',(#6558,#6559,#6560,#6561));
#6558 = ORIENTED_EDGE('',*,*,#6533,.F.);
#6559 = ORIENTED_EDGE('',*,*,#5800,.T.);
#6560 = ORIENTED_EDGE('',*,*,#6054,.T.);
#6561 = ORIENTED_EDGE('',*,*,#5981,.F.);
#6562 = ADVANCED_FACE('',(#6563),#6175,.T.);
#6563 = FACE_BOUND('',#6564,.T.);
#6564 = EDGE_LOOP('',(#6565,#6586,#6587,#6588));
#6565 = ORIENTED_EDGE('',*,*,#6566,.F.);
#6566 = EDGE_CURVE('',#6132,#6308,#6567,.T.);
#6567 = SURFACE_CURVE('',#6568,(#6572,#6579),.PCURVE_S1.);
#6568 = LINE('',#6569,#6570);
#6569 = CARTESIAN_POINT('',(1.04E+03,972.06021497562,2.584846548989E+03)
  );
#6570 = VECTOR('',#6571,1.);
#6571 = DIRECTION('',(1.,0.,-0.));
#6572 = PCURVE('',#6175,#6573);
#6573 = DEFINITIONAL_REPRESENTATION('',(#6574),#6578);
#6574 = LINE('',#6575,#6576);
#6575 = CARTESIAN_POINT('',(0.,0.));
#6576 = VECTOR('',#6577,1.);
#6577 = DIRECTION('',(0.,1.));
#6578 = ( GEOMETRIC_REPRESENTATION_CONTEXT(2) 
PARAMETRIC_REPRESENTATION_CONTEXT() REPRESENTATION_CONTEXT('2D SPACE',''
  ) );
#6579 = PCURVE('',#6147,#6580);
#6580 = DEFINITIONAL_REPRESENTATION('',(#6581),#6585);
#6581 = LINE('',#6582,#6583);
#6582 = CARTESIAN_POINT('',(0.,20.));
#6583 = VECTOR('',#6584,1.);
#6584 = DIRECTION('',(1.,0.));
#6585 = ( GEOMETRIC_REPRESENTATION_CONTEXT(2) 
PARAMETRIC_REPRESENTATION_CONTEXT() REPRESENTATION_CONTEXT('2D SPACE',''
  ) );
#6586 = ORIENTED_EDGE('',*,*,#6159,.T.);
#6587 = ORIENTED_EDGE('',*,*,#6237,.T.);
#6588 = ORIENTED_EDGE('',*,*,#6330,.F.);
#6589 = ADVANCED_FACE('',(#6590),#6147,.F.);
#6590 = FACE_BOUND('',#6591,.F.);
#6591 = EDGE_LOOP('',(#6592,#6593,#6614,#6615));
#6592 = ORIENTED_EDGE('',*,*,#6131,.F.);
#6593 = ORIENTED_EDGE('',*,*,#6594,.T.);
#6594 = EDGE_CURVE('',#6104,#6285,#6595,.T.);
#6595 = SURFACE_CURVE('',#6596,(#6600,#6607),.PCURVE_S1.);
#6596 = LINE('',#6597,#6598);
#6597 = CARTESIAN_POINT('',(1.04E+03,952.21465744135,2.587327243681E+03)
  );
#6598 = VECTOR('',#6599,1.);
#6599 = DIRECTION('',(1.,0.,-0.));
#6600 = PCURVE('',#6147,#6601);
#6601 = DEFINITIONAL_REPRESENTATION('',(#6602),#6606);
#6602 = LINE('',#6603,#6604);
#6603 = CARTESIAN_POINT('',(0.,0.));
#6604 = VECTOR('',#6605,1.);
#6605 = DIRECTION('',(1.,0.));
#6606 = ( GEOMETRIC_REPRESENTATION_CONTEXT(2) 
PARAMETRIC_REPRESENTATION_CONTEXT() REPRESENTATION_CONTEXT('2D SPACE',''
  ) );
#6607 = PCURVE('',#6119,#6608);
#6608 = DEFINITIONAL_REPRESENTATION('',(#6609),#6613);
#6609 = LINE('',#6610,#6611);
#6610 = CARTESIAN_POINT('',(0.,0.));
#6611 = VECTOR('',#6612,1.);
#6612 = DIRECTION('',(0.,1.));
#6613 = ( GEOMETRIC_REPRESENTATION_CONTEXT(2) 
PARAMETRIC_REPRESENTATION_CONTEXT() REPRESENTATION_CONTEXT('2D SPACE',''
  ) );
#6614 = ORIENTED_EDGE('',*,*,#6307,.T.);
#6615 = ORIENTED_EDGE('',*,*,#6566,.F.);
#6616 = ADVANCED_FACE('',(#6617),#6119,.F.);
#6617 = FACE_BOUND('',#6618,.F.);
#6618 = EDGE_LOOP('',(#6619,#6620,#6621,#6622));
#6619 = ORIENTED_EDGE('',*,*,#6594,.F.);
#6620 = ORIENTED_EDGE('',*,*,#6103,.T.);
#6621 = ORIENTED_EDGE('',*,*,#6357,.T.);
#6622 = ORIENTED_EDGE('',*,*,#6284,.F.);
#6623 = MANIFOLD_SOLID_BREP('',#6624);
#6624 = CLOSED_SHELL('',(#6625,#6713,#6717));
#6625 = ADVANCED_FACE('',(#6626),#6639,.T.);
#6626 = FACE_BOUND('',#6627,.T.);
#6627 = EDGE_LOOP('',(#6628,#6662,#6685,#6712));
#6628 = ORIENTED_EDGE('',*,*,#6629,.F.);
#6629 = EDGE_CURVE('',#6630,#6630,#6632,.T.);
#6630 = VERTEX_POINT('',#6631);
#6631 = CARTESIAN_POINT('',(-1.33525E+03,980.,2.617110889073E+03));
#6632 = SURFACE_CURVE('',#6633,(#6638,#6650),.PCURVE_S1.);
#6633 = CIRCLE('',#6634,4.75);
#6634 = AXIS2_PLACEMENT_3D('',#6635,#6636,#6637);
#6635 = CARTESIAN_POINT('',(-1.34E+03,980.,2.617110889073E+03));
#6636 = DIRECTION('',(0.,0.,1.));
#6637 = DIRECTION('',(1.,0.,-0.));
#6638 = PCURVE('',#6639,#6644);
#6639 = CYLINDRICAL_SURFACE('',#6640,4.75);
#6640 = AXIS2_PLACEMENT_3D('',#6641,#6642,#6643);
#6641 = CARTESIAN_POINT('',(-1.34E+03,980.,970.));
#6642 = DIRECTION('',(0.,0.,1.));
#6643 = DIRECTION('',(1.,0.,-0.));
#6644 = DEFINITIONAL_REPRESENTATION('',(#6645),#6649);
#6645 = LINE('',#6646,#6647);
#6646 = CARTESIAN_POINT('',(0.,1.647110889073E+03));
#6647 = VECTOR('',#6648,1.);
#6648 = DIRECTION('',(1.,0.));
#6649 = ( GEOMETRIC_REPRESENTATION_CONTEXT(2) 
PARAMETRIC_REPRESENTATION_CONTEXT() REPRESENTATION_CONTEXT('2D SPACE',''
  ) );
#6650 = PCURVE('',#6651,#6656);
#6651 = PLANE('',#6652);
#6652 = AXIS2_PLACEMENT_3D('',#6653,#6654,#6655);
#6653 = CARTESIAN_POINT('',(-1.34E+03,980.,2.617110889073E+03));
#6654 = DIRECTION('',(0.,0.,1.));
#6655 = DIRECTION('',(1.,0.,-0.));
#6656 = DEFINITIONAL_REPRESENTATION('',(#6657),#6661);
#6657 = CIRCLE('',#6658,4.75);
#6658 = AXIS2_PLACEMENT_2D('',#6659,#6660);
#6659 = CARTESIAN_POINT('',(0.,0.));
#6660 = DIRECTION('',(1.,0.));
#6661 = ( GEOMETRIC_REPRESENTATION_CONTEXT(2) 
PARAMETRIC_REPRESENTATION_CONTEXT() REPRESENTATION_CONTEXT('2D SPACE',''
  ) );
#6662 = ORIENTED_EDGE('',*,*,#6663,.F.);
#6663 = EDGE_CURVE('',#6664,#6630,#6666,.T.);
#6664 = VERTEX_POINT('',#6665);
#6665 = CARTESIAN_POINT('',(-1.33525E+03,980.,970.));
#6666 = SEAM_CURVE('',#6667,(#6671,#6678),.PCURVE_S1.);
#6667 = LINE('',#6668,#6669);
#6668 = CARTESIAN_POINT('',(-1.33525E+03,980.,970.));
#6669 = VECTOR('',#6670,1.);
#6670 = DIRECTION('',(0.,0.,1.));
#6671 = PCURVE('',#6639,#6672);
#6672 = DEFINITIONAL_REPRESENTATION('',(#6673),#6677);
#6673 = LINE('',#6674,#6675);
#6674 = CARTESIAN_POINT('',(6.28318530718,-0.));
#6675 = VECTOR('',#6676,1.);
#6676 = DIRECTION('',(0.,1.));
#6677 = ( GEOMETRIC_REPRESENTATION_CONTEXT(2) 
PARAMETRIC_REPRESENTATION_CONTEXT() REPRESENTATION_CONTEXT('2D SPACE',''
  ) );
#6678 = PCURVE('',#6639,#6679);
#6679 = DEFINITIONAL_REPRESENTATION('',(#6680),#6684);
#6680 = LINE('',#6681,#6682);
#6681 = CARTESIAN_POINT('',(0.,-0.));
#6682 = VECTOR('',#6683,1.);
#6683 = DIRECTION('',(0.,1.));
#6684 = ( GEOMETRIC_REPRESENTATION_CONTEXT(2) 
PARAMETRIC_REPRESENTATION_CONTEXT() REPRESENTATION_CONTEXT('2D SPACE',''
  ) );
#6685 = ORIENTED_EDGE('',*,*,#6686,.T.);
#6686 = EDGE_CURVE('',#6664,#6664,#6687,.T.);
#6687 = SURFACE_CURVE('',#6688,(#6693,#6700),.PCURVE_S1.);
#6688 = CIRCLE('',#6689,4.75);
#6689 = AXIS2_PLACEMENT_3D('',#6690,#6691,#6692);
#6690 = CARTESIAN_POINT('',(-1.34E+03,980.,970.));
#6691 = DIRECTION('',(0.,0.,1.));
#6692 = DIRECTION('',(1.,0.,-0.));
#6693 = PCURVE('',#6639,#6694);
#6694 = DEFINITIONAL_REPRESENTATION('',(#6695),#6699);
#6695 = LINE('',#6696,#6697);
#6696 = CARTESIAN_POINT('',(0.,0.));
#6697 = VECTOR('',#6698,1.);
#6698 = DIRECTION('',(1.,0.));
#6699 = ( GEOMETRIC_REPRESENTATION_CONTEXT(2) 
PARAMETRIC_REPRESENTATION_CONTEXT() REPRESENTATION_CONTEXT('2D SPACE',''
  ) );
#6700 = PCURVE('',#6701,#6706);
#6701 = PLANE('',#6702);
#6702 = AXIS2_PLACEMENT_3D('',#6703,#6704,#6705);
#6703 = CARTESIAN_POINT('',(-1.34E+03,980.,970.));
#6704 = DIRECTION('',(0.,0.,1.));
#6705 = DIRECTION('',(1.,0.,-0.));
#6706 = DEFINITIONAL_REPRESENTATION('',(#6707),#6711);
#6707 = CIRCLE('',#6708,4.75);
#6708 = AXIS2_PLACEMENT_2D('',#6709,#6710);
#6709 = CARTESIAN_POINT('',(0.,0.));
#6710 = DIRECTION('',(1.,0.));
#6711 = ( GEOMETRIC_REPRESENTATION_CONTEXT(2) 
PARAMETRIC_REPRESENTATION_CONTEXT() REPRESENTATION_CONTEXT('2D SPACE',''
  ) );
#6712 = ORIENTED_EDGE('',*,*,#6663,.T.);
#6713 = ADVANCED_FACE('',(#6714),#6651,.T.);
#6714 = FACE_BOUND('',#6715,.T.);
#6715 = EDGE_LOOP('',(#6716));
#6716 = ORIENTED_EDGE('',*,*,#6629,.T.);
#6717 = ADVANCED_FACE('',(#6718),#6701,.F.);
#6718 = FACE_BOUND('',#6719,.T.);
#6719 = EDGE_LOOP('',(#6720));
#6720 = ORIENTED_EDGE('',*,*,#6686,.F.);
#6721 = ( GEOMETRIC_REPRESENTATION_CONTEXT(3) 
GLOBAL_UNCERTAINTY_ASSIGNED_CONTEXT((#6725)) 
GLOBAL_UNIT_ASSIGNED_CONTEXT((#6722,#6723,#6724)) REPRESENTATION_CONTEXT
('Context #1','3D Context with UNIT and UNCERTAINTY') );
#6722 = ( LENGTH_UNIT() NAMED_UNIT(*) SI_UNIT(.MILLI.,.METRE.) );
#6723 = ( NAMED_UNIT(*) PLANE_ANGLE_UNIT() SI_UNIT($,.RADIAN.) );
#6724 = ( NAMED_UNIT(*) SI_UNIT($,.STERADIAN.) SOLID_ANGLE_UNIT() );
#6725 = UNCERTAINTY_MEASURE_WITH_UNIT(LENGTH_MEASURE(2.E-07),#6722,
  'distance_accuracy_value','confusion accuracy');
#6726 = CONTEXT_DEPENDENT_SHAPE_REPRESENTATION(#6727,#6729);
#6727 = ( REPRESENTATION_RELATIONSHIP('','',#1982,#10) 
REPRESENTATION_RELATIONSHIP_WITH_TRANSFORMATION(#6728) 
SHAPE_REPRESENTATION_RELATIONSHIP() );
#6728 = ITEM_DEFINED_TRANSFORMATION('','',#11,#31);
#6729 = PRODUCT_DEFINITION_SHAPE('Placement','Placement of an item',
  #6730);
#6730 = NEXT_ASSEMBLY_USAGE_OCCURRENCE('23','=>[0:1:1:6]','',#5,#1977,$
  );
#6731 = PRODUCT_RELATED_PRODUCT_CATEGORY('part',$,(#1979));
#6732 = SHAPE_DEFINITION_REPRESENTATION(#6733,#6739);
#6733 = PRODUCT_DEFINITION_SHAPE('','',#6734);
#6734 = PRODUCT_DEFINITION('design','',#6735,#6738);
#6735 = PRODUCT_DEFINITION_FORMATION('','',#6736);
#6736 = PRODUCT('COMPOUND','COMPOUND','',(#6737));
#6737 = PRODUCT_CONTEXT('',#2,'mechanical');
#6738 = PRODUCT_DEFINITION_CONTEXT('part definition',#2,'design');
#6739 = SHAPE_REPRESENTATION('',(#11,#6740,#7028,#7126),#7224);
#6740 = MANIFOLD_SOLID_BREP('',#6741);
#6741 = CLOSED_SHELL('',(#6742,#6885,#6889,#6995,#7018,#7024));
#6742 = ADVANCED_FACE('',(#6743),#6757,.T.);
#6743 = FACE_BOUND('',#6744,.T.);
#6744 = EDGE_LOOP('',(#6745,#6775,#6804,#6857,#6858));
#6745 = ORIENTED_EDGE('',*,*,#6746,.T.);
#6746 = EDGE_CURVE('',#6747,#6749,#6751,.T.);
#6747 = VERTEX_POINT('',#6748);
#6748 = CARTESIAN_POINT('',(1.466E+03,-990.,2.3E+03));
#6749 = VERTEX_POINT('',#6750);
#6750 = CARTESIAN_POINT('',(1.466E+03,-990.,2.84125E+03));
#6751 = SEAM_CURVE('',#6752,(#6756,#6768),.PCURVE_S1.);
#6752 = LINE('',#6753,#6754);
#6753 = CARTESIAN_POINT('',(1.466E+03,-990.,2.3E+03));
#6754 = VECTOR('',#6755,1.);
#6755 = DIRECTION('',(0.,0.,1.));
#6756 = PCURVE('',#6757,#6762);
#6757 = CYLINDRICAL_SURFACE('',#6758,6.);
#6758 = AXIS2_PLACEMENT_3D('',#6759,#6760,#6761);
#6759 = CARTESIAN_POINT('',(1.46E+03,-990.,2.3E+03));
#6760 = DIRECTION('',(0.,0.,1.));
#6761 = DIRECTION('',(1.,0.,-0.));
#6762 = DEFINITIONAL_REPRESENTATION('',(#6763),#6767);
#6763 = LINE('',#6764,#6765);
#6764 = CARTESIAN_POINT('',(6.28318530718,-0.));
#6765 = VECTOR('',#6766,1.);
#6766 = DIRECTION('',(0.,1.));
#6767 = ( GEOMETRIC_REPRESENTATION_CONTEXT(2) 
PARAMETRIC_REPRESENTATION_CONTEXT() REPRESENTATION_CONTEXT('2D SPACE',''
  ) );
#6768 = PCURVE('',#6757,#6769);
#6769 = DEFINITIONAL_REPRESENTATION('',(#6770),#6774);
#6770 = LINE('',#6771,#6772);
#6771 = CARTESIAN_POINT('',(0.,-0.));
#6772 = VECTOR('',#6773,1.);
#6773 = DIRECTION('',(0.,1.));
#6774 = ( GEOMETRIC_REPRESENTATION_CONTEXT(2) 
PARAMETRIC_REPRESENTATION_CONTEXT() REPRESENTATION_CONTEXT('2D SPACE',''
  ) );
#6775 = ORIENTED_EDGE('',*,*,#6776,.F.);
#6776 = EDGE_CURVE('',#6777,#6749,#6779,.T.);
#6777 = VERTEX_POINT('',#6778);
#6778 = CARTESIAN_POINT('',(1.454E+03,-990.,2.84125E+03));
#6779 = SURFACE_CURVE('',#6780,(#6785,#6792),.PCURVE_S1.);
#6780 = CIRCLE('',#6781,6.);
#6781 = AXIS2_PLACEMENT_3D('',#6782,#6783,#6784);
#6782 = CARTESIAN_POINT('',(1.46E+03,-990.,2.84125E+03));
#6783 = DIRECTION('',(0.,0.,1.));
#6784 = DIRECTION('',(1.,0.,-0.));
#6785 = PCURVE('',#6757,#6786);
#6786 = DEFINITIONAL_REPRESENTATION('',(#6787),#6791);
#6787 = LINE('',#6788,#6789);
#6788 = CARTESIAN_POINT('',(0.,541.25));
#6789 = VECTOR('',#6790,1.);
#6790 = DIRECTION('',(1.,0.));
#6791 = ( GEOMETRIC_REPRESENTATION_CONTEXT(2) 
PARAMETRIC_REPRESENTATION_CONTEXT() REPRESENTATION_CONTEXT('2D SPACE',''
  ) );
#6792 = PCURVE('',#6793,#6798);
#6793 = PLANE('',#6794);
#6794 = AXIS2_PLACEMENT_3D('',#6795,#6796,#6797);
#6795 = CARTESIAN_POINT('',(1.46E+03,-990.,2.84125E+03));
#6796 = DIRECTION('',(0.,0.,1.));
#6797 = DIRECTION('',(1.,0.,-0.));
#6798 = DEFINITIONAL_REPRESENTATION('',(#6799),#6803);
#6799 = CIRCLE('',#6800,6.);
#6800 = AXIS2_PLACEMENT_2D('',#6801,#6802);
#6801 = CARTESIAN_POINT('',(0.,0.));
#6802 = DIRECTION('',(1.,0.));
#6803 = ( GEOMETRIC_REPRESENTATION_CONTEXT(2) 
PARAMETRIC_REPRESENTATION_CONTEXT() REPRESENTATION_CONTEXT('2D SPACE',''
  ) );
#6804 = ORIENTED_EDGE('',*,*,#6805,.F.);
#6805 = EDGE_CURVE('',#6749,#6777,#6806,.T.);
#6806 = SURFACE_CURVE('',#6807,(#6812,#6832),.PCURVE_S1.);
#6807 = ELLIPSE('',#6808,9.104640138278,6.);
#6808 = AXIS2_PLACEMENT_3D('',#6809,#6810,#6811);
#6809 = CARTESIAN_POINT('',(1.46E+03,-990.,2.84125E+03));
#6810 = DIRECTION('',(0.,0.752138882422,0.659004629384));
#6811 = DIRECTION('',(0.,-0.659004629384,0.752138882422));
#6812 = PCURVE('',#6757,#6813);
#6813 = DEFINITIONAL_REPRESENTATION('',(#6814),#6831);
#6814 = B_SPLINE_CURVE_WITH_KNOTS('',8,(#6815,#6816,#6817,#6818,#6819,
    #6820,#6821,#6822,#6823,#6824,#6825,#6826,#6827,#6828,#6829,#6830),
  .UNSPECIFIED.,.F.,.F.,(9,7,9),(1.57079612853,3.14159265359,
    4.71238917865),.UNSPECIFIED.);
#6815 = CARTESIAN_POINT('',(-1.982652024779E-07,541.25000135771));
#6816 = CARTESIAN_POINT('',(0.196349367367,539.90540859213));
#6817 = CARTESIAN_POINT('',(0.392698933,538.56081544724));
#6818 = CARTESIAN_POINT('',(0.589048498626,537.29521653219));
#6819 = CARTESIAN_POINT('',(0.785398064271,536.18759063072));
#6820 = CARTESIAN_POINT('',(0.981747629894,535.30722228856));
#6821 = CARTESIAN_POINT('',(1.17809719553,534.70377237803));
#6822 = CARTESIAN_POINT('',(1.374446761162,534.40204614154));
#6823 = CARTESIAN_POINT('',(1.767145892427,534.40204614154));
#6824 = CARTESIAN_POINT('',(1.963495458057,534.70377237867));
#6825 = CARTESIAN_POINT('',(2.159845023696,535.3072222881));
#6826 = CARTESIAN_POINT('',(2.356194589318,536.18759063119));
#6827 = CARTESIAN_POINT('',(2.552544154958,537.29521653172));
#6828 = CARTESIAN_POINT('',(2.748893720589,538.56081544759));
#6829 = CARTESIAN_POINT('',(2.945243286222,539.90540859213));
#6830 = CARTESIAN_POINT('',(3.141592851855,541.25000135771));
#6831 = ( GEOMETRIC_REPRESENTATION_CONTEXT(2) 
PARAMETRIC_REPRESENTATION_CONTEXT() REPRESENTATION_CONTEXT('2D SPACE',''
  ) );
#6832 = PCURVE('',#6833,#6838);
#6833 = CYLINDRICAL_SURFACE('',#6834,6.);
#6834 = AXIS2_PLACEMENT_3D('',#6835,#6836,#6837);
#6835 = CARTESIAN_POINT('',(1.46E+03,-990.,2.84125E+03));
#6836 = DIRECTION('',(0.,0.991326010911,-0.131425796901));
#6837 = DIRECTION('',(0.,0.131425796901,0.991326010911));
#6838 = DEFINITIONAL_REPRESENTATION('',(#6839),#6856);
#6839 = B_SPLINE_CURVE_WITH_KNOTS('',8,(#6840,#6841,#6842,#6843,#6844,
    #6845,#6846,#6847,#6848,#6849,#6850,#6851,#6852,#6853,#6854,#6855),
  .UNSPECIFIED.,.F.,.F.,(9,7,9),(1.57079612853,3.14159265359,
    4.71238917865),.UNSPECIFIED.);
#6840 = CARTESIAN_POINT('',(1.57079612853,-1.357710971206E-06));
#6841 = CARTESIAN_POINT('',(1.767145694162,1.344591407868));
#6842 = CARTESIAN_POINT('',(1.963495259795,2.689184552505));
#6843 = CARTESIAN_POINT('',(2.15984482542,3.954783466439));
#6844 = CARTESIAN_POINT('',(2.356194391068,5.062409368857));
#6845 = CARTESIAN_POINT('',(2.552543956686,5.942777710407));
#6846 = CARTESIAN_POINT('',(2.748893522326,6.546227621354));
#6847 = CARTESIAN_POINT('',(2.945243087957,6.847953858456));
#6848 = CARTESIAN_POINT('',(3.337942219222,6.847953858456));
#6849 = CARTESIAN_POINT('',(3.534291784856,6.546227621367));
#6850 = CARTESIAN_POINT('',(3.730641350467,5.942777710363));
#6851 = CARTESIAN_POINT('',(3.92699091613,5.062409368922));
#6852 = CARTESIAN_POINT('',(4.12334048173,3.954783466395));
#6853 = CARTESIAN_POINT('',(4.319690047383,2.689184552515));
#6854 = CARTESIAN_POINT('',(4.516039613017,1.344591407868));
#6855 = CARTESIAN_POINT('',(4.71238917865,-1.357710971206E-06));
#6856 = ( GEOMETRIC_REPRESENTATION_CONTEXT(2) 
PARAMETRIC_REPRESENTATION_CONTEXT() REPRESENTATION_CONTEXT('2D SPACE',''
  ) );
#6857 = ORIENTED_EDGE('',*,*,#6746,.F.);
#6858 = ORIENTED_EDGE('',*,*,#6859,.T.);
#6859 = EDGE_CURVE('',#6747,#6747,#6860,.T.);
#6860 = SURFACE_CURVE('',#6861,(#6866,#6873),.PCURVE_S1.);
#6861 = CIRCLE('',#6862,6.);
#6862 = AXIS2_PLACEMENT_3D('',#6863,#6864,#6865);
#6863 = CARTESIAN_POINT('',(1.46E+03,-990.,2.3E+03));
#6864 = DIRECTION('',(0.,0.,1.));
#6865 = DIRECTION('',(1.,0.,-0.));
#6866 = PCURVE('',#6757,#6867);
#6867 = DEFINITIONAL_REPRESENTATION('',(#6868),#6872);
#6868 = LINE('',#6869,#6870);
#6869 = CARTESIAN_POINT('',(0.,0.));
#6870 = VECTOR('',#6871,1.);
#6871 = DIRECTION('',(1.,0.));
#6872 = ( GEOMETRIC_REPRESENTATION_CONTEXT(2) 
PARAMETRIC_REPRESENTATION_CONTEXT() REPRESENTATION_CONTEXT('2D SPACE',''
  ) );
#6873 = PCURVE('',#6874,#6879);
#6874 = PLANE('',#6875);
#6875 = AXIS2_PLACEMENT_3D('',#6876,#6877,#6878);
#6876 = CARTESIAN_POINT('',(1.46E+03,-990.,2.3E+03));
#6877 = DIRECTION('',(0.,0.,1.));
#6878 = DIRECTION('',(1.,0.,-0.));
#6879 = DEFINITIONAL_REPRESENTATION('',(#6880),#6884);
#6880 = CIRCLE('',#6881,6.);
#6881 = AXIS2_PLACEMENT_2D('',#6882,#6883);
#6882 = CARTESIAN_POINT('',(0.,0.));
#6883 = DIRECTION('',(1.,0.));
#6884 = ( GEOMETRIC_REPRESENTATION_CONTEXT(2) 
PARAMETRIC_REPRESENTATION_CONTEXT() REPRESENTATION_CONTEXT('2D SPACE',''
  ) );
#6885 = ADVANCED_FACE('',(#6886),#6874,.F.);
#6886 = FACE_BOUND('',#6887,.T.);
#6887 = EDGE_LOOP('',(#6888));
#6888 = ORIENTED_EDGE('',*,*,#6859,.F.);
#6889 = ADVANCED_FACE('',(#6890),#6833,.T.);
#6890 = FACE_BOUND('',#6891,.T.);
#6891 = EDGE_LOOP('',(#6892,#6917,#6944,#6945,#6972,#6973));
#6892 = ORIENTED_EDGE('',*,*,#6893,.T.);
#6893 = EDGE_CURVE('',#6894,#6896,#6898,.T.);
#6894 = VERTEX_POINT('',#6895);
#6895 = CARTESIAN_POINT('',(1.46E+03,-989.2114452185,2.847197956065E+03)
  );
#6896 = VERTEX_POINT('',#6897);
#6897 = CARTESIAN_POINT('',(1.46E+03,990.7885547814,2.584697956065E+03)
  );
#6898 = SEAM_CURVE('',#6899,(#6903,#6910),.PCURVE_S1.);
#6899 = LINE('',#6900,#6901);
#6900 = CARTESIAN_POINT('',(1.46E+03,-989.2114452185,2.847197956065E+03)
  );
#6901 = VECTOR('',#6902,1.);
#6902 = DIRECTION('',(0.,0.991326010911,-0.131425796901));
#6903 = PCURVE('',#6833,#6904);
#6904 = DEFINITIONAL_REPRESENTATION('',(#6905),#6909);
#6905 = LINE('',#6906,#6907);
#6906 = CARTESIAN_POINT('',(6.28318530718,-0.));
#6907 = VECTOR('',#6908,1.);
#6908 = DIRECTION('',(0.,1.));
#6909 = ( GEOMETRIC_REPRESENTATION_CONTEXT(2) 
PARAMETRIC_REPRESENTATION_CONTEXT() REPRESENTATION_CONTEXT('2D SPACE',''
  ) );
#6910 = PCURVE('',#6833,#6911);
#6911 = DEFINITIONAL_REPRESENTATION('',(#6912),#6916);
#6912 = LINE('',#6913,#6914);
#6913 = CARTESIAN_POINT('',(0.,-0.));
#6914 = VECTOR('',#6915,1.);
#6915 = DIRECTION('',(0.,1.));
#6916 = ( GEOMETRIC_REPRESENTATION_CONTEXT(2) 
PARAMETRIC_REPRESENTATION_CONTEXT() REPRESENTATION_CONTEXT('2D SPACE',''
  ) );
#6917 = ORIENTED_EDGE('',*,*,#6918,.F.);
#6918 = EDGE_CURVE('',#6896,#6896,#6919,.T.);
#6919 = SURFACE_CURVE('',#6920,(#6925,#6932),.PCURVE_S1.);
#6920 = CIRCLE('',#6921,6.);
#6921 = AXIS2_PLACEMENT_3D('',#6922,#6923,#6924);
#6922 = CARTESIAN_POINT('',(1.46E+03,990.,2.57875E+03));
#6923 = DIRECTION('',(0.,0.991326010911,-0.131425796901));
#6924 = DIRECTION('',(0.,0.131425796901,0.991326010911));
#6925 = PCURVE('',#6833,#6926);
#6926 = DEFINITIONAL_REPRESENTATION('',(#6927),#6931);
#6927 = LINE('',#6928,#6929);
#6928 = CARTESIAN_POINT('',(0.,1.997324773291E+03));
#6929 = VECTOR('',#6930,1.);
#6930 = DIRECTION('',(1.,0.));
#6931 = ( GEOMETRIC_REPRESENTATION_CONTEXT(2) 
PARAMETRIC_REPRESENTATION_CONTEXT() REPRESENTATION_CONTEXT('2D SPACE',''
  ) );
#6932 = PCURVE('',#6933,#6938);
#6933 = PLANE('',#6934);
#6934 = AXIS2_PLACEMENT_3D('',#6935,#6936,#6937);
#6935 = CARTESIAN_POINT('',(1.46E+03,990.,2.57875E+03));
#6936 = DIRECTION('',(0.,0.991326010911,-0.131425796901));
#6937 = DIRECTION('',(0.,0.131425796901,0.991326010911));
#6938 = DEFINITIONAL_REPRESENTATION('',(#6939),#6943);
#6939 = CIRCLE('',#6940,6.);
#6940 = AXIS2_PLACEMENT_2D('',#6941,#6942);
#6941 = CARTESIAN_POINT('',(0.,0.));
#6942 = DIRECTION('',(1.,0.));
#6943 = ( GEOMETRIC_REPRESENTATION_CONTEXT(2) 
PARAMETRIC_REPRESENTATION_CONTEXT() REPRESENTATION_CONTEXT('2D SPACE',''
  ) );
#6944 = ORIENTED_EDGE('',*,*,#6893,.F.);
#6945 = ORIENTED_EDGE('',*,*,#6946,.T.);
#6946 = EDGE_CURVE('',#6894,#6749,#6947,.T.);
#6947 = SURFACE_CURVE('',#6948,(#6953,#6960),.PCURVE_S1.);
#6948 = CIRCLE('',#6949,6.);
#6949 = AXIS2_PLACEMENT_3D('',#6950,#6951,#6952);
#6950 = CARTESIAN_POINT('',(1.46E+03,-990.,2.84125E+03));
#6951 = DIRECTION('',(0.,0.991326010911,-0.131425796901));
#6952 = DIRECTION('',(0.,0.131425796901,0.991326010911));
#6953 = PCURVE('',#6833,#6954);
#6954 = DEFINITIONAL_REPRESENTATION('',(#6955),#6959);
#6955 = LINE('',#6956,#6957);
#6956 = CARTESIAN_POINT('',(0.,0.));
#6957 = VECTOR('',#6958,1.);
#6958 = DIRECTION('',(1.,0.));
#6959 = ( GEOMETRIC_REPRESENTATION_CONTEXT(2) 
PARAMETRIC_REPRESENTATION_CONTEXT() REPRESENTATION_CONTEXT('2D SPACE',''
  ) );
#6960 = PCURVE('',#6961,#6966);
#6961 = PLANE('',#6962);
#6962 = AXIS2_PLACEMENT_3D('',#6963,#6964,#6965);
#6963 = CARTESIAN_POINT('',(1.46E+03,-990.,2.84125E+03));
#6964 = DIRECTION('',(0.,0.991326010911,-0.131425796901));
#6965 = DIRECTION('',(0.,0.131425796901,0.991326010911));
#6966 = DEFINITIONAL_REPRESENTATION('',(#6967),#6971);
#6967 = CIRCLE('',#6968,6.);
#6968 = AXIS2_PLACEMENT_2D('',#6969,#6970);
#6969 = CARTESIAN_POINT('',(0.,0.));
#6970 = DIRECTION('',(1.,0.));
#6971 = ( GEOMETRIC_REPRESENTATION_CONTEXT(2) 
PARAMETRIC_REPRESENTATION_CONTEXT() REPRESENTATION_CONTEXT('2D SPACE',''
  ) );
#6972 = ORIENTED_EDGE('',*,*,#6805,.T.);
#6973 = ORIENTED_EDGE('',*,*,#6974,.T.);
#6974 = EDGE_CURVE('',#6777,#6894,#6975,.T.);
#6975 = SURFACE_CURVE('',#6976,(#6981,#6988),.PCURVE_S1.);
#6976 = CIRCLE('',#6977,6.);
#6977 = AXIS2_PLACEMENT_3D('',#6978,#6979,#6980);
#6978 = CARTESIAN_POINT('',(1.46E+03,-990.,2.84125E+03));
#6979 = DIRECTION('',(0.,0.991326010911,-0.131425796901));
#6980 = DIRECTION('',(0.,0.131425796901,0.991326010911));
#6981 = PCURVE('',#6833,#6982);
#6982 = DEFINITIONAL_REPRESENTATION('',(#6983),#6987);
#6983 = LINE('',#6984,#6985);
#6984 = CARTESIAN_POINT('',(0.,0.));
#6985 = VECTOR('',#6986,1.);
#6986 = DIRECTION('',(1.,0.));
#6987 = ( GEOMETRIC_REPRESENTATION_CONTEXT(2) 
PARAMETRIC_REPRESENTATION_CONTEXT() REPRESENTATION_CONTEXT('2D SPACE',''
  ) );
#6988 = PCURVE('',#6961,#6989);
#6989 = DEFINITIONAL_REPRESENTATION('',(#6990),#6994);
#6990 = CIRCLE('',#6991,6.);
#6991 = AXIS2_PLACEMENT_2D('',#6992,#6993);
#6992 = CARTESIAN_POINT('',(0.,0.));
#6993 = DIRECTION('',(1.,0.));
#6994 = ( GEOMETRIC_REPRESENTATION_CONTEXT(2) 
PARAMETRIC_REPRESENTATION_CONTEXT() REPRESENTATION_CONTEXT('2D SPACE',''
  ) );
#6995 = ADVANCED_FACE('',(#6996),#6793,.T.);
#6996 = FACE_BOUND('',#6997,.T.);
#6997 = EDGE_LOOP('',(#6998,#6999));
#6998 = ORIENTED_EDGE('',*,*,#6776,.T.);
#6999 = ORIENTED_EDGE('',*,*,#7000,.T.);
#7000 = EDGE_CURVE('',#6749,#6777,#7001,.T.);
#7001 = SURFACE_CURVE('',#7002,(#7006,#7012),.PCURVE_S1.);
#7002 = LINE('',#7003,#7004);
#7003 = CARTESIAN_POINT('',(1.46E+03,-990.,2.84125E+03));
#7004 = VECTOR('',#7005,1.);
#7005 = DIRECTION('',(-1.,0.,0.));
#7006 = PCURVE('',#6793,#7007);
#7007 = DEFINITIONAL_REPRESENTATION('',(#7008),#7011);
#7008 = B_SPLINE_CURVE_WITH_KNOTS('',1,(#7009,#7010),.UNSPECIFIED.,.F.,
  .F.,(2,2),(-6.,6.),.PIECEWISE_BEZIER_KNOTS.);
#7009 = CARTESIAN_POINT('',(6.,0.));
#7010 = CARTESIAN_POINT('',(-6.,0.));
#7011 = ( GEOMETRIC_REPRESENTATION_CONTEXT(2) 
PARAMETRIC_REPRESENTATION_CONTEXT() REPRESENTATION_CONTEXT('2D SPACE',''
  ) );
#7012 = PCURVE('',#6961,#7013);
#7013 = DEFINITIONAL_REPRESENTATION('',(#7014),#7017);
#7014 = B_SPLINE_CURVE_WITH_KNOTS('',1,(#7015,#7016),.UNSPECIFIED.,.F.,
  .F.,(2,2),(-6.,6.),.PIECEWISE_BEZIER_KNOTS.);
#7015 = CARTESIAN_POINT('',(0.,6.));
#7016 = CARTESIAN_POINT('',(0.,-6.));
#7017 = ( GEOMETRIC_REPRESENTATION_CONTEXT(2) 
PARAMETRIC_REPRESENTATION_CONTEXT() REPRESENTATION_CONTEXT('2D SPACE',''
  ) );
#7018 = ADVANCED_FACE('',(#7019),#6961,.F.);
#7019 = FACE_BOUND('',#7020,.F.);
#7020 = EDGE_LOOP('',(#7021,#7022,#7023));
#7021 = ORIENTED_EDGE('',*,*,#6974,.T.);
#7022 = ORIENTED_EDGE('',*,*,#6946,.T.);
#7023 = ORIENTED_EDGE('',*,*,#7000,.T.);
#7024 = ADVANCED_FACE('',(#7025),#6933,.T.);
#7025 = FACE_BOUND('',#7026,.T.);
#7026 = EDGE_LOOP('',(#7027));
#7027 = ORIENTED_EDGE('',*,*,#6918,.T.);
#7028 = MANIFOLD_SOLID_BREP('',#7029);
#7029 = CLOSED_SHELL('',(#7030,#7118,#7122));
#7030 = ADVANCED_FACE('',(#7031),#7044,.T.);
#7031 = FACE_BOUND('',#7032,.T.);
#7032 = EDGE_LOOP('',(#7033,#7067,#7090,#7117));
#7033 = ORIENTED_EDGE('',*,*,#7034,.F.);
#7034 = EDGE_CURVE('',#7035,#7035,#7037,.T.);
#7035 = VERTEX_POINT('',#7036);
#7036 = CARTESIAN_POINT('',(-1.254326060731E+03,950.,823.27057219698));
#7037 = SURFACE_CURVE('',#7038,(#7043,#7055),.PCURVE_S1.);
#7038 = CIRCLE('',#7039,8.);
#7039 = AXIS2_PLACEMENT_3D('',#7040,#7041,#7042);
#7040 = CARTESIAN_POINT('',(-1.25E+03,950.,830.));
#7041 = DIRECTION('',(-0.83778280945,8.976244386966E-02,0.538574663218)
  );
#7042 = DIRECTION('',(-0.540757591313,6.938893903907E-18,-0.841178475377
    ));
#7043 = PCURVE('',#7044,#7049);
#7044 = CYLINDRICAL_SURFACE('',#7045,8.);
#7045 = AXIS2_PLACEMENT_3D('',#7046,#7047,#7048);
#7046 = CARTESIAN_POINT('',(-970.,920.,650.));
#7047 = DIRECTION('',(-0.83778280945,8.976244386966E-02,0.538574663218)
  );
#7048 = DIRECTION('',(-0.540757591313,6.938893903907E-18,-0.841178475377
    ));
#7049 = DEFINITIONAL_REPRESENTATION('',(#7050),#7054);
#7050 = LINE('',#7051,#7052);
#7051 = CARTESIAN_POINT('',(0.,334.21549934136));
#7052 = VECTOR('',#7053,1.);
#7053 = DIRECTION('',(1.,0.));
#7054 = ( GEOMETRIC_REPRESENTATION_CONTEXT(2) 
PARAMETRIC_REPRESENTATION_CONTEXT() REPRESENTATION_CONTEXT('2D SPACE',''
  ) );
#7055 = PCURVE('',#7056,#7061);
#7056 = PLANE('',#7057);
#7057 = AXIS2_PLACEMENT_3D('',#7058,#7059,#7060);
#7058 = CARTESIAN_POINT('',(-1.25E+03,950.,830.));
#7059 = DIRECTION('',(-0.83778280945,8.976244386966E-02,0.538574663218)
  );
#7060 = DIRECTION('',(-0.540757591313,6.938893903907E-18,-0.841178475377
    ));
#7061 = DEFINITIONAL_REPRESENTATION('',(#7062),#7066);
#7062 = CIRCLE('',#7063,8.);
#7063 = AXIS2_PLACEMENT_2D('',#7064,#7065);
#7064 = CARTESIAN_POINT('',(0.,0.));
#7065 = DIRECTION('',(1.,0.));
#7066 = ( GEOMETRIC_REPRESENTATION_CONTEXT(2) 
PARAMETRIC_REPRESENTATION_CONTEXT() REPRESENTATION_CONTEXT('2D SPACE',''
  ) );
#7067 = ORIENTED_EDGE('',*,*,#7068,.F.);
#7068 = EDGE_CURVE('',#7069,#7035,#7071,.T.);
#7069 = VERTEX_POINT('',#7070);
#7070 = CARTESIAN_POINT('',(-974.3260607305,920.,643.27057219698));
#7071 = SEAM_CURVE('',#7072,(#7076,#7083),.PCURVE_S1.);
#7072 = LINE('',#7073,#7074);
#7073 = CARTESIAN_POINT('',(-974.3260607305,920.,643.27057219698));
#7074 = VECTOR('',#7075,1.);
#7075 = DIRECTION('',(-0.83778280945,8.976244386966E-02,0.538574663218)
  );
#7076 = PCURVE('',#7044,#7077);
#7077 = DEFINITIONAL_REPRESENTATION('',(#7078),#7082);
#7078 = LINE('',#7079,#7080);
#7079 = CARTESIAN_POINT('',(6.28318530718,-0.));
#7080 = VECTOR('',#7081,1.);
#7081 = DIRECTION('',(0.,1.));
#7082 = ( GEOMETRIC_REPRESENTATION_CONTEXT(2) 
PARAMETRIC_REPRESENTATION_CONTEXT() REPRESENTATION_CONTEXT('2D SPACE',''
  ) );
#7083 = PCURVE('',#7044,#7084);
#7084 = DEFINITIONAL_REPRESENTATION('',(#7085),#7089);
#7085 = LINE('',#7086,#7087);
#7086 = CARTESIAN_POINT('',(0.,-0.));
#7087 = VECTOR('',#7088,1.);
#7088 = DIRECTION('',(0.,1.));
#7089 = ( GEOMETRIC_REPRESENTATION_CONTEXT(2) 
PARAMETRIC_REPRESENTATION_CONTEXT() REPRESENTATION_CONTEXT('2D SPACE',''
  ) );
#7090 = ORIENTED_EDGE('',*,*,#7091,.T.);
#7091 = EDGE_CURVE('',#7069,#7069,#7092,.T.);
#7092 = SURFACE_CURVE('',#7093,(#7098,#7105),.PCURVE_S1.);
#7093 = CIRCLE('',#7094,8.);
#7094 = AXIS2_PLACEMENT_3D('',#7095,#7096,#7097);
#7095 = CARTESIAN_POINT('',(-970.,920.,650.));
#7096 = DIRECTION('',(-0.83778280945,8.976244386966E-02,0.538574663218)
  );
#7097 = DIRECTION('',(-0.540757591313,6.938893903907E-18,-0.841178475377
    ));
#7098 = PCURVE('',#7044,#7099);
#7099 = DEFINITIONAL_REPRESENTATION('',(#7100),#7104);
#7100 = LINE('',#7101,#7102);
#7101 = CARTESIAN_POINT('',(0.,0.));
#7102 = VECTOR('',#7103,1.);
#7103 = DIRECTION('',(1.,0.));
#7104 = ( GEOMETRIC_REPRESENTATION_CONTEXT(2) 
PARAMETRIC_REPRESENTATION_CONTEXT() REPRESENTATION_CONTEXT('2D SPACE',''
  ) );
#7105 = PCURVE('',#7106,#7111);
#7106 = PLANE('',#7107);
#7107 = AXIS2_PLACEMENT_3D('',#7108,#7109,#7110);
#7108 = CARTESIAN_POINT('',(-970.,920.,650.));
#7109 = DIRECTION('',(-0.83778280945,8.976244386966E-02,0.538574663218)
  );
#7110 = DIRECTION('',(-0.540757591313,6.938893903907E-18,-0.841178475377
    ));
#7111 = DEFINITIONAL_REPRESENTATION('',(#7112),#7116);
#7112 = CIRCLE('',#7113,8.);
#7113 = AXIS2_PLACEMENT_2D('',#7114,#7115);
#7114 = CARTESIAN_POINT('',(0.,0.));
#7115 = DIRECTION('',(1.,0.));
#7116 = ( GEOMETRIC_REPRESENTATION_CONTEXT(2) 
PARAMETRIC_REPRESENTATION_CONTEXT() REPRESENTATION_CONTEXT('2D SPACE',''
  ) );
#7117 = ORIENTED_EDGE('',*,*,#7068,.T.);
#7118 = ADVANCED_FACE('',(#7119),#7056,.T.);
#7119 = FACE_BOUND('',#7120,.T.);
#7120 = EDGE_LOOP('',(#7121));
#7121 = ORIENTED_EDGE('',*,*,#7034,.T.);
#7122 = ADVANCED_FACE('',(#7123),#7106,.F.);
#7123 = FACE_BOUND('',#7124,.T.);
#7124 = EDGE_LOOP('',(#7125));
#7125 = ORIENTED_EDGE('',*,*,#7091,.F.);
#7126 = MANIFOLD_SOLID_BREP('',#7127);
#7127 = CLOSED_SHELL('',(#7128,#7216,#7220));
#7128 = ADVANCED_FACE('',(#7129),#7142,.T.);
#7129 = FACE_BOUND('',#7130,.T.);
#7130 = EDGE_LOOP('',(#7131,#7165,#7188,#7215));
#7131 = ORIENTED_EDGE('',*,*,#7132,.F.);
#7132 = EDGE_CURVE('',#7133,#7133,#7135,.T.);
#7133 = VERTEX_POINT('',#7134);
#7134 = CARTESIAN_POINT('',(1.454E+03,1.05E+03,1.86E+03));
#7135 = SURFACE_CURVE('',#7136,(#7141,#7153),.PCURVE_S1.);
#7136 = CIRCLE('',#7137,6.);
#7137 = AXIS2_PLACEMENT_3D('',#7138,#7139,#7140);
#7138 = CARTESIAN_POINT('',(1.46E+03,1.05E+03,1.86E+03));
#7139 = DIRECTION('',(0.,0.,-1.));
#7140 = DIRECTION('',(-1.,0.,-0.));
#7141 = PCURVE('',#7142,#7147);
#7142 = CYLINDRICAL_SURFACE('',#7143,6.);
#7143 = AXIS2_PLACEMENT_3D('',#7144,#7145,#7146);
#7144 = CARTESIAN_POINT('',(1.46E+03,1.05E+03,2.57875E+03));
#7145 = DIRECTION('',(0.,0.,-1.));
#7146 = DIRECTION('',(-1.,0.,-0.));
#7147 = DEFINITIONAL_REPRESENTATION('',(#7148),#7152);
#7148 = LINE('',#7149,#7150);
#7149 = CARTESIAN_POINT('',(0.,718.75));
#7150 = VECTOR('',#7151,1.);
#7151 = DIRECTION('',(1.,0.));
#7152 = ( GEOMETRIC_REPRESENTATION_CONTEXT(2) 
PARAMETRIC_REPRESENTATION_CONTEXT() REPRESENTATION_CONTEXT('2D SPACE',''
  ) );
#7153 = PCURVE('',#7154,#7159);
#7154 = PLANE('',#7155);
#7155 = AXIS2_PLACEMENT_3D('',#7156,#7157,#7158);
#7156 = CARTESIAN_POINT('',(1.46E+03,1.05E+03,1.86E+03));
#7157 = DIRECTION('',(0.,0.,-1.));
#7158 = DIRECTION('',(-1.,0.,-0.));
#7159 = DEFINITIONAL_REPRESENTATION('',(#7160),#7164);
#7160 = CIRCLE('',#7161,6.);
#7161 = AXIS2_PLACEMENT_2D('',#7162,#7163);
#7162 = CARTESIAN_POINT('',(0.,0.));
#7163 = DIRECTION('',(1.,0.));
#7164 = ( GEOMETRIC_REPRESENTATION_CONTEXT(2) 
PARAMETRIC_REPRESENTATION_CONTEXT() REPRESENTATION_CONTEXT('2D SPACE',''
  ) );
#7165 = ORIENTED_EDGE('',*,*,#7166,.F.);
#7166 = EDGE_CURVE('',#7167,#7133,#7169,.T.);
#7167 = VERTEX_POINT('',#7168);
#7168 = CARTESIAN_POINT('',(1.454E+03,1.05E+03,2.57875E+03));
#7169 = SEAM_CURVE('',#7170,(#7174,#7181),.PCURVE_S1.);
#7170 = LINE('',#7171,#7172);
#7171 = CARTESIAN_POINT('',(1.454E+03,1.05E+03,2.57875E+03));
#7172 = VECTOR('',#7173,1.);
#7173 = DIRECTION('',(0.,0.,-1.));
#7174 = PCURVE('',#7142,#7175);
#7175 = DEFINITIONAL_REPRESENTATION('',(#7176),#7180);
#7176 = LINE('',#7177,#7178);
#7177 = CARTESIAN_POINT('',(6.28318530718,-0.));
#7178 = VECTOR('',#7179,1.);
#7179 = DIRECTION('',(0.,1.));
#7180 = ( GEOMETRIC_REPRESENTATION_CONTEXT(2) 
PARAMETRIC_REPRESENTATION_CONTEXT() REPRESENTATION_CONTEXT('2D SPACE',''
  ) );
#7181 = PCURVE('',#7142,#7182);
#7182 = DEFINITIONAL_REPRESENTATION('',(#7183),#7187);
#7183 = LINE('',#7184,#7185);
#7184 = CARTESIAN_POINT('',(0.,-0.));
#7185 = VECTOR('',#7186,1.);
#7186 = DIRECTION('',(0.,1.));
#7187 = ( GEOMETRIC_REPRESENTATION_CONTEXT(2) 
PARAMETRIC_REPRESENTATION_CONTEXT() REPRESENTATION_CONTEXT('2D SPACE',''
  ) );
#7188 = ORIENTED_EDGE('',*,*,#7189,.T.);
#7189 = EDGE_CURVE('',#7167,#7167,#7190,.T.);
#7190 = SURFACE_CURVE('',#7191,(#7196,#7203),.PCURVE_S1.);
#7191 = CIRCLE('',#7192,6.);
#7192 = AXIS2_PLACEMENT_3D('',#7193,#7194,#7195);
#7193 = CARTESIAN_POINT('',(1.46E+03,1.05E+03,2.57875E+03));
#7194 = DIRECTION('',(0.,0.,-1.));
#7195 = DIRECTION('',(-1.,0.,-0.));
#7196 = PCURVE('',#7142,#7197);
#7197 = DEFINITIONAL_REPRESENTATION('',(#7198),#7202);
#7198 = LINE('',#7199,#7200);
#7199 = CARTESIAN_POINT('',(0.,0.));
#7200 = VECTOR('',#7201,1.);
#7201 = DIRECTION('',(1.,0.));
#7202 = ( GEOMETRIC_REPRESENTATION_CONTEXT(2) 
PARAMETRIC_REPRESENTATION_CONTEXT() REPRESENTATION_CONTEXT('2D SPACE',''
  ) );
#7203 = PCURVE('',#7204,#7209);
#7204 = PLANE('',#7205);
#7205 = AXIS2_PLACEMENT_3D('',#7206,#7207,#7208);
#7206 = CARTESIAN_POINT('',(1.46E+03,1.05E+03,2.57875E+03));
#7207 = DIRECTION('',(0.,0.,-1.));
#7208 = DIRECTION('',(-1.,0.,-0.));
#7209 = DEFINITIONAL_REPRESENTATION('',(#7210),#7214);
#7210 = CIRCLE('',#7211,6.);
#7211 = AXIS2_PLACEMENT_2D('',#7212,#7213);
#7212 = CARTESIAN_POINT('',(0.,0.));
#7213 = DIRECTION('',(1.,0.));
#7214 = ( GEOMETRIC_REPRESENTATION_CONTEXT(2) 
PARAMETRIC_REPRESENTATION_CONTEXT() REPRESENTATION_CONTEXT('2D SPACE',''
  ) );
#7215 = ORIENTED_EDGE('',*,*,#7166,.T.);
#7216 = ADVANCED_FACE('',(#7217),#7154,.T.);
#7217 = FACE_BOUND('',#7218,.T.);
#7218 = EDGE_LOOP('',(#7219));
#7219 = ORIENTED_EDGE('',*,*,#7132,.T.);
#7220 = ADVANCED_FACE('',(#7221),#7204,.F.);
#7221 = FACE_BOUND('',#7222,.T.);
#7222 = EDGE_LOOP('',(#7223));
#7223 = ORIENTED_EDGE('',*,*,#7189,.F.);
#7224 = ( GEOMETRIC_REPRESENTATION_CONTEXT(3) 
GLOBAL_UNCERTAINTY_ASSIGNED_CONTEXT((#7228)) 
GLOBAL_UNIT_ASSIGNED_CONTEXT((#7225,#7226,#7227)) REPRESENTATION_CONTEXT
('Context #1','3D Context with UNIT and UNCERTAINTY') );
#7225 = ( LENGTH_UNIT() NAMED_UNIT(*) SI_UNIT(.MILLI.,.METRE.) );
#7226 = ( NAMED_UNIT(*) PLANE_ANGLE_UNIT() SI_UNIT($,.RADIAN.) );
#7227 = ( NAMED_UNIT(*) SI_UNIT($,.STERADIAN.) SOLID_ANGLE_UNIT() );
#7228 = UNCERTAINTY_MEASURE_WITH_UNIT(LENGTH_MEASURE(5.E-07),#7225,
  'distance_accuracy_value','confusion accuracy');
#7229 = CONTEXT_DEPENDENT_SHAPE_REPRESENTATION(#7230,#7232);
#7230 = ( REPRESENTATION_RELATIONSHIP('','',#6739,#10) 
REPRESENTATION_RELATIONSHIP_WITH_TRANSFORMATION(#7231) 
SHAPE_REPRESENTATION_RELATIONSHIP() );
#7231 = ITEM_DEFINED_TRANSFORMATION('','',#11,#35);
#7232 = PRODUCT_DEFINITION_SHAPE('Placement','Placement of an item',
  #7233);
#7233 = NEXT_ASSEMBLY_USAGE_OCCURRENCE('24','=>[0:1:1:7]','',#5,#6734,$
  );
#7234 = PRODUCT_RELATED_PRODUCT_CATEGORY('part',$,(#6736));
ENDSEC;
END-ISO-10303-21;
